year_window,GEOID,age_band,estimate,moe,weighted_estimate,weighted_moe,pct_in,tract_name
2005-2009,26161400100,total,996,169,996.0,169.0,100.0,Census Tract 4001
2005-2009,26161400100,0-4,0,154.14927829866735,0.0,154.1,100.0,Census Tract 4001
2005-2009,26161400100,5-9,0,154.14927829866735,0.0,154.1,100.0,Census Tract 4001
2005-2009,26161400100,10-14,0,154.14927829866735,0.0,154.1,100.0,Census Tract 4001
2005-2009,26161400100,15-17,0,154.14927829866735,0.0,154.1,100.0,Census Tract 4001
2005-2009,26161400200,total,8365,2283,8365.0,2283.0,100.0,Census Tract 4002
2005-2009,26161400200,0-4,0,154.14927829866735,0.0,154.1,100.0,Census Tract 4002
2005-2009,26161400200,5-9,0,154.14927829866735,0.0,154.1,100.0,Census Tract 4002
2005-2009,26161400200,10-14,0,154.14927829866735,0.0,154.1,100.0,Census Tract 4002
2005-2009,26161400200,15-17,393,251.18120948828957,393.0,251.2,100.0,Census Tract 4002
2005-2009,26161400300,total,5826,968,5826.0,968.0,100.0,Census Tract 4003
2005-2009,26161400300,0-4,47,33.28663395418648,47.0,33.3,100.0,Census Tract 4003
2005-2009,26161400300,5-9,8,109.65856099730655,8.0,109.7,100.0,Census Tract 4003
2005-2009,26161400300,10-14,44,114.48143954370944,44.0,114.5,100.0,Census Tract 4003
2005-2009,26161400300,15-17,0,154.14927829866735,0.0,154.1,100.0,Census Tract 4003
2005-2009,26161400400,total,2925,392,2925.0,392.0,100.0,Census Tract 4004
2005-2009,26161400400,0-4,188,65.76473218982953,188.0,65.8,100.0,Census Tract 4004
2005-2009,26161400400,5-9,101,41.23105625617661,101.0,41.2,100.0,Census Tract 4004
2005-2009,26161400400,10-14,186,69.8927750200262,186.0,69.9,100.0,Census Tract 4004
2005-2009,26161400400,15-17,66,39.84971769034255,66.0,39.8,100.0,Census Tract 4004
2005-2009,26161400500,total,8390,1007,8390.0,1007.0,100.0,Census Tract 4005
2005-2009,26161400500,0-4,5,109.22453936730518,5.0,109.2,100.0,Census Tract 4005
2005-2009,26161400500,5-9,8,7.810249675906654,8.0,7.8,100.0,Census Tract 4005
2005-2009,26161400500,10-14,9,7.810249675906654,9.0,7.8,100.0,Census Tract 4005
2005-2009,26161400500,15-17,36,123.94353553130554,36.0,123.9,100.0,Census Tract 4005
2005-2009,26161400600,total,3937,405,3937.0,405.0,100.0,Census Tract 4006
2005-2009,26161400600,0-4,180,74.33034373659252,180.0,74.3,100.0,Census Tract 4006
2005-2009,26161400600,5-9,140,61.07372593840987,140.0,61.1,100.0,Census Tract 4006
2005-2009,26161400600,10-14,133,69.42621983083912,133.0,69.4,100.0,Census Tract 4006
2005-2009,26161400600,15-17,101,68.8839603971781,101.0,68.9,100.0,Census Tract 4006
2005-2009,26161400700,total,2090,250,2090.0,250.0,100.0,Census Tract 4007
2005-2009,26161400700,0-4,81,45.34313619501854,81.0,45.3,100.0,Census Tract 4007
2005-2009,26161400700,5-9,56,38.28837943815329,56.0,38.3,100.0,Census Tract 4007
2005-2009,26161400700,10-14,80,42.638011210655684,80.0,42.6,100.0,Census Tract 4007
2005-2009,26161400700,15-17,55,41.593268686170845,55.0,41.6,100.0,Census Tract 4007
2005-2009,26161400800,total,2512,608,2512.0,608.0,100.0,Census Tract 4008
2005-2009,26161400800,0-4,0,154.14927829866735,0.0,154.1,100.0,Census Tract 4008
2005-2009,26161400800,5-9,0,154.14927829866735,0.0,154.1,100.0,Census Tract 4008
2005-2009,26161400800,10-14,0,154.14927829866735,0.0,154.1,100.0,Census Tract 4008
2005-2009,26161400800,15-17,0,154.14927829866735,0.0,154.1,100.0,Census Tract 4008
2005-2009,26161402100,total,2915,351,2915.0,351.0,100.0,Census Tract 4021
2005-2009,26161402100,0-4,68,61.55485358604957,68.0,61.6,100.0,Census Tract 4021
2005-2009,26161402100,5-9,117,122.723265927859,117.0,122.7,100.0,Census Tract 4021
2005-2009,26161402100,10-14,112,108.90362712049587,112.0,108.9,100.0,Census Tract 4021
2005-2009,26161402100,15-17,54,35.608987629529715,54.0,35.6,100.0,Census Tract 4021
2005-2009,26161402200,total,5335,2226,5335.0,2226.0,100.0,Census Tract 4022
2005-2009,26161402200,0-4,5,109.37092849564733,5.0,109.4,100.0,Census Tract 4022
2005-2009,26161402200,5-9,0,154.14927829866735,0.0,154.1,100.0,Census Tract 4022
2005-2009,26161402200,10-14,0,154.14927829866735,0.0,154.1,100.0,Census Tract 4022
2005-2009,26161402200,15-17,47,56.435804238089844,47.0,56.4,100.0,Census Tract 4022
2005-2009,26161402300,total,2404,389,2404.0,389.0,100.0,Census Tract 4023
2005-2009,26161402300,0-4,64,37.48332962798263,64.0,37.5,100.0,Census Tract 4023
2005-2009,26161402300,5-9,57,36.87817782917155,57.0,36.9,100.0,Census Tract 4023
2005-2009,26161402300,10-14,174,89.5377015563835,174.0,89.5,100.0,Census Tract 4023
2005-2009,26161402300,15-17,105,50.80354318352216,105.0,50.8,100.0,Census Tract 4023
2005-2009,26161402500,total,2261,185,2261.0,185.0,100.0,Census Tract 4025
2005-2009,26161402500,0-4,73,44.77722635447622,73.0,44.8,100.0,Census Tract 4025
2005-2009,26161402500,5-9,99,41.677331968349414,99.0,41.7,100.0,Census Tract 4025
2005-2009,26161402500,10-14,115,58.25804665451803,115.0,58.3,100.0,Census Tract 4025
2005-2009,26161402500,15-17,80,39.92492955535426,80.0,39.9,100.0,Census Tract 4025
2005-2009,26161402600,total,2402,284,2402.0,284.0,100.0,Census Tract 4026
2005-2009,26161402600,0-4,457,113.22985472038722,457.0,113.2,100.0,Census Tract 4026
2005-2009,26161402600,5-9,256,90.50966799187808,256.0,90.5,100.0,Census Tract 4026
2005-2009,26161402600,10-14,57,36.235341863986875,57.0,36.2,100.0,Census Tract 4026
2005-2009,26161402600,15-17,8,109.77249200050075,8.0,109.8,100.0,Census Tract 4026
2005-2009,26161402700,total,5181,355,5181.0,355.0,100.0,Census Tract 4027
2005-2009,26161402700,0-4,399,133.6899397860587,399.0,133.7,100.0,Census Tract 4027
2005-2009,26161402700,5-9,208,77.41446893184762,208.0,77.4,100.0,Census Tract 4027
2005-2009,26161402700,10-14,404,114.3372205364465,404.0,114.3,100.0,Census Tract 4027
2005-2009,26161402700,15-17,189,67.20863039818622,189.0,67.2,100.0,Census Tract 4027
2005-2009,26161403100,total,1604,90,1604.0,90.0,100.0,Census Tract 4031
2005-2009,26161403100,0-4,84,61.0,84.0,61.0,100.0,Census Tract 4031
2005-2009,26161403100,5-9,131,57.3149195236284,131.0,57.3,100.0,Census Tract 4031
2005-2009,26161403100,10-14,114,62.80127387243033,114.0,62.8,100.0,Census Tract 4031
2005-2009,26161403100,15-17,112,52.32590180780452,112.0,52.3,100.0,Census Tract 4031
2005-2009,26161403200,total,3017,185,3017.0,185.0,100.0,Census Tract 4032
2005-2009,26161403200,0-4,174,95.524865872714,174.0,95.5,100.0,Census Tract 4032
2005-2009,26161403200,5-9,169,95.48298277703728,169.0,95.5,100.0,Census Tract 4032
2005-2009,26161403200,10-14,147,85.6037382361308,147.0,85.6,100.0,Census Tract 4032
2005-2009,26161403200,15-17,31,32.449961479175904,31.0,32.4,100.0,Census Tract 4032
2005-2009,26161403300,total,3838,262,3838.0,262.0,100.0,Census Tract 4033
2005-2009,26161403300,0-4,206,68.26419266350405,206.0,68.3,100.0,Census Tract 4033
2005-2009,26161403300,5-9,249,76.4198926981712,249.0,76.4,100.0,Census Tract 4033
2005-2009,26161403300,10-14,188,76.27581530209952,188.0,76.3,100.0,Census Tract 4033
2005-2009,26161403300,15-17,162,62.625873247404705,162.0,62.6,100.0,Census Tract 4033
2005-2009,26161403400,total,2885,222,2885.0,222.0,100.0,Census Tract 4034
2005-2009,26161403400,0-4,217,86.6083136886985,217.0,86.6,100.0,Census Tract 4034
2005-2009,26161403400,5-9,158,66.70832032063166,158.0,66.7,100.0,Census Tract 4034
2005-2009,26161403400,10-14,136,63.60031446463138,136.0,63.6,100.0,Census Tract 4034
2005-2009,26161403400,15-17,47,28.284271247461902,47.0,28.3,100.0,Census Tract 4034
2005-2009,26161403500,total,2723,298,2723.0,298.0,100.0,Census Tract 4035
2005-2009,26161403500,0-4,165,74.62573282722255,165.0,74.6,100.0,Census Tract 4035
2005-2009,26161403500,5-9,125,63.655321851358195,125.0,63.7,100.0,Census Tract 4035
2005-2009,26161403500,10-14,113,66.48308055437865,113.0,66.5,100.0,Census Tract 4035
2005-2009,26161403500,15-17,46,29.732137494637012,46.0,29.7,100.0,Census Tract 4035
2005-2009,26161403600,total,4450,363,4450.0,363.0,100.0,Census Tract 4036
2005-2009,26161403600,0-4,108,56.639209034025185,108.0,56.6,100.0,Census Tract 4036
2005-2009,26161403600,5-9,190,82.975900115636,190.0,83.0,100.0,Census Tract 4036
2005-2009,26161403600,10-14,306,87.6812408671319,306.0,87.7,100.0,Census Tract 4036
2005-2009,26161403600,15-17,120,65.7419196555744,120.0,65.7,100.0,Census Tract 4036
2005-2009,26161403800,total,2880,244,2880.0,244.0,100.0,Census Tract 4038
2005-2009,26161403800,0-4,230,91.21403400793103,230.0,91.2,100.0,Census Tract 4038
2005-2009,26161403800,5-9,193,79.40403012442127,193.0,79.4,100.0,Census Tract 4038
2005-2009,26161403800,10-14,146,70.43436661176133,146.0,70.4,100.0,Census Tract 4038
2005-2009,26161403800,15-17,136,64.38167441127949,136.0,64.4,100.0,Census Tract 4038
2005-2009,26161404100,total,2996,265,2996.0,265.0,100.0,Census Tract 4041
2005-2009,26161404100,0-4,130,48.60041152089146,130.0,48.6,100.0,Census Tract 4041
2005-2009,26161404100,5-9,202,71.02816342831905,202.0,71.0,100.0,Census Tract 4041
2005-2009,26161404100,10-14,129,62.128898268036274,129.0,62.1,100.0,Census Tract 4041
2005-2009,26161404100,15-17,167,75.07329751649382,167.0,75.1,100.0,Census Tract 4041
2005-2009,26161404200,total,1790,184,1790.0,184.0,100.0,Census Tract 4042
2005-2009,26161404200,0-4,96,64.8459713474939,96.0,64.8,100.0,Census Tract 4042
2005-2009,26161404200,5-9,15,19.1049731745428,15.0,19.1,100.0,Census Tract 4042
2005-2009,26161404200,10-14,68,52.20153254455275,68.0,52.2,100.0,Census Tract 4042
2005-2009,26161404200,15-17,87,56.22277118748239,87.0,56.2,100.0,Census Tract 4042
2005-2009,26161404300,total,2666,164,2666.0,164.0,100.0,Census Tract 4043
2005-2009,26161404300,0-4,111,59.54829972383762,111.0,59.5,100.0,Census Tract 4043
2005-2009,26161404300,5-9,174,76.32168761236873,174.0,76.3,100.0,Census Tract 4043
2005-2009,26161404300,10-14,263,89.35882720806042,263.0,89.4,100.0,Census Tract 4043
2005-2009,26161404300,15-17,116,53.075418038862395,116.0,53.1,100.0,Census Tract 4043
2005-2009,26161404400,total,3158,1153,3158.0,1153.0,100.0,Census Tract 4044
2005-2009,26161404400,0-4,97,47.38143096192853,97.0,47.4,100.0,Census Tract 4044
2005-2009,26161404400,5-9,221,90.2108640907513,221.0,90.2,100.0,Census Tract 4044
2005-2009,26161404400,10-14,283,87.8179936004006,283.0,87.8,100.0,Census Tract 4044
2005-2009,26161404400,15-17,64,45.650848842053314,64.0,45.7,100.0,Census Tract 4044
2005-2009,26161404500,total,3931,351,3931.0,351.0,100.0,Census Tract 4045
2005-2009,26161404500,0-4,173,94.30270409696637,173.0,94.3,100.0,Census Tract 4045
2005-2009,26161404500,5-9,71,40.49691346263318,71.0,40.5,100.0,Census Tract 4045
2005-2009,26161404500,10-14,101,66.64833081180653,101.0,66.6,100.0,Census Tract 4045
2005-2009,26161404500,15-17,128,98.03060746521976,128.0,98.0,100.0,Census Tract 4045
2005-2009,26161404600,total,3889,497,3889.0,497.0,100.0,Census Tract 4046
2005-2009,26161404600,0-4,158,79.63039620647382,158.0,79.6,100.0,Census Tract 4046
2005-2009,26161404600,5-9,224,91.8313671900838,224.0,91.8,100.0,Census Tract 4046
2005-2009,26161404600,10-14,125,55.15432893255071,125.0,55.2,100.0,Census Tract 4046
2005-2009,26161404600,15-17,106,121.64292005702593,106.0,121.6,100.0,Census Tract 4046
2005-2009,26161405100,total,2131,194,2131.0,194.0,100.0,Census Tract 4051
2005-2009,26161405100,0-4,220,77.8331548891602,220.0,77.8,100.0,Census Tract 4051
2005-2009,26161405100,5-9,111,91.80958555619343,111.0,91.8,100.0,Census Tract 4051
2005-2009,26161405100,10-14,48,46.84015371452148,48.0,46.8,100.0,Census Tract 4051
2005-2009,26161405100,15-17,39,118.30891766895681,39.0,118.3,100.0,Census Tract 4051
2005-2009,26161405200,total,4902,354,4902.0,354.0,100.0,Census Tract 4052
2005-2009,26161405200,0-4,444,155.8717421471897,444.0,155.9,100.0,Census Tract 4052
2005-2009,26161405200,5-9,228,109.12378292562992,228.0,109.1,100.0,Census Tract 4052
2005-2009,26161405200,10-14,214,93.50935782048766,214.0,93.5,100.0,Census Tract 4052
2005-2009,26161405200,15-17,101,68.15423684555496,101.0,68.2,100.0,Census Tract 4052
2005-2009,26161405300,total,4648,414,4648.0,414.0,100.0,Census Tract 4053
2005-2009,26161405300,0-4,129,57.801384066473695,129.0,57.8,100.0,Census Tract 4053
2005-2009,26161405300,5-9,258,67.67569726275453,258.0,67.7,100.0,Census Tract 4053
2005-2009,26161405300,10-14,455,99.24716620639603,455.0,99.2,100.0,Census Tract 4053
2005-2009,26161405300,15-17,296,101.01980003939822,296.0,101.0,100.0,Census Tract 4053
2005-2009,26161405400,total,2042,178,2042.0,178.0,100.0,Census Tract 4054
2005-2009,26161405400,0-4,104,73.43023900274328,104.0,73.4,100.0,Census Tract 4054
2005-2009,26161405400,5-9,155,84.72307831990054,155.0,84.7,100.0,Census Tract 4054
2005-2009,26161405400,10-14,135,49.51767361255979,135.0,49.5,100.0,Census Tract 4054
2005-2009,26161405400,15-17,35,113.6001760562016,35.0,113.6,100.0,Census Tract 4054
2005-2009,26161405500,total,2288,181,2288.0,181.0,100.0,Census Tract 4055
2005-2009,26161405500,0-4,172,66.84309986827361,172.0,66.8,100.0,Census Tract 4055
2005-2009,26161405500,5-9,105,57.4543296888929,105.0,57.5,100.0,Census Tract 4055
2005-2009,26161405500,10-14,82,50.47771785649585,82.0,50.5,100.0,Census Tract 4055
2005-2009,26161405500,15-17,83,54.644304369257014,83.0,54.6,100.0,Census Tract 4055
2005-2009,26161405600,total,4104,351,4104.0,351.0,100.0,Census Tract 4056
2005-2009,26161405600,0-4,393,168.34488409215174,393.0,168.3,100.0,Census Tract 4056
2005-2009,26161405600,5-9,245,99.15644204992432,245.0,99.2,100.0,Census Tract 4056
2005-2009,26161405600,10-14,303,109.98636279102968,303.0,110.0,100.0,Census Tract 4056
2005-2009,26161405600,15-17,112,54.037024344425184,112.0,54.0,100.0,Census Tract 4056
2005-2009,26161406000,total,3643,204,3643.0,204.0,100.0,Census Tract 4060
2005-2009,26161406000,0-4,151,72.18032973047434,151.0,72.2,100.0,Census Tract 4060
2005-2009,26161406000,5-9,298,94.92101980067429,298.0,94.9,100.0,Census Tract 4060
2005-2009,26161406000,10-14,288,86.81589716175257,288.0,86.8,100.0,Census Tract 4060
2005-2009,26161406000,15-17,85,53.85164807134503,85.0,53.9,100.0,Census Tract 4060
2005-2009,26161407000,total,5214,296,1788.4,101.5,34.3,Census Tract 4070
2005-2009,26161407000,0-4,180,87.32124598286491,61.7,30.0,34.3,Census Tract 4070
2005-2009,26161407000,5-9,236,89.49860334105779,80.9,30.7,34.3,Census Tract 4070
2005-2009,26161407000,10-14,497,134.79243302203577,170.5,46.2,34.3,Census Tract 4070
2005-2009,26161407000,15-17,228,96.56603957913984,78.2,33.1,34.3,Census Tract 4070
2005-2009,26161414000,total,4199,1255,4199.0,1255.0,100.0,Census Tract 4140
2005-2009,26161414000,0-4,170,75.28612089887484,170.0,75.3,100.0,Census Tract 4140
2005-2009,26161414000,5-9,130,103.8123306741545,130.0,103.8,100.0,Census Tract 4140
2005-2009,26161414000,10-14,101,56.302753041036986,101.0,56.3,100.0,Census Tract 4140
2005-2009,26161414000,15-17,69,48.3735464897913,69.0,48.4,100.0,Census Tract 4140
2005-2009,26161414200,total,2898,227,2898.0,227.0,100.0,Census Tract 4142
2005-2009,26161414200,0-4,190,107.91200118615167,190.0,107.9,100.0,Census Tract 4142
2005-2009,26161414200,5-9,151,73.24616030891994,151.0,73.2,100.0,Census Tract 4142
2005-2009,26161414200,10-14,124,57.14017850864661,124.0,57.1,100.0,Census Tract 4142
2005-2009,26161414200,15-17,56,113.32254850646451,56.0,113.3,100.0,Census Tract 4142
2005-2009,26161414300,total,2869,458,2869.0,458.0,100.0,Census Tract 4143
2005-2009,26161414300,0-4,210,89.27485648266257,210.0,89.3,100.0,Census Tract 4143
2005-2009,26161414300,5-9,206,76.48529270389176,206.0,76.5,100.0,Census Tract 4143
2005-2009,26161414300,10-14,100,57.201398584300364,100.0,57.2,100.0,Census Tract 4143
2005-2009,26161414300,15-17,112,69.46221994724903,112.0,69.5,100.0,Census Tract 4143
2005-2009,26161414500,total,2652,305,2652.0,305.0,100.0,Census Tract 4145
2005-2009,26161414500,0-4,111,65.06919393998976,111.0,65.1,100.0,Census Tract 4145
2005-2009,26161414500,5-9,195,61.84658438426491,195.0,61.8,100.0,Census Tract 4145
2005-2009,26161414500,10-14,197,78.10249675906654,197.0,78.1,100.0,Census Tract 4145
2005-2009,26161414500,15-17,129,62.42595614005443,129.0,62.4,100.0,Census Tract 4145
2005-2009,26161414700,total,1792,510,1792.0,510.0,100.0,Census Tract 4147
2005-2009,26161414700,0-4,18,113.32254850646451,18.0,113.3,100.0,Census Tract 4147
2005-2009,26161414700,5-9,48,124.42266674525185,48.0,124.4,100.0,Census Tract 4147
2005-2009,26161414700,10-14,19,21.93171219946131,19.0,21.9,100.0,Census Tract 4147
2005-2009,26161414700,15-17,4,109.29318368498558,4.0,109.3,100.0,Census Tract 4147
2005-2009,26161414900,total,3842,386,3842.0,386.0,100.0,Census Tract 4149
2005-2009,26161414900,0-4,409,107.5174404457249,409.0,107.5,100.0,Census Tract 4149
2005-2009,26161414900,5-9,445,87.78382538941898,445.0,87.8,100.0,Census Tract 4149
2005-2009,26161414900,10-14,403,95.69221493935649,403.0,95.7,100.0,Census Tract 4149
2005-2009,26161414900,15-17,189,74.95331880577403,189.0,75.0,100.0,Census Tract 4149
2005-2009,26161415200,total,1776,255,1776.0,255.0,100.0,Census Tract 4152
2005-2009,26161415200,0-4,86,60.41522986797286,86.0,60.4,100.0,Census Tract 4152
2005-2009,26161415200,5-9,54,43.9089968002003,54.0,43.9,100.0,Census Tract 4152
2005-2009,26161415200,10-14,51,40.0,51.0,40.0,100.0,Census Tract 4152
2005-2009,26161415200,15-17,36,31.827660925679098,36.0,31.8,100.0,Census Tract 4152
2005-2009,26161415400,total,1176,244,824.4,171.0,70.1,Census Tract 4154
2005-2009,26161415400,0-4,41,40.22437072223753,28.7,28.2,70.1,Census Tract 4154
2005-2009,26161415400,5-9,88,77.80102827083971,61.7,54.5,70.1,Census Tract 4154
2005-2009,26161415400,10-14,18,112.29425630903836,12.6,78.7,70.1,Census Tract 4154
2005-2009,26161415400,15-17,18,112.05802068571442,12.6,78.6,70.1,Census Tract 4154
2005-2009,26161415600,total,1840,182,388.2,38.4,21.1,Census Tract 4156
2005-2009,26161415600,0-4,186,88.76936408468859,39.2,18.7,21.1,Census Tract 4156
2005-2009,26161415600,5-9,116,56.302753041036986,24.5,11.9,21.1,Census Tract 4156
2005-2009,26161415600,10-14,205,63.702433234531945,43.3,13.4,21.1,Census Tract 4156
2005-2009,26161415600,15-17,122,56.85068161420759,25.7,12.0,21.1,Census Tract 4156
2005-2009,26161415800,total,3168,365,1169.0,134.7,36.9,Census Tract 4158
2005-2009,26161415800,0-4,234,79.0253124005214,86.3,29.2,36.9,Census Tract 4158
2005-2009,26161415800,5-9,264,70.7248188403477,97.4,26.1,36.9,Census Tract 4158
2005-2009,26161415800,10-14,265,73.59347797189639,97.8,27.2,36.9,Census Tract 4158
2005-2009,26161415800,15-17,193,65.29931086925804,71.2,24.1,36.9,Census Tract 4158
2005-2009,26161416000,total,3092,360,3092.0,360.0,100.0,Census Tract 4160
2005-2009,26161416000,0-4,458,147.85127662620977,458.0,147.9,100.0,Census Tract 4160
2005-2009,26161416000,5-9,308,120.93386622447824,308.0,120.9,100.0,Census Tract 4160
2005-2009,26161416000,10-14,174,64.20280367709809,174.0,64.2,100.0,Census Tract 4160
2005-2009,26161416000,15-17,118,71.28113354878695,118.0,71.3,100.0,Census Tract 4160
2005-2009,26161416200,total,3280,350,590.4,63.0,18.0,Census Tract 4162
2005-2009,26161416200,0-4,222,78.89233169326408,40.0,14.2,18.0,Census Tract 4162
2005-2009,26161416200,5-9,294,86.27861844049198,52.9,15.5,18.0,Census Tract 4162
2005-2009,26161416200,10-14,227,66.37017402418047,40.9,11.9,18.0,Census Tract 4162
2005-2009,26161416200,15-17,156,61.55485358604957,28.1,11.1,18.0,Census Tract 4162
2005-2009,26161425000,total,4272,213,1738.7,86.7,40.7,Census Tract 4250
2005-2009,26161425000,0-4,145,75.00000000000001,59.0,30.5,40.7,Census Tract 4250
2005-2009,26161425000,5-9,190,65.94694837519017,77.3,26.8,40.7,Census Tract 4250
2005-2009,26161425000,10-14,340,108.20813278122858,138.4,44.0,40.7,Census Tract 4250
2005-2009,26161425000,15-17,325,100.20977996183805,132.3,40.8,40.7,Census Tract 4250
2005-2009,26161453000,total,5133,245,3670.1,175.2,71.5,Census Tract 4530
2005-2009,26161453000,0-4,192,80.2807573457052,137.3,57.4,71.5,Census Tract 4530
2005-2009,26161453000,5-9,275,75.80237463298891,196.6,54.2,71.5,Census Tract 4530
2005-2009,26161453000,10-14,438,109.71326264403953,313.2,78.4,71.5,Census Tract 4530
2005-2009,26161453000,15-17,311,86.97700845625815,222.4,62.2,71.5,Census Tract 4530
2005-2009,26161455000,total,4282,234,1588.6,86.8,37.1,Census Tract 4550
2005-2009,26161455000,0-4,214,78.5175139698144,79.4,29.1,37.1,Census Tract 4550
2005-2009,26161455000,5-9,279,85.58621384311844,103.5,31.8,37.1,Census Tract 4550
2005-2009,26161455000,10-14,444,129.46814279968643,164.7,48.0,37.1,Census Tract 4550
2005-2009,26161455000,15-17,137,56.22277118748239,50.8,20.9,37.1,Census Tract 4550
2005-2009,26161456000,total,5076,246,5076.0,246.0,100.0,Census Tract 4560
2005-2009,26161456000,0-4,603,146.3488981851247,603.0,146.3,100.0,Census Tract 4560
2005-2009,26161456000,5-9,511,128.5496013218244,511.0,128.5,100.0,Census Tract 4560
2005-2009,26161456000,10-14,396,111.8659912573969,396.0,111.9,100.0,Census Tract 4560
2005-2009,26161456000,15-17,213,77.80102827083971,213.0,77.8,100.0,Census Tract 4560
2005-2009,26161461000,total,6162,19,573.1,1.8,9.3,Census Tract 4610
2005-2009,26161461000,0-4,367,128.41339493993604,34.1,11.9,9.3,Census Tract 4610
2005-2009,26161461000,5-9,531,150.69505632236246,49.4,14.0,9.3,Census Tract 4610
2005-2009,26161461000,10-14,639,138.67948658687772,59.4,12.9,9.3,Census Tract 4610
2005-2009,26161461000,15-17,393,113.45483682946268,36.5,10.6,9.3,Census Tract 4610
2005-2009,26161464000,total,6601,24,349.9,1.3,5.3,Census Tract 4640
2005-2009,26161464000,0-4,352,109.22453936730518,18.7,5.8,5.3,Census Tract 4640
2005-2009,26161464000,5-9,236,92.84934033152847,12.5,4.9,5.3,Census Tract 4640
2005-2009,26161464000,10-14,571,152.43359209832983,30.3,8.1,5.3,Census Tract 4640
2005-2009,26161464000,15-17,336,131.79529581893277,17.8,7.0,5.3,Census Tract 4640
2005-2009,26161466000,total,2100,235,315.0,35.2,15.0,Census Tract 4660
2005-2009,26161466000,0-4,86,54.37830449729009,12.9,8.2,15.0,Census Tract 4660
2005-2009,26161466000,5-9,133,66.21178142898741,19.9,9.9,15.0,Census Tract 4660
2005-2009,26161466000,10-14,210,63.702433234531945,31.5,9.6,15.0,Census Tract 4660
2005-2009,26161466000,15-17,63,112.05802068571442,9.4,16.8,15.0,Census Tract 4660
2006-2010,26161400100,total,1156,227,1156.0,227.0,100.0,Census Tract 4001
2006-2010,26161400100,0-4,0,154.14927829866735,0.0,154.1,100.0,Census Tract 4001
2006-2010,26161400100,5-9,0,154.14927829866735,0.0,154.1,100.0,Census Tract 4001
2006-2010,26161400100,10-14,0,154.14927829866735,0.0,154.1,100.0,Census Tract 4001
2006-2010,26161400100,15-17,0,154.14927829866735,0.0,154.1,100.0,Census Tract 4001
2006-2010,26161400200,total,8465,2071,8465.0,2071.0,100.0,Census Tract 4002
2006-2010,26161400200,0-4,0,154.14927829866735,0.0,154.1,100.0,Census Tract 4002
2006-2010,26161400200,5-9,0,154.14927829866735,0.0,154.1,100.0,Census Tract 4002
2006-2010,26161400200,10-14,0,154.14927829866735,0.0,154.1,100.0,Census Tract 4002
2006-2010,26161400200,15-17,389,214.85343841791314,389.0,214.9,100.0,Census Tract 4002
2006-2010,26161400300,total,5656,761,5656.0,761.0,100.0,Census Tract 4003
2006-2010,26161400300,0-4,23,24.698178070456937,23.0,24.7,100.0,Census Tract 4003
2006-2010,26161400300,5-9,0,154.14927829866735,0.0,154.1,100.0,Census Tract 4003
2006-2010,26161400300,10-14,24,113.88590782006348,24.0,113.9,100.0,Census Tract 4003
2006-2010,26161400300,15-17,0,154.14927829866735,0.0,154.1,100.0,Census Tract 4003
2006-2010,26161400400,total,3153,461,3153.0,461.0,100.0,Census Tract 4004
2006-2010,26161400400,0-4,180,68.24954212300621,180.0,68.2,100.0,Census Tract 4004
2006-2010,26161400400,5-9,138,50.60632371551998,138.0,50.6,100.0,Census Tract 4004
2006-2010,26161400400,10-14,159,68.5054742338158,159.0,68.5,100.0,Census Tract 4004
2006-2010,26161400400,15-17,56,117.17508267545621,56.0,117.2,100.0,Census Tract 4004
2006-2010,26161400500,total,6644,965,6644.0,965.0,100.0,Census Tract 4005
2006-2010,26161400500,0-4,9,109.5536398299938,9.0,109.6,100.0,Census Tract 4005
2006-2010,26161400500,5-9,12,11.31370849898476,12.0,11.3,100.0,Census Tract 4005
2006-2010,26161400500,10-14,6,109.29318368498558,6.0,109.3,100.0,Census Tract 4005
2006-2010,26161400500,15-17,0,154.14927829866735,0.0,154.1,100.0,Census Tract 4005
2006-2010,26161400600,total,4200,364,4200.0,364.0,100.0,Census Tract 4006
2006-2010,26161400600,0-4,168,81.83520025025905,168.0,81.8,100.0,Census Tract 4006
2006-2010,26161400600,5-9,149,55.44366510251645,149.0,55.4,100.0,Census Tract 4006
2006-2010,26161400600,10-14,133,74.24284477308233,133.0,74.2,100.0,Census Tract 4006
2006-2010,26161400600,15-17,129,76.15773105863909,129.0,76.2,100.0,Census Tract 4006
2006-2010,26161400700,total,2117,228,2117.0,228.0,100.0,Census Tract 4007
2006-2010,26161400700,0-4,88,45.967379738244816,88.0,46.0,100.0,Census Tract 4007
2006-2010,26161400700,5-9,58,37.64306044943743,58.0,37.6,100.0,Census Tract 4007
2006-2010,26161400700,10-14,63,34.655446902326915,63.0,34.7,100.0,Census Tract 4007
2006-2010,26161400700,15-17,35,31.780497164141405,35.0,31.8,100.0,Census Tract 4007
2006-2010,26161400800,total,2285,488,2285.0,488.0,100.0,Census Tract 4008
2006-2010,26161400800,0-4,0,154.14927829866735,0.0,154.1,100.0,Census Tract 4008
2006-2010,26161400800,5-9,0,154.14927829866735,0.0,154.1,100.0,Census Tract 4008
2006-2010,26161400800,10-14,0,154.14927829866735,0.0,154.1,100.0,Census Tract 4008
2006-2010,26161400800,15-17,0,154.14927829866735,0.0,154.1,100.0,Census Tract 4008
2006-2010,26161402100,total,2812,364,2812.0,364.0,100.0,Census Tract 4021
2006-2010,26161402100,0-4,119,83.45058418010025,119.0,83.5,100.0,Census Tract 4021
2006-2010,26161402100,5-9,128,133.55523202031435,128.0,133.6,100.0,Census Tract 4021
2006-2010,26161402100,10-14,112,104.08650248711405,112.0,104.1,100.0,Census Tract 4021
2006-2010,26161402100,15-17,44,30.4138126514911,44.0,30.4,100.0,Census Tract 4021
2006-2010,26161402200,total,5168,1929,5168.0,1929.0,100.0,Census Tract 4022
2006-2010,26161402200,0-4,13,110.0272693471941,13.0,110.0,100.0,Census Tract 4022
2006-2010,26161402200,5-9,0,154.14927829866735,0.0,154.1,100.0,Census Tract 4022
2006-2010,26161402200,10-14,0,154.14927829866735,0.0,154.1,100.0,Census Tract 4022
2006-2010,26161402200,15-17,37,46.14108798023731,37.0,46.1,100.0,Census Tract 4022
2006-2010,26161402300,total,2836,767,2836.0,767.0,100.0,Census Tract 4023
2006-2010,26161402300,0-4,36,26.400757564888174,36.0,26.4,100.0,Census Tract 4023
2006-2010,26161402300,5-9,58,38.89730067755345,58.0,38.9,100.0,Census Tract 4023
2006-2010,26161402300,10-14,139,53.00943312279429,139.0,53.0,100.0,Census Tract 4023
2006-2010,26161402300,15-17,82,38.07886552931954,82.0,38.1,100.0,Census Tract 4023
2006-2010,26161402500,total,2206,210,2206.0,210.0,100.0,Census Tract 4025
2006-2010,26161402500,0-4,46,114.17968295629483,46.0,114.2,100.0,Census Tract 4025
2006-2010,26161402500,5-9,81,37.013511046643494,81.0,37.0,100.0,Census Tract 4025
2006-2010,26161402500,10-14,109,50.44799302251775,109.0,50.4,100.0,Census Tract 4025
2006-2010,26161402500,15-17,86,46.32493928760188,86.0,46.3,100.0,Census Tract 4025
2006-2010,26161402600,total,2352,268,2352.0,268.0,100.0,Census Tract 4026
2006-2010,26161402600,0-4,460,127.5617497528158,460.0,127.6,100.0,Census Tract 4026
2006-2010,26161402600,5-9,204,86.05230967266364,204.0,86.1,100.0,Census Tract 4026
2006-2010,26161402600,10-14,25,111.19802156513397,25.0,111.2,100.0,Census Tract 4026
2006-2010,26161402600,15-17,7,109.77249200050075,7.0,109.8,100.0,Census Tract 4026
2006-2010,26161402700,total,4914,333,4914.0,333.0,100.0,Census Tract 4027
2006-2010,26161402700,0-4,338,131.55227098001768,338.0,131.6,100.0,Census Tract 4027
2006-2010,26161402700,5-9,165,79.64923100695951,165.0,79.6,100.0,Census Tract 4027
2006-2010,26161402700,10-14,392,125.41929676090517,392.0,125.4,100.0,Census Tract 4027
2006-2010,26161402700,15-17,216,81.30190649671138,216.0,81.3,100.0,Census Tract 4027
2006-2010,26161403100,total,1563,93,1563.0,93.0,100.0,Census Tract 4031
2006-2010,26161403100,0-4,63,54.341512676774094,63.0,54.3,100.0,Census Tract 4031
2006-2010,26161403100,5-9,129,58.41232746604093,129.0,58.4,100.0,Census Tract 4031
2006-2010,26161403100,10-14,111,59.54829972383762,111.0,59.5,100.0,Census Tract 4031
2006-2010,26161403100,15-17,124,48.16637831516918,124.0,48.2,100.0,Census Tract 4031
2006-2010,26161403200,total,3047,202,3047.0,202.0,100.0,Census Tract 4032
2006-2010,26161403200,0-4,144,82.87943049997388,144.0,82.9,100.0,Census Tract 4032
2006-2010,26161403200,5-9,123,73.7563556583431,123.0,73.8,100.0,Census Tract 4032
2006-2010,26161403200,10-14,189,86.05230967266364,189.0,86.1,100.0,Census Tract 4032
2006-2010,26161403200,15-17,78,51.97114584074513,78.0,52.0,100.0,Census Tract 4032
2006-2010,26161403300,total,3932,198,3932.0,198.0,100.0,Census Tract 4033
2006-2010,26161403300,0-4,213,61.22091146005587,213.0,61.2,100.0,Census Tract 4033
2006-2010,26161403300,5-9,219,76.60939890117923,219.0,76.6,100.0,Census Tract 4033
2006-2010,26161403300,10-14,185,66.24198064671678,185.0,66.2,100.0,Census Tract 4033
2006-2010,26161403300,15-17,178,67.00746227100382,178.0,67.0,100.0,Census Tract 4033
2006-2010,26161403400,total,3138,183,3138.0,183.0,100.0,Census Tract 4034
2006-2010,26161403400,0-4,281,78.5175139698144,281.0,78.5,100.0,Census Tract 4034
2006-2010,26161403400,5-9,160,76.27581530209952,160.0,76.3,100.0,Census Tract 4034
2006-2010,26161403400,10-14,182,80.80841540334768,182.0,80.8,100.0,Census Tract 4034
2006-2010,26161403400,15-17,86,50.21951811795887,86.0,50.2,100.0,Census Tract 4034
2006-2010,26161403500,total,2860,303,2860.0,303.0,100.0,Census Tract 4035
2006-2010,26161403500,0-4,218,84.07734534343956,218.0,84.1,100.0,Census Tract 4035
2006-2010,26161403500,5-9,162,80.1311425102625,162.0,80.1,100.0,Census Tract 4035
2006-2010,26161403500,10-14,137,84.21995013059555,137.0,84.2,100.0,Census Tract 4035
2006-2010,26161403500,15-17,39,27.018512172212592,39.0,27.0,100.0,Census Tract 4035
2006-2010,26161403600,total,4527,371,4527.0,371.0,100.0,Census Tract 4036
2006-2010,26161403600,0-4,87,57.801384066473695,87.0,57.8,100.0,Census Tract 4036
2006-2010,26161403600,5-9,244,90.02777349240623,244.0,90.0,100.0,Census Tract 4036
2006-2010,26161403600,10-14,320,94.49338601193207,320.0,94.5,100.0,Census Tract 4036
2006-2010,26161403600,15-17,140,74.24957912338628,140.0,74.2,100.0,Census Tract 4036
2006-2010,26161403800,total,3122,235,3122.0,235.0,100.0,Census Tract 4038
2006-2010,26161403800,0-4,235,87.78382538941898,235.0,87.8,100.0,Census Tract 4038
2006-2010,26161403800,5-9,247,90.91754506144565,247.0,90.9,100.0,Census Tract 4038
2006-2010,26161403800,10-14,198,83.52843827104635,198.0,83.5,100.0,Census Tract 4038
2006-2010,26161403800,15-17,132,65.6048778674269,132.0,65.6,100.0,Census Tract 4038
2006-2010,26161404100,total,3164,214,3164.0,214.0,100.0,Census Tract 4041
2006-2010,26161404100,0-4,155,60.74537019394977,155.0,60.7,100.0,Census Tract 4041
2006-2010,26161404100,5-9,195,65.21502894272147,195.0,65.2,100.0,Census Tract 4041
2006-2010,26161404100,10-14,154,59.40538696111659,154.0,59.4,100.0,Census Tract 4041
2006-2010,26161404100,15-17,173,75.07329751649382,173.0,75.1,100.0,Census Tract 4041
2006-2010,26161404200,total,2013,163,2013.0,163.0,100.0,Census Tract 4042
2006-2010,26161404200,0-4,225,91.4166286842826,225.0,91.4,100.0,Census Tract 4042
2006-2010,26161404200,5-9,18,111.83022847155414,18.0,111.8,100.0,Census Tract 4042
2006-2010,26161404200,10-14,66,63.976558206893245,66.0,64.0,100.0,Census Tract 4042
2006-2010,26161404200,15-17,96,61.032778078668514,96.0,61.0,100.0,Census Tract 4042
2006-2010,26161404300,total,2777,194,2777.0,194.0,100.0,Census Tract 4043
2006-2010,26161404300,0-4,127,63.245553203367585,127.0,63.2,100.0,Census Tract 4043
2006-2010,26161404300,5-9,222,117.04699910719624,222.0,117.0,100.0,Census Tract 4043
2006-2010,26161404300,10-14,243,85.44003745317531,243.0,85.4,100.0,Census Tract 4043
2006-2010,26161404300,15-17,107,54.20332093147061,107.0,54.2,100.0,Census Tract 4043
2006-2010,26161404400,total,2889,768,2889.0,768.0,100.0,Census Tract 4044
2006-2010,26161404400,0-4,66,35.80502757993631,66.0,35.8,100.0,Census Tract 4044
2006-2010,26161404400,5-9,168,59.464274989274024,168.0,59.5,100.0,Census Tract 4044
2006-2010,26161404400,10-14,282,86.6083136886985,282.0,86.6,100.0,Census Tract 4044
2006-2010,26161404400,15-17,74,50.20956084253277,74.0,50.2,100.0,Census Tract 4044
2006-2010,26161404500,total,4701,422,4701.0,422.0,100.0,Census Tract 4045
2006-2010,26161404500,0-4,164,80.80841540334768,164.0,80.8,100.0,Census Tract 4045
2006-2010,26161404500,5-9,138,78.77182237323191,138.0,78.8,100.0,Census Tract 4045
2006-2010,26161404500,10-14,129,68.8839603971781,129.0,68.9,100.0,Census Tract 4045
2006-2010,26161404500,15-17,157,123.4908903522847,157.0,123.5,100.0,Census Tract 4045
2006-2010,26161404600,total,4168,331,4168.0,331.0,100.0,Census Tract 4046
2006-2010,26161404600,0-4,198,85.58621384311844,198.0,85.6,100.0,Census Tract 4046
2006-2010,26161404600,5-9,246,103.7304198391195,246.0,103.7,100.0,Census Tract 4046
2006-2010,26161404600,10-14,100,57.97413216254298,100.0,58.0,100.0,Census Tract 4046
2006-2010,26161404600,15-17,109,59.20304046246274,109.0,59.2,100.0,Census Tract 4046
2006-2010,26161405100,total,2112,193,2112.0,193.0,100.0,Census Tract 4051
2006-2010,26161405100,0-4,116,70.0357051795725,116.0,70.0,100.0,Census Tract 4051
2006-2010,26161405100,5-9,69,45.617978911828175,69.0,45.6,100.0,Census Tract 4051
2006-2010,26161405100,10-14,120,77.23341245859851,120.0,77.2,100.0,Census Tract 4051
2006-2010,26161405100,15-17,68,58.008620049092706,68.0,58.0,100.0,Census Tract 4051
2006-2010,26161405200,total,5240,348,5240.0,348.0,100.0,Census Tract 4052
2006-2010,26161405200,0-4,412,146.49232061783988,412.0,146.5,100.0,Census Tract 4052
2006-2010,26161405200,5-9,278,133.00375934536586,278.0,133.0,100.0,Census Tract 4052
2006-2010,26161405200,10-14,245,111.50336317797775,245.0,111.5,100.0,Census Tract 4052
2006-2010,26161405200,15-17,206,120.3536455617361,206.0,120.4,100.0,Census Tract 4052
2006-2010,26161405300,total,4870,336,4870.0,336.0,100.0,Census Tract 4053
2006-2010,26161405300,0-4,89,46.238512086787566,89.0,46.2,100.0,Census Tract 4053
2006-2010,26161405300,5-9,276,91.52595260361949,276.0,91.5,100.0,Census Tract 4053
2006-2010,26161405300,10-14,472,106.10372283760829,472.0,106.1,100.0,Census Tract 4053
2006-2010,26161405300,15-17,321,117.13667231059623,321.0,117.1,100.0,Census Tract 4053
2006-2010,26161405400,total,2032,196,2032.0,196.0,100.0,Census Tract 4054
2006-2010,26161405400,0-4,77,66.57326790837296,77.0,66.6,100.0,Census Tract 4054
2006-2010,26161405400,5-9,172,88.45903006477067,172.0,88.5,100.0,Census Tract 4054
2006-2010,26161405400,10-14,115,50.99019513592785,115.0,51.0,100.0,Census Tract 4054
2006-2010,26161405400,15-17,36,113.05308487608819,36.0,113.1,100.0,Census Tract 4054
2006-2010,26161405500,total,2416,192,2416.0,192.0,100.0,Census Tract 4055
2006-2010,26161405500,0-4,200,74.24957912338628,200.0,74.2,100.0,Census Tract 4055
2006-2010,26161405500,5-9,95,60.8276253029822,95.0,60.8,100.0,Census Tract 4055
2006-2010,26161405500,10-14,59,48.02082881417188,59.0,48.0,100.0,Census Tract 4055
2006-2010,26161405500,15-17,82,55.470712993434645,82.0,55.5,100.0,Census Tract 4055
2006-2010,26161405600,total,4461,326,4461.0,326.0,100.0,Census Tract 4056
2006-2010,26161405600,0-4,444,178.96647730790258,444.0,179.0,100.0,Census Tract 4056
2006-2010,26161405600,5-9,271,108.24509226750192,271.0,108.2,100.0,Census Tract 4056
2006-2010,26161405600,10-14,241,102.0,241.0,102.0,100.0,Census Tract 4056
2006-2010,26161405600,15-17,120,68.8839603971781,120.0,68.9,100.0,Census Tract 4056
2006-2010,26161406000,total,3361,233,3361.0,233.0,100.0,Census Tract 4060
2006-2010,26161406000,0-4,141,79.25906888173743,141.0,79.3,100.0,Census Tract 4060
2006-2010,26161406000,5-9,280,89.10667763978185,280.0,89.1,100.0,Census Tract 4060
2006-2010,26161406000,10-14,262,76.32168761236873,262.0,76.3,100.0,Census Tract 4060
2006-2010,26161406000,15-17,99,51.42956348249516,99.0,51.4,100.0,Census Tract 4060
2006-2010,26161407000,total,4931,313,1691.3,107.4,34.3,Census Tract 4070
2006-2010,26161407000,0-4,252,100.65783625729294,86.4,34.5,34.3,Census Tract 4070
2006-2010,26161407000,5-9,237,88.75246475450696,81.3,30.4,34.3,Census Tract 4070
2006-2010,26161407000,10-14,330,88.75246475450696,113.2,30.4,34.3,Census Tract 4070
2006-2010,26161407000,15-17,221,100.84641788382966,75.8,34.6,34.3,Census Tract 4070
2006-2010,26161414000,total,3699,936,3699.0,936.0,100.0,Census Tract 4140
2006-2010,26161414000,0-4,129,88.07383266328314,129.0,88.1,100.0,Census Tract 4140
2006-2010,26161414000,5-9,144,118.92854997854805,144.0,118.9,100.0,Census Tract 4140
2006-2010,26161414000,10-14,47,49.64876634922563,47.0,49.6,100.0,Census Tract 4140
2006-2010,26161414000,15-17,83,59.77457653551383,83.0,59.8,100.0,Census Tract 4140
2006-2010,26161414200,total,2936,346,2936.0,346.0,100.0,Census Tract 4142
2006-2010,26161414200,0-4,182,108.55873986004073,182.0,108.6,100.0,Census Tract 4142
2006-2010,26161414200,5-9,153,66.60330322138685,153.0,66.6,100.0,Census Tract 4142
2006-2010,26161414200,10-14,152,69.46221994724903,152.0,69.5,100.0,Census Tract 4142
2006-2010,26161414200,15-17,38,30.364452901377952,38.0,30.4,100.0,Census Tract 4142
2006-2010,26161414300,total,2808,366,2808.0,366.0,100.0,Census Tract 4143
2006-2010,26161414300,0-4,143,74.2024258363566,143.0,74.2,100.0,Census Tract 4143
2006-2010,26161414300,5-9,165,68.425141578224,165.0,68.4,100.0,Census Tract 4143
2006-2010,26161414300,10-14,96,59.4810894318522,96.0,59.5,100.0,Census Tract 4143
2006-2010,26161414300,15-17,55,39.623225512317894,55.0,39.6,100.0,Census Tract 4143
2006-2010,26161414500,total,2832,204,2832.0,204.0,100.0,Census Tract 4145
2006-2010,26161414500,0-4,117,65.05382386916237,117.0,65.1,100.0,Census Tract 4145
2006-2010,26161414500,5-9,193,60.30754513325841,193.0,60.3,100.0,Census Tract 4145
2006-2010,26161414500,10-14,186,83.7376856618333,186.0,83.7,100.0,Census Tract 4145
2006-2010,26161414500,15-17,159,65.0,159.0,65.0,100.0,Census Tract 4145
2006-2010,26161414700,total,1512,208,1512.0,208.0,100.0,Census Tract 4147
2006-2010,26161414700,0-4,0,154.14927829866735,0.0,154.1,100.0,Census Tract 4147
2006-2010,26161414700,5-9,39,120.3411816461846,39.0,120.3,100.0,Census Tract 4147
2006-2010,26161414700,10-14,22,26.925824035672516,22.0,26.9,100.0,Census Tract 4147
2006-2010,26161414700,15-17,6,109.37092849564733,6.0,109.4,100.0,Census Tract 4147
2006-2010,26161414900,total,3797,264,3797.0,264.0,100.0,Census Tract 4149
2006-2010,26161414900,0-4,345,98.08159868191383,345.0,98.1,100.0,Census Tract 4149
2006-2010,26161414900,5-9,442,91.52595260361949,442.0,91.5,100.0,Census Tract 4149
2006-2010,26161414900,10-14,370,98.00510190801293,370.0,98.0,100.0,Census Tract 4149
2006-2010,26161414900,15-17,191,72.91776189653656,191.0,72.9,100.0,Census Tract 4149
2006-2010,26161415200,total,1839,201,1839.0,201.0,100.0,Census Tract 4152
2006-2010,26161415200,0-4,87,53.85164807134503,87.0,53.9,100.0,Census Tract 4152
2006-2010,26161415200,5-9,38,32.2490309931942,38.0,32.2,100.0,Census Tract 4152
2006-2010,26161415200,10-14,105,58.41232746604093,105.0,58.4,100.0,Census Tract 4152
2006-2010,26161415200,15-17,53,38.01315561749643,53.0,38.0,100.0,Census Tract 4152
2006-2010,26161415400,total,1466,273,1027.7,191.4,70.1,Census Tract 4154
2006-2010,26161415400,0-4,74,51.0881590977792,51.9,35.8,70.1,Census Tract 4154
2006-2010,26161415400,5-9,103,75.45197147855052,72.2,52.9,70.1,Census Tract 4154
2006-2010,26161415400,10-14,17,111.83022847155414,11.9,78.4,70.1,Census Tract 4154
2006-2010,26161415400,15-17,43,47.16990566028302,30.1,33.1,70.1,Census Tract 4154
2006-2010,26161415600,total,1927,171,406.6,36.1,21.1,Census Tract 4156
2006-2010,26161415600,0-4,162,90.62008607367353,34.2,19.1,21.1,Census Tract 4156
2006-2010,26161415600,5-9,116,43.931765272977586,24.5,9.3,21.1,Census Tract 4156
2006-2010,26161415600,10-14,250,71.58910531638176,52.8,15.1,21.1,Census Tract 4156
2006-2010,26161415600,15-17,141,57.48912940721924,29.8,12.1,21.1,Census Tract 4156
2006-2010,26161415800,total,3353,313,1237.3,115.5,36.9,Census Tract 4158
2006-2010,26161415800,0-4,208,79.20227269466452,76.8,29.2,36.9,Census Tract 4158
2006-2010,26161415800,5-9,293,70.80254232723568,108.1,26.1,36.9,Census Tract 4158
2006-2010,26161415800,10-14,298,74.81310045707237,110.0,27.6,36.9,Census Tract 4158
2006-2010,26161415800,15-17,187,63.0317380372777,69.0,23.3,36.9,Census Tract 4158
2006-2010,26161416000,total,2815,298,2815.0,298.0,100.0,Census Tract 4160
2006-2010,26161416000,0-4,308,153.7693077307692,308.0,153.8,100.0,Census Tract 4160
2006-2010,26161416000,5-9,381,107.41508273980892,381.0,107.4,100.0,Census Tract 4160
2006-2010,26161416000,10-14,185,68.0,185.0,68.0,100.0,Census Tract 4160
2006-2010,26161416000,15-17,92,45.617978911828175,92.0,45.6,100.0,Census Tract 4160
2006-2010,26161416200,total,3717,249,669.1,44.8,18.0,Census Tract 4162
2006-2010,26161416200,0-4,222,87.92041856133308,40.0,15.8,18.0,Census Tract 4162
2006-2010,26161416200,5-9,327,88.3911760301898,58.9,15.9,18.0,Census Tract 4162
2006-2010,26161416200,10-14,274,85.86617494683225,49.3,15.5,18.0,Census Tract 4162
2006-2010,26161416200,15-17,212,76.60939890117923,38.2,13.8,18.0,Census Tract 4162
2006-2010,26161425000,total,4305,162,1752.1,65.9,40.7,Census Tract 4250
2006-2010,26161425000,0-4,128,73.40980860893181,52.1,29.9,40.7,Census Tract 4250
2006-2010,26161425000,5-9,196,70.00714249274856,79.8,28.5,40.7,Census Tract 4250
2006-2010,26161425000,10-14,340,84.8999411071645,138.4,34.6,40.7,Census Tract 4250
2006-2010,26161425000,15-17,346,101.82828683622247,140.8,41.4,40.7,Census Tract 4250
2006-2010,26161453000,total,4864,273,3477.8,195.2,71.5,Census Tract 4530
2006-2010,26161453000,0-4,200,78.64477096412705,143.0,56.2,71.5,Census Tract 4530
2006-2010,26161453000,5-9,210,70.00714249274856,150.2,50.1,71.5,Census Tract 4530
2006-2010,26161453000,10-14,416,96.87620966986684,297.4,69.3,71.5,Census Tract 4530
2006-2010,26161453000,15-17,329,90.52071586106685,235.2,64.7,71.5,Census Tract 4530
2006-2010,26161455000,total,4297,231,1594.2,85.7,37.1,Census Tract 4550
2006-2010,26161455000,0-4,248,79.40403012442127,92.0,29.5,37.1,Census Tract 4550
2006-2010,26161455000,5-9,295,80.15609770940698,109.4,29.7,37.1,Census Tract 4550
2006-2010,26161455000,10-14,444,127.7810627597063,164.7,47.4,37.1,Census Tract 4550
2006-2010,26161455000,15-17,139,67.74215821775978,51.6,25.1,37.1,Census Tract 4550
2006-2010,26161456000,total,5212,229,5212.0,229.0,100.0,Census Tract 4560
2006-2010,26161456000,0-4,418,120.41594578792295,418.0,120.4,100.0,Census Tract 4560
2006-2010,26161456000,5-9,573,131.59027319676787,573.0,131.6,100.0,Census Tract 4560
2006-2010,26161456000,10-14,402,108.57716150277643,402.0,108.6,100.0,Census Tract 4560
2006-2010,26161456000,15-17,279,84.86459803710851,279.0,84.9,100.0,Census Tract 4560
2006-2010,26161461000,total,6558,20,609.9,1.9,9.3,Census Tract 4610
2006-2010,26161461000,0-4,368,135.20724832641184,34.2,12.6,9.3,Census Tract 4610
2006-2010,26161461000,5-9,538,167.17057157286985,50.0,15.5,9.3,Census Tract 4610
2006-2010,26161461000,10-14,619,129.61867149450345,57.6,12.1,9.3,Census Tract 4610
2006-2010,26161461000,15-17,441,116.10340218959992,41.0,10.8,9.3,Census Tract 4610
2006-2010,26161464000,total,5666,24,300.3,1.3,5.3,Census Tract 4640
2006-2010,26161464000,0-4,360,121.51131634543344,19.1,6.4,5.3,Census Tract 4640
2006-2010,26161464000,5-9,189,72.91776189653656,10.0,3.9,5.3,Census Tract 4640
2006-2010,26161464000,10-14,458,115.66330446602328,24.3,6.1,5.3,Census Tract 4640
2006-2010,26161464000,15-17,285,112.53888216967502,15.1,6.0,5.3,Census Tract 4640
2006-2010,26161466000,total,2157,235,323.6,35.2,15.0,Census Tract 4660
2006-2010,26161466000,0-4,134,68.00735254367721,20.1,10.2,15.0,Census Tract 4660
2006-2010,26161466000,5-9,131,66.37017402418047,19.6,10.0,15.0,Census Tract 4660
2006-2010,26161466000,10-14,222,53.037722424704484,33.3,8.0,15.0,Census Tract 4660
2006-2010,26161466000,15-17,77,114.48143954370944,11.5,17.2,15.0,Census Tract 4660
2007-2011,26161400100,total,1301,210,1301.0,210.0,100.0,Census Tract 4001
2007-2011,26161400100,0-4,0,110.3086578651014,0.0,110.3,100.0,Census Tract 4001
2007-2011,26161400100,5-9,0,110.3086578651014,0.0,110.3,100.0,Census Tract 4001
2007-2011,26161400100,10-14,0,110.3086578651014,0.0,110.3,100.0,Census Tract 4001
2007-2011,26161400100,15-17,0,110.3086578651014,0.0,110.3,100.0,Census Tract 4001
2007-2011,26161400200,total,7695,1032,7695.0,1032.0,100.0,Census Tract 4002
2007-2011,26161400200,0-4,0,110.3086578651014,0.0,110.3,100.0,Census Tract 4002
2007-2011,26161400200,5-9,0,110.3086578651014,0.0,110.3,100.0,Census Tract 4002
2007-2011,26161400200,10-14,0,110.3086578651014,0.0,110.3,100.0,Census Tract 4002
2007-2011,26161400200,15-17,275,126.57408897558774,275.0,126.6,100.0,Census Tract 4002
2007-2011,26161400300,total,6071,779,6071.0,779.0,100.0,Census Tract 4003
2007-2011,26161400300,0-4,9,79.62411694957753,9.0,79.6,100.0,Census Tract 4003
2007-2011,26161400300,5-9,0,110.3086578651014,0.0,110.3,100.0,Census Tract 4003
2007-2011,26161400300,10-14,0,110.3086578651014,0.0,110.3,100.0,Census Tract 4003
2007-2011,26161400300,15-17,14,80.2807573457052,14.0,80.3,100.0,Census Tract 4003
2007-2011,26161400400,total,3152,478,3152.0,478.0,100.0,Census Tract 4004
2007-2011,26161400400,0-4,160,67.26812023536856,160.0,67.3,100.0,Census Tract 4004
2007-2011,26161400400,5-9,152,49.51767361255979,152.0,49.5,100.0,Census Tract 4004
2007-2011,26161400400,10-14,166,75.43208866258445,166.0,75.4,100.0,Census Tract 4004
2007-2011,26161400400,15-17,48,32.756678708318404,48.0,32.8,100.0,Census Tract 4004
2007-2011,26161400500,total,7073,882,7073.0,882.0,100.0,Census Tract 4005
2007-2011,26161400500,0-4,9,78.77182237323191,9.0,78.8,100.0,Census Tract 4005
2007-2011,26161400500,5-9,14,12.727922061357853,14.0,12.7,100.0,Census Tract 4005
2007-2011,26161400500,10-14,7,78.40918313565064,7.0,78.4,100.0,Census Tract 4005
2007-2011,26161400500,15-17,0,110.3086578651014,0.0,110.3,100.0,Census Tract 4005
2007-2011,26161400600,total,4228,430,4228.0,430.0,100.0,Census Tract 4006
2007-2011,26161400600,0-4,152,70.178344238091,152.0,70.2,100.0,Census Tract 4006
2007-2011,26161400600,5-9,177,62.80127387243033,177.0,62.8,100.0,Census Tract 4006
2007-2011,26161400600,10-14,69,48.383881613611784,69.0,48.4,100.0,Census Tract 4006
2007-2011,26161400600,15-17,87,61.71709649683789,87.0,61.7,100.0,Census Tract 4006
2007-2011,26161400700,total,2218,394,2218.0,394.0,100.0,Census Tract 4007
2007-2011,26161400700,0-4,92,59.64059020499378,92.0,59.6,100.0,Census Tract 4007
2007-2011,26161400700,5-9,51,33.28663395418648,51.0,33.3,100.0,Census Tract 4007
2007-2011,26161400700,10-14,55,34.828149534535996,55.0,34.8,100.0,Census Tract 4007
2007-2011,26161400700,15-17,57,37.33630940518894,57.0,37.3,100.0,Census Tract 4007
2007-2011,26161400800,total,2412,424,2412.0,424.0,100.0,Census Tract 4008
2007-2011,26161400800,0-4,0,110.3086578651014,0.0,110.3,100.0,Census Tract 4008
2007-2011,26161400800,5-9,0,110.3086578651014,0.0,110.3,100.0,Census Tract 4008
2007-2011,26161400800,10-14,0,110.3086578651014,0.0,110.3,100.0,Census Tract 4008
2007-2011,26161400800,15-17,0,110.3086578651014,0.0,110.3,100.0,Census Tract 4008
2007-2011,26161402100,total,2833,352,2833.0,352.0,100.0,Census Tract 4021
2007-2011,26161402100,0-4,109,81.02468759581859,109.0,81.0,100.0,Census Tract 4021
2007-2011,26161402100,5-9,170,147.57371039585607,170.0,147.6,100.0,Census Tract 4021
2007-2011,26161402100,10-14,122,127.61269529321915,122.0,127.6,100.0,Census Tract 4021
2007-2011,26161402100,15-17,3,78.31347265956221,3.0,78.3,100.0,Census Tract 4021
2007-2011,26161402200,total,4314,1038,4314.0,1038.0,100.0,Census Tract 4022
2007-2011,26161402200,0-4,12,79.42921376924235,12.0,79.4,100.0,Census Tract 4022
2007-2011,26161402200,5-9,0,110.3086578651014,0.0,110.3,100.0,Census Tract 4022
2007-2011,26161402200,10-14,0,110.3086578651014,0.0,110.3,100.0,Census Tract 4022
2007-2011,26161402200,15-17,93,98.73702446397704,93.0,98.7,100.0,Census Tract 4022
2007-2011,26161402300,total,2526,216,2526.0,216.0,100.0,Census Tract 4023
2007-2011,26161402300,0-4,54,35.38361202590826,54.0,35.4,100.0,Census Tract 4023
2007-2011,26161402300,5-9,63,42.52058325093859,63.0,42.5,100.0,Census Tract 4023
2007-2011,26161402300,10-14,152,63.7808748764079,152.0,63.8,100.0,Census Tract 4023
2007-2011,26161402300,15-17,77,44.77722635447622,77.0,44.8,100.0,Census Tract 4023
2007-2011,26161402500,total,2113,184,2113.0,184.0,100.0,Census Tract 4025
2007-2011,26161402500,0-4,66,85.90692637965812,66.0,85.9,100.0,Census Tract 4025
2007-2011,26161402500,5-9,84,39.44616584663204,84.0,39.4,100.0,Census Tract 4025
2007-2011,26161402500,10-14,129,56.85068161420759,129.0,56.9,100.0,Census Tract 4025
2007-2011,26161402500,15-17,75,43.82921400162225,75.0,43.8,100.0,Census Tract 4025
2007-2011,26161402600,total,2384,234,2384.0,234.0,100.0,Census Tract 4026
2007-2011,26161402600,0-4,472,120.24142381059865,472.0,120.2,100.0,Census Tract 4026
2007-2011,26161402600,5-9,226,88.09086218218097,226.0,88.1,100.0,Census Tract 4026
2007-2011,26161402600,10-14,8,79.07591289387685,8.0,79.1,100.0,Census Tract 4026
2007-2011,26161402600,15-17,12,79.42921376924235,12.0,79.4,100.0,Census Tract 4026
2007-2011,26161402700,total,5254,315,5254.0,315.0,100.0,Census Tract 4027
2007-2011,26161402700,0-4,443,147.92227688891217,443.0,147.9,100.0,Census Tract 4027
2007-2011,26161402700,5-9,146,68.15423684555496,146.0,68.2,100.0,Census Tract 4027
2007-2011,26161402700,10-14,323,107.71258050942797,323.0,107.7,100.0,Census Tract 4027
2007-2011,26161402700,15-17,267,110.8873302050329,267.0,110.9,100.0,Census Tract 4027
2007-2011,26161403100,total,1596,93,1596.0,93.0,100.0,Census Tract 4031
2007-2011,26161403100,0-4,92,68.30812543175226,92.0,68.3,100.0,Census Tract 4031
2007-2011,26161403100,5-9,161,77.46612162745726,161.0,77.5,100.0,Census Tract 4031
2007-2011,26161403100,10-14,103,54.91812087098393,103.0,54.9,100.0,Census Tract 4031
2007-2011,26161403100,15-17,79,40.36087214122113,79.0,40.4,100.0,Census Tract 4031
2007-2011,26161403200,total,3186,200,3186.0,200.0,100.0,Census Tract 4032
2007-2011,26161403200,0-4,122,66.70832032063166,122.0,66.7,100.0,Census Tract 4032
2007-2011,26161403200,5-9,175,94.30270409696637,175.0,94.3,100.0,Census Tract 4032
2007-2011,26161403200,10-14,204,81.2157620169878,204.0,81.2,100.0,Census Tract 4032
2007-2011,26161403200,15-17,119,73.08214556237385,119.0,73.1,100.0,Census Tract 4032
2007-2011,26161403300,total,3990,214,3990.0,214.0,100.0,Census Tract 4033
2007-2011,26161403300,0-4,245,68.8839603971781,245.0,68.9,100.0,Census Tract 4033
2007-2011,26161403300,5-9,236,89.02246907382427,236.0,89.0,100.0,Census Tract 4033
2007-2011,26161403300,10-14,212,68.41052550594829,212.0,68.4,100.0,Census Tract 4033
2007-2011,26161403300,15-17,192,77.42092740338364,192.0,77.4,100.0,Census Tract 4033
2007-2011,26161403400,total,3059,192,3059.0,192.0,100.0,Census Tract 4034
2007-2011,26161403400,0-4,262,82.21921916437788,262.0,82.2,100.0,Census Tract 4034
2007-2011,26161403400,5-9,156,70.6045324324154,156.0,70.6,100.0,Census Tract 4034
2007-2011,26161403400,10-14,155,67.89698078707183,155.0,67.9,100.0,Census Tract 4034
2007-2011,26161403400,15-17,89,51.039200620699376,89.0,51.0,100.0,Census Tract 4034
2007-2011,26161403500,total,2676,231,2676.0,231.0,100.0,Census Tract 4035
2007-2011,26161403500,0-4,186,65.39113089708727,186.0,65.4,100.0,Census Tract 4035
2007-2011,26161403500,5-9,126,61.22091146005587,126.0,61.2,100.0,Census Tract 4035
2007-2011,26161403500,10-14,77,56.859475903318,77.0,56.9,100.0,Census Tract 4035
2007-2011,26161403500,15-17,44,30.4138126514911,44.0,30.4,100.0,Census Tract 4035
2007-2011,26161403600,total,4557,413,4557.0,413.0,100.0,Census Tract 4036
2007-2011,26161403600,0-4,74,49.678969393496885,74.0,49.7,100.0,Census Tract 4036
2007-2011,26161403600,5-9,281,103.07764064044152,281.0,103.1,100.0,Census Tract 4036
2007-2011,26161403600,10-14,292,105.6030302595527,292.0,105.6,100.0,Census Tract 4036
2007-2011,26161403600,15-17,161,92.69843580125827,161.0,92.7,100.0,Census Tract 4036
2007-2011,26161403800,total,2960,203,2960.0,203.0,100.0,Census Tract 4038
2007-2011,26161403800,0-4,175,96.54014708917737,175.0,96.5,100.0,Census Tract 4038
2007-2011,26161403800,5-9,225,118.30891766895681,225.0,118.3,100.0,Census Tract 4038
2007-2011,26161403800,10-14,140,87.70974860299168,140.0,87.7,100.0,Census Tract 4038
2007-2011,26161403800,15-17,98,47.634021455258214,98.0,47.6,100.0,Census Tract 4038
2007-2011,26161404100,total,3152,185,3152.0,185.0,100.0,Census Tract 4041
2007-2011,26161404100,0-4,201,74.65252842335616,201.0,74.7,100.0,Census Tract 4041
2007-2011,26161404100,5-9,145,57.384666941614284,145.0,57.4,100.0,Census Tract 4041
2007-2011,26161404100,10-14,178,67.17886572427373,178.0,67.2,100.0,Census Tract 4041
2007-2011,26161404100,15-17,151,69.42621983083912,151.0,69.4,100.0,Census Tract 4041
2007-2011,26161404200,total,1948,148,1948.0,148.0,100.0,Census Tract 4042
2007-2011,26161404200,0-4,124,69.20260110718381,124.0,69.2,100.0,Census Tract 4042
2007-2011,26161404200,5-9,19,81.60882305241266,19.0,81.6,100.0,Census Tract 4042
2007-2011,26161404200,10-14,93,71.69379331573967,93.0,71.7,100.0,Census Tract 4042
2007-2011,26161404200,15-17,90,50.93132631298737,90.0,50.9,100.0,Census Tract 4042
2007-2011,26161404300,total,2859,233,2859.0,233.0,100.0,Census Tract 4043
2007-2011,26161404300,0-4,149,73.55270219373317,149.0,73.6,100.0,Census Tract 4043
2007-2011,26161404300,5-9,217,120.76837334335508,217.0,120.8,100.0,Census Tract 4043
2007-2011,26161404300,10-14,234,85.80209787645055,234.0,85.8,100.0,Census Tract 4043
2007-2011,26161404300,15-17,91,47.801673610868484,91.0,47.8,100.0,Census Tract 4043
2007-2011,26161404400,total,2315,133,2315.0,133.0,100.0,Census Tract 4044
2007-2011,26161404400,0-4,99,43.13930922024599,99.0,43.1,100.0,Census Tract 4044
2007-2011,26161404400,5-9,147,55.2268050859363,147.0,55.2,100.0,Census Tract 4044
2007-2011,26161404400,10-14,199,62.22539674441618,199.0,62.2,100.0,Census Tract 4044
2007-2011,26161404400,15-17,48,33.105890714493704,48.0,33.1,100.0,Census Tract 4044
2007-2011,26161404500,total,4622,450,4622.0,450.0,100.0,Census Tract 4045
2007-2011,26161404500,0-4,173,75.6042326857432,173.0,75.6,100.0,Census Tract 4045
2007-2011,26161404500,5-9,120,76.00657866263946,120.0,76.0,100.0,Census Tract 4045
2007-2011,26161404500,10-14,101,58.69412236331676,101.0,58.7,100.0,Census Tract 4045
2007-2011,26161404500,15-17,104,100.22474744293447,104.0,100.2,100.0,Census Tract 4045
2007-2011,26161404600,total,4079,332,4079.0,332.0,100.0,Census Tract 4046
2007-2011,26161404600,0-4,177,81.32035415564789,177.0,81.3,100.0,Census Tract 4046
2007-2011,26161404600,5-9,259,87.0,259.0,87.0,100.0,Census Tract 4046
2007-2011,26161404600,10-14,114,64.8459713474939,114.0,64.8,100.0,Census Tract 4046
2007-2011,26161404600,15-17,159,87.36131867136622,159.0,87.4,100.0,Census Tract 4046
2007-2011,26161405100,total,2133,187,2133.0,187.0,100.0,Census Tract 4051
2007-2011,26161405100,0-4,65,64.35060217278468,65.0,64.4,100.0,Census Tract 4051
2007-2011,26161405100,5-9,109,79.17701686727027,109.0,79.2,100.0,Census Tract 4051
2007-2011,26161405100,10-14,170,106.07544484940897,170.0,106.1,100.0,Census Tract 4051
2007-2011,26161405100,15-17,119,73.53910524340094,119.0,73.5,100.0,Census Tract 4051
2007-2011,26161405200,total,5359,268,5359.0,268.0,100.0,Census Tract 4052
2007-2011,26161405200,0-4,330,136.8941196691808,330.0,136.9,100.0,Census Tract 4052
2007-2011,26161405200,5-9,230,127.61269529321915,230.0,127.6,100.0,Census Tract 4052
2007-2011,26161405200,10-14,201,101.53324578678651,201.0,101.5,100.0,Census Tract 4052
2007-2011,26161405200,15-17,267,120.7393887677091,267.0,120.7,100.0,Census Tract 4052
2007-2011,26161405300,total,4967,243,4967.0,243.0,100.0,Census Tract 4053
2007-2011,26161405300,0-4,142,70.49113419430843,142.0,70.5,100.0,Census Tract 4053
2007-2011,26161405300,5-9,281,85.98255637046388,281.0,86.0,100.0,Census Tract 4053
2007-2011,26161405300,10-14,473,104.23531071570709,473.0,104.2,100.0,Census Tract 4053
2007-2011,26161405300,15-17,397,121.49485585818027,397.0,121.5,100.0,Census Tract 4053
2007-2011,26161405400,total,2138,198,2138.0,198.0,100.0,Census Tract 4054
2007-2011,26161405400,0-4,62,49.8196748283246,62.0,49.8,100.0,Census Tract 4054
2007-2011,26161405400,5-9,145,76.21679604916491,145.0,76.2,100.0,Census Tract 4054
2007-2011,26161405400,10-14,95,46.86149805543993,95.0,46.9,100.0,Census Tract 4054
2007-2011,26161405400,15-17,24,80.77747210701756,24.0,80.8,100.0,Census Tract 4054
2007-2011,26161405500,total,2363,206,2363.0,206.0,100.0,Census Tract 4055
2007-2011,26161405500,0-4,111,55.90169943749475,111.0,55.9,100.0,Census Tract 4055
2007-2011,26161405500,5-9,123,65.86349520030045,123.0,65.9,100.0,Census Tract 4055
2007-2011,26161405500,10-14,86,41.773197148410844,86.0,41.8,100.0,Census Tract 4055
2007-2011,26161405500,15-17,81,58.600341295934435,81.0,58.6,100.0,Census Tract 4055
2007-2011,26161405600,total,4514,323,4514.0,323.0,100.0,Census Tract 4056
2007-2011,26161405600,0-4,337,137.1313239198105,337.0,137.1,100.0,Census Tract 4056
2007-2011,26161405600,5-9,268,87.00574693662482,268.0,87.0,100.0,Census Tract 4056
2007-2011,26161405600,10-14,250,97.06183596038146,250.0,97.1,100.0,Census Tract 4056
2007-2011,26161405600,15-17,175,109.65856099730655,175.0,109.7,100.0,Census Tract 4056
2007-2011,26161406000,total,3277,240,3277.0,240.0,100.0,Census Tract 4060
2007-2011,26161406000,0-4,143,64.88451279003334,143.0,64.9,100.0,Census Tract 4060
2007-2011,26161406000,5-9,274,87.72684879784524,274.0,87.7,100.0,Census Tract 4060
2007-2011,26161406000,10-14,267,68.0,267.0,68.0,100.0,Census Tract 4060
2007-2011,26161406000,15-17,82,40.80441152620633,82.0,40.8,100.0,Census Tract 4060
2007-2011,26161407000,total,5201,384,1783.9,131.7,34.3,Census Tract 4070
2007-2011,26161407000,0-4,288,110.39021695784459,98.8,37.9,34.3,Census Tract 4070
2007-2011,26161407000,5-9,271,117.4137981669957,93.0,40.3,34.3,Census Tract 4070
2007-2011,26161407000,10-14,379,145.98972566588375,130.0,50.1,34.3,Census Tract 4070
2007-2011,26161407000,15-17,185,87.36704184073078,63.5,30.0,34.3,Census Tract 4070
2007-2011,26161414000,total,3435,483,3435.0,483.0,100.0,Census Tract 4140
2007-2011,26161414000,0-4,103,65.45991139621256,103.0,65.5,100.0,Census Tract 4140
2007-2011,26161414000,5-9,186,125.87295182047652,186.0,125.9,100.0,Census Tract 4140
2007-2011,26161414000,10-14,95,96.0052081920559,95.0,96.0,100.0,Census Tract 4140
2007-2011,26161414000,15-17,83,49.51767361255979,83.0,49.5,100.0,Census Tract 4140
2007-2011,26161414200,total,3122,340,3122.0,340.0,100.0,Census Tract 4142
2007-2011,26161414200,0-4,201,118.84864324004714,201.0,118.8,100.0,Census Tract 4142
2007-2011,26161414200,5-9,140,78.54934754662193,140.0,78.5,100.0,Census Tract 4142
2007-2011,26161414200,10-14,127,63.51377803280167,127.0,63.5,100.0,Census Tract 4142
2007-2011,26161414200,15-17,109,54.56189146281496,109.0,54.6,100.0,Census Tract 4142
2007-2011,26161414300,total,2734,395,2734.0,395.0,100.0,Census Tract 4143
2007-2011,26161414300,0-4,126,58.89821729050888,126.0,58.9,100.0,Census Tract 4143
2007-2011,26161414300,5-9,194,74.09453421137081,194.0,74.1,100.0,Census Tract 4143
2007-2011,26161414300,10-14,76,38.28837943815329,76.0,38.3,100.0,Census Tract 4143
2007-2011,26161414300,15-17,61,38.948684188300895,61.0,38.9,100.0,Census Tract 4143
2007-2011,26161414500,total,2932,186,2932.0,186.0,100.0,Census Tract 4145
2007-2011,26161414500,0-4,137,60.95900261651269,137.0,61.0,100.0,Census Tract 4145
2007-2011,26161414500,5-9,244,74.51845409024533,244.0,74.5,100.0,Census Tract 4145
2007-2011,26161414500,10-14,172,65.19202405202648,172.0,65.2,100.0,Census Tract 4145
2007-2011,26161414500,15-17,154,63.245553203367585,154.0,63.2,100.0,Census Tract 4145
2007-2011,26161414700,total,1583,138,1583.0,138.0,100.0,Census Tract 4147
2007-2011,26161414700,0-4,6,7.810249675906654,6.0,7.8,100.0,Census Tract 4147
2007-2011,26161414700,5-9,51,91.58602513484249,51.0,91.6,100.0,Census Tract 4147
2007-2011,26161414700,10-14,52,42.42640687119285,52.0,42.4,100.0,Census Tract 4147
2007-2011,26161414700,15-17,38,38.41874542459709,38.0,38.4,100.0,Census Tract 4147
2007-2011,26161414900,total,3805,244,3805.0,244.0,100.0,Census Tract 4149
2007-2011,26161414900,0-4,317,93.38094023943002,317.0,93.4,100.0,Census Tract 4149
2007-2011,26161414900,5-9,356,77.33692520394123,356.0,77.3,100.0,Census Tract 4149
2007-2011,26161414900,10-14,390,102.6498904042279,390.0,102.6,100.0,Census Tract 4149
2007-2011,26161414900,15-17,208,75.28612089887486,208.0,75.3,100.0,Census Tract 4149
2007-2011,26161415200,total,1869,205,1869.0,205.0,100.0,Census Tract 4152
2007-2011,26161415200,0-4,75,49.193495504995376,75.0,49.2,100.0,Census Tract 4152
2007-2011,26161415200,5-9,32,28.844410203711917,32.0,28.8,100.0,Census Tract 4152
2007-2011,26161415200,10-14,105,59.464274989274024,105.0,59.5,100.0,Census Tract 4152
2007-2011,26161415200,15-17,46,36.124783736376884,46.0,36.1,100.0,Census Tract 4152
2007-2011,26161415400,total,1661,278,1164.4,194.9,70.1,Census Tract 4154
2007-2011,26161415400,0-4,73,46.09772228646443,51.2,32.3,70.1,Census Tract 4154
2007-2011,26161415400,5-9,87,54.037024344425184,61.0,37.9,70.1,Census Tract 4154
2007-2011,26161415400,10-14,38,37.48332962798263,26.6,26.3,70.1,Census Tract 4154
2007-2011,26161415400,15-17,49,48.54894437575342,34.3,34.0,70.1,Census Tract 4154
2007-2011,26161415600,total,1962,172,414.0,36.3,21.1,Census Tract 4156
2007-2011,26161415600,0-4,117,80.65358020571685,24.7,17.0,21.1,Census Tract 4156
2007-2011,26161415600,5-9,141,48.104053883222775,29.8,10.1,21.1,Census Tract 4156
2007-2011,26161415600,10-14,240,68.01470429252781,50.6,14.4,21.1,Census Tract 4156
2007-2011,26161415600,15-17,143,57.28001396647874,30.2,12.1,21.1,Census Tract 4156
2007-2011,26161415800,total,3492,226,1288.5,83.4,36.9,Census Tract 4158
2007-2011,26161415800,0-4,185,68.96375859826668,68.3,25.4,36.9,Census Tract 4158
2007-2011,26161415800,5-9,337,73.43023900274328,124.4,27.1,36.9,Census Tract 4158
2007-2011,26161415800,10-14,372,105.1189802081432,137.3,38.8,36.9,Census Tract 4158
2007-2011,26161415800,15-17,163,58.249463516842795,60.1,21.5,36.9,Census Tract 4158
2007-2011,26161416000,total,3001,234,3001.0,234.0,100.0,Census Tract 4160
2007-2011,26161416000,0-4,301,140.9432509913121,301.0,140.9,100.0,Census Tract 4160
2007-2011,26161416000,5-9,408,112.44998888394787,408.0,112.4,100.0,Census Tract 4160
2007-2011,26161416000,10-14,266,84.3860177991591,266.0,84.4,100.0,Census Tract 4160
2007-2011,26161416000,15-17,101,48.84669896727925,101.0,48.8,100.0,Census Tract 4160
2007-2011,26161416200,total,4130,257,743.4,46.3,18.0,Census Tract 4162
2007-2011,26161416200,0-4,252,78.77182237323191,45.4,14.2,18.0,Census Tract 4162
2007-2011,26161416200,5-9,337,83.09632964216891,60.7,15.0,18.0,Census Tract 4162
2007-2011,26161416200,10-14,287,85.58621384311844,51.7,15.4,18.0,Census Tract 4162
2007-2011,26161416200,15-17,246,89.69392398596463,44.3,16.1,18.0,Census Tract 4162
2007-2011,26161425000,total,4355,198,1772.5,80.6,40.7,Census Tract 4250
2007-2011,26161425000,0-4,140,71.44928271158501,57.0,29.1,40.7,Census Tract 4250
2007-2011,26161425000,5-9,185,66.06814663663572,75.3,26.9,40.7,Census Tract 4250
2007-2011,26161425000,10-14,393,105.47511554864494,160.0,42.9,40.7,Census Tract 4250
2007-2011,26161425000,15-17,291,82.20097323024831,118.4,33.5,40.7,Census Tract 4250
2007-2011,26161453000,total,4952,243,3540.7,173.7,71.5,Census Tract 4530
2007-2011,26161453000,0-4,226,79.24645102463579,161.6,56.7,71.5,Census Tract 4530
2007-2011,26161453000,5-9,240,87.04596486914257,171.6,62.2,71.5,Census Tract 4530
2007-2011,26161453000,10-14,372,96.04165762834376,266.0,68.7,71.5,Census Tract 4530
2007-2011,26161453000,15-17,323,84.1486779456457,230.9,60.2,71.5,Census Tract 4530
2007-2011,26161455000,total,4339,249,1609.8,92.4,37.1,Census Tract 4550
2007-2011,26161455000,0-4,226,82.8009661779378,83.8,30.7,37.1,Census Tract 4550
2007-2011,26161455000,5-9,355,109.22453936730518,131.7,40.5,37.1,Census Tract 4550
2007-2011,26161455000,10-14,357,111.66467659918241,132.4,41.4,37.1,Census Tract 4550
2007-2011,26161455000,15-17,159,67.20863039818622,59.0,24.9,37.1,Census Tract 4550
2007-2011,26161456000,total,5462,259,5462.0,259.0,100.0,Census Tract 4560
2007-2011,26161456000,0-4,466,123.1665539016173,466.0,123.2,100.0,Census Tract 4560
2007-2011,26161456000,5-9,638,137.44089638822936,638.0,137.4,100.0,Census Tract 4560
2007-2011,26161456000,10-14,469,142.12670403551897,469.0,142.1,100.0,Census Tract 4560
2007-2011,26161456000,15-17,254,82.21921916437788,254.0,82.2,100.0,Census Tract 4560
2007-2011,26161461000,total,6664,19,619.8,1.8,9.3,Census Tract 4610
2007-2011,26161461000,0-4,304,134.7145129523913,28.3,12.5,9.3,Census Tract 4610
2007-2011,26161461000,5-9,436,159.9624956044385,40.5,14.9,9.3,Census Tract 4610
2007-2011,26161461000,10-14,623,143.62799170078233,57.9,13.4,9.3,Census Tract 4610
2007-2011,26161461000,15-17,439,118.44407963254221,40.8,11.0,9.3,Census Tract 4610
2007-2011,26161464000,total,5652,19,299.6,1.0,5.3,Census Tract 4640
2007-2011,26161464000,0-4,297,119.00420160649792,15.7,6.3,5.3,Census Tract 4640
2007-2011,26161464000,5-9,192,77.3886296557834,10.2,4.1,5.3,Census Tract 4640
2007-2011,26161464000,10-14,439,107.00467279516349,23.3,5.7,5.3,Census Tract 4640
2007-2011,26161464000,15-17,285,115.96551211459379,15.1,6.1,5.3,Census Tract 4640
2007-2011,26161466000,total,2325,270,348.8,40.5,15.0,Census Tract 4660
2007-2011,26161466000,0-4,168,77.46612162745726,25.2,11.6,15.0,Census Tract 4660
2007-2011,26161466000,5-9,165,77.78174593052022,24.8,11.7,15.0,Census Tract 4660
2007-2011,26161466000,10-14,188,65.73431371817918,28.2,9.9,15.0,Census Tract 4660
2007-2011,26161466000,15-17,62,34.713109915419565,9.3,5.2,15.0,Census Tract 4660
2008-2012,26161400100,total,1520,245,1520.0,245.0,100.0,Census Tract 4001
2008-2012,26161400100,0-4,0,14.142135623730951,0.0,14.1,100.0,Census Tract 4001
2008-2012,26161400100,5-9,0,14.142135623730951,0.0,14.1,100.0,Census Tract 4001
2008-2012,26161400100,10-14,0,14.142135623730951,0.0,14.1,100.0,Census Tract 4001
2008-2012,26161400100,15-17,0,14.142135623730951,0.0,14.1,100.0,Census Tract 4001
2008-2012,26161400200,total,7123,651,7123.0,651.0,100.0,Census Tract 4002
2008-2012,26161400200,0-4,0,21.213203435596427,0.0,21.2,100.0,Census Tract 4002
2008-2012,26161400200,5-9,0,21.213203435596427,0.0,21.2,100.0,Census Tract 4002
2008-2012,26161400200,10-14,0,21.213203435596427,0.0,21.2,100.0,Census Tract 4002
2008-2012,26161400200,15-17,244,118.22436297142818,244.0,118.2,100.0,Census Tract 4002
2008-2012,26161400300,total,6296,702,6296.0,702.0,100.0,Census Tract 4003
2008-2012,26161400300,0-4,29,12.369316876852983,29.0,12.4,100.0,Census Tract 4003
2008-2012,26161400300,5-9,10,18.601075237738275,10.0,18.6,100.0,Census Tract 4003
2008-2012,26161400300,10-14,0,21.213203435596427,0.0,21.2,100.0,Census Tract 4003
2008-2012,26161400300,15-17,17,18.439088914585774,17.0,18.4,100.0,Census Tract 4003
2008-2012,26161400400,total,3302,429,3302.0,429.0,100.0,Census Tract 4004
2008-2012,26161400400,0-4,171,74.51845409024533,171.0,74.5,100.0,Census Tract 4004
2008-2012,26161400400,5-9,196,55.86591089385368,196.0,55.9,100.0,Census Tract 4004
2008-2012,26161400400,10-14,155,87.09190547921202,155.0,87.1,100.0,Census Tract 4004
2008-2012,26161400400,15-17,28,24.839484696748443,28.0,24.8,100.0,Census Tract 4004
2008-2012,26161400500,total,6593,800,6593.0,800.0,100.0,Census Tract 4005
2008-2012,26161400500,0-4,13,15.524174696260024,13.0,15.5,100.0,Census Tract 4005
2008-2012,26161400500,5-9,13,15.297058540778355,13.0,15.3,100.0,Census Tract 4005
2008-2012,26161400500,10-14,0,21.213203435596427,0.0,21.2,100.0,Census Tract 4005
2008-2012,26161400500,15-17,0,21.213203435596427,0.0,21.2,100.0,Census Tract 4005
2008-2012,26161400600,total,4163,373,4163.0,373.0,100.0,Census Tract 4006
2008-2012,26161400600,0-4,156,87.6584280032445,156.0,87.7,100.0,Census Tract 4006
2008-2012,26161400600,5-9,151,70.7248188403477,151.0,70.7,100.0,Census Tract 4006
2008-2012,26161400600,10-14,130,66.03786792439622,130.0,66.0,100.0,Census Tract 4006
2008-2012,26161400600,15-17,68,49.39635614091387,68.0,49.4,100.0,Census Tract 4006
2008-2012,26161400700,total,2361,345,2361.0,345.0,100.0,Census Tract 4007
2008-2012,26161400700,0-4,48,38.41874542459709,48.0,38.4,100.0,Census Tract 4007
2008-2012,26161400700,5-9,91,45.79301256742124,91.0,45.8,100.0,Census Tract 4007
2008-2012,26161400700,10-14,23,25.495097567963924,23.0,25.5,100.0,Census Tract 4007
2008-2012,26161400700,15-17,45,34.48187929913333,45.0,34.5,100.0,Census Tract 4007
2008-2012,26161400800,total,2472,408,2472.0,408.0,100.0,Census Tract 4008
2008-2012,26161400800,0-4,0,14.142135623730951,0.0,14.1,100.0,Census Tract 4008
2008-2012,26161400800,5-9,0,14.142135623730951,0.0,14.1,100.0,Census Tract 4008
2008-2012,26161400800,10-14,0,14.142135623730951,0.0,14.1,100.0,Census Tract 4008
2008-2012,26161400800,15-17,0,14.142135623730951,0.0,14.1,100.0,Census Tract 4008
2008-2012,26161402100,total,2826,274,2826.0,274.0,100.0,Census Tract 4021
2008-2012,26161402100,0-4,40,48.05205510693585,40.0,48.1,100.0,Census Tract 4021
2008-2012,26161402100,5-9,98,41.23105625617661,98.0,41.2,100.0,Census Tract 4021
2008-2012,26161402100,10-14,89,115.43396380615197,89.0,115.4,100.0,Census Tract 4021
2008-2012,26161402100,15-17,9,14.866068747318506,9.0,14.9,100.0,Census Tract 4021
2008-2012,26161402200,total,4577,570,4577.0,570.0,100.0,Census Tract 4022
2008-2012,26161402200,0-4,30,23.853720883753123,30.0,23.9,100.0,Census Tract 4022
2008-2012,26161402200,5-9,14,17.804493814764857,14.0,17.8,100.0,Census Tract 4022
2008-2012,26161402200,10-14,0,14.142135623730951,0.0,14.1,100.0,Census Tract 4022
2008-2012,26161402200,15-17,101,87.23531395025755,101.0,87.2,100.0,Census Tract 4022
2008-2012,26161402300,total,2382,187,2382.0,187.0,100.0,Census Tract 4023
2008-2012,26161402300,0-4,33,23.430749027719965,33.0,23.4,100.0,Census Tract 4023
2008-2012,26161402300,5-9,43,31.906112267087636,43.0,31.9,100.0,Census Tract 4023
2008-2012,26161402300,10-14,118,54.56189146281496,118.0,54.6,100.0,Census Tract 4023
2008-2012,26161402300,15-17,82,47.75981574503822,82.0,47.8,100.0,Census Tract 4023
2008-2012,26161402500,total,2155,163,2155.0,163.0,100.0,Census Tract 4025
2008-2012,26161402500,0-4,50,33.955853692699286,50.0,34.0,100.0,Census Tract 4025
2008-2012,26161402500,5-9,75,35.468295701936405,75.0,35.5,100.0,Census Tract 4025
2008-2012,26161402500,10-14,137,52.478567053607705,137.0,52.5,100.0,Census Tract 4025
2008-2012,26161402500,15-17,79,41.86884283091665,79.0,41.9,100.0,Census Tract 4025
2008-2012,26161402600,total,2308,245,2308.0,245.0,100.0,Census Tract 4026
2008-2012,26161402600,0-4,416,106.79419459877022,416.0,106.8,100.0,Census Tract 4026
2008-2012,26161402600,5-9,197,75.00666637039672,197.0,75.0,100.0,Census Tract 4026
2008-2012,26161402600,10-14,9,11.40175425099138,9.0,11.4,100.0,Census Tract 4026
2008-2012,26161402600,15-17,23,26.0,23.0,26.0,100.0,Census Tract 4026
2008-2012,26161402700,total,5022,295,5022.0,295.0,100.0,Census Tract 4027
2008-2012,26161402700,0-4,319,115.10430052782563,319.0,115.1,100.0,Census Tract 4027
2008-2012,26161402700,5-9,115,69.64194138592059,115.0,69.6,100.0,Census Tract 4027
2008-2012,26161402700,10-14,269,110.3086578651014,269.0,110.3,100.0,Census Tract 4027
2008-2012,26161402700,15-17,272,114.56002793295748,272.0,114.6,100.0,Census Tract 4027
2008-2012,26161403100,total,1616,130,1616.0,130.0,100.0,Census Tract 4031
2008-2012,26161403100,0-4,71,51.97114584074513,71.0,52.0,100.0,Census Tract 4031
2008-2012,26161403100,5-9,181,79.24645102463579,181.0,79.2,100.0,Census Tract 4031
2008-2012,26161403100,10-14,114,48.60041152089146,114.0,48.6,100.0,Census Tract 4031
2008-2012,26161403100,15-17,77,33.97057550292606,77.0,34.0,100.0,Census Tract 4031
2008-2012,26161403200,total,3248,197,3248.0,197.0,100.0,Census Tract 4032
2008-2012,26161403200,0-4,139,65.7875368135941,139.0,65.8,100.0,Census Tract 4032
2008-2012,26161403200,5-9,183,73.824115301167,183.0,73.8,100.0,Census Tract 4032
2008-2012,26161403200,10-14,185,73.24616030891995,185.0,73.2,100.0,Census Tract 4032
2008-2012,26161403200,15-17,95,67.446274915669,95.0,67.4,100.0,Census Tract 4032
2008-2012,26161403300,total,3869,237,3869.0,237.0,100.0,Census Tract 4033
2008-2012,26161403300,0-4,207,77.7946013551069,207.0,77.8,100.0,Census Tract 4033
2008-2012,26161403300,5-9,221,82.20097323024831,221.0,82.2,100.0,Census Tract 4033
2008-2012,26161403300,10-14,242,101.59724405711013,242.0,101.6,100.0,Census Tract 4033
2008-2012,26161403300,15-17,199,78.60025445251435,199.0,78.6,100.0,Census Tract 4033
2008-2012,26161403400,total,3121,158,3121.0,158.0,100.0,Census Tract 4034
2008-2012,26161403400,0-4,233,77.07788269017253,233.0,77.1,100.0,Census Tract 4034
2008-2012,26161403400,5-9,188,80.7093550959243,188.0,80.7,100.0,Census Tract 4034
2008-2012,26161403400,10-14,142,62.24146527838174,142.0,62.2,100.0,Census Tract 4034
2008-2012,26161403400,15-17,91,45.650848842053314,91.0,45.7,100.0,Census Tract 4034
2008-2012,26161403500,total,2651,199,2651.0,199.0,100.0,Census Tract 4035
2008-2012,26161403500,0-4,184,73.59347797189639,184.0,73.6,100.0,Census Tract 4035
2008-2012,26161403500,5-9,109,50.774009099144415,109.0,50.8,100.0,Census Tract 4035
2008-2012,26161403500,10-14,96,69.28924880528002,96.0,69.3,100.0,Census Tract 4035
2008-2012,26161403500,15-17,47,32.526911934581186,47.0,32.5,100.0,Census Tract 4035
2008-2012,26161403600,total,4616,394,4616.0,394.0,100.0,Census Tract 4036
2008-2012,26161403600,0-4,145,93.15041599477696,145.0,93.2,100.0,Census Tract 4036
2008-2012,26161403600,5-9,201,85.0,201.0,85.0,100.0,Census Tract 4036
2008-2012,26161403600,10-14,255,80.60397012554654,255.0,80.6,100.0,Census Tract 4036
2008-2012,26161403600,15-17,215,95.26804291051643,215.0,95.3,100.0,Census Tract 4036
2008-2012,26161403800,total,3128,230,3128.0,230.0,100.0,Census Tract 4038
2008-2012,26161403800,0-4,202,85.70297544426332,202.0,85.7,100.0,Census Tract 4038
2008-2012,26161403800,5-9,244,84.99999999999999,244.0,85.0,100.0,Census Tract 4038
2008-2012,26161403800,10-14,124,66.84309986827361,124.0,66.8,100.0,Census Tract 4038
2008-2012,26161403800,15-17,98,52.630789467763066,98.0,52.6,100.0,Census Tract 4038
2008-2012,26161404100,total,3231,205,3231.0,205.0,100.0,Census Tract 4041
2008-2012,26161404100,0-4,208,69.77822009767806,208.0,69.8,100.0,Census Tract 4041
2008-2012,26161404100,5-9,124,53.075418038862395,124.0,53.1,100.0,Census Tract 4041
2008-2012,26161404100,10-14,150,56.58621740318043,150.0,56.6,100.0,Census Tract 4041
2008-2012,26161404100,15-17,146,68.24221567329127,146.0,68.2,100.0,Census Tract 4041
2008-2012,26161404200,total,2025,195,2025.0,195.0,100.0,Census Tract 4042
2008-2012,26161404200,0-4,190,79.90619500389191,190.0,79.9,100.0,Census Tract 4042
2008-2012,26161404200,5-9,43,45.79301256742124,43.0,45.8,100.0,Census Tract 4042
2008-2012,26161404200,10-14,88,74.72616676907761,88.0,74.7,100.0,Census Tract 4042
2008-2012,26161404200,15-17,83,55.803225713214815,83.0,55.8,100.0,Census Tract 4042
2008-2012,26161404300,total,2762,205,2762.0,205.0,100.0,Census Tract 4043
2008-2012,26161404300,0-4,136,68.24221567329127,136.0,68.2,100.0,Census Tract 4043
2008-2012,26161404300,5-9,191,112.37882362794157,191.0,112.4,100.0,Census Tract 4043
2008-2012,26161404300,10-14,198,81.8413098624405,198.0,81.8,100.0,Census Tract 4043
2008-2012,26161404300,15-17,117,58.52349955359813,117.0,58.5,100.0,Census Tract 4043
2008-2012,26161404400,total,2181,122,2181.0,122.0,100.0,Census Tract 4044
2008-2012,26161404400,0-4,91,36.06937759374287,91.0,36.1,100.0,Census Tract 4044
2008-2012,26161404400,5-9,132,47.50789408087881,132.0,47.5,100.0,Census Tract 4044
2008-2012,26161404400,10-14,145,51.61395160225576,145.0,51.6,100.0,Census Tract 4044
2008-2012,26161404400,15-17,61,30.805843601498726,61.0,30.8,100.0,Census Tract 4044
2008-2012,26161404500,total,4593,404,4593.0,404.0,100.0,Census Tract 4045
2008-2012,26161404500,0-4,149,80.15609770940698,149.0,80.2,100.0,Census Tract 4045
2008-2012,26161404500,5-9,117,79.0253124005214,117.0,79.0,100.0,Census Tract 4045
2008-2012,26161404500,10-14,147,74.06078584514209,147.0,74.1,100.0,Census Tract 4045
2008-2012,26161404500,15-17,99,86.82165628459296,99.0,86.8,100.0,Census Tract 4045
2008-2012,26161404600,total,4137,331,4137.0,331.0,100.0,Census Tract 4046
2008-2012,26161404600,0-4,241,108.90821823902913,241.0,108.9,100.0,Census Tract 4046
2008-2012,26161404600,5-9,111,67.4166151627327,111.0,67.4,100.0,Census Tract 4046
2008-2012,26161404600,10-14,96,65.79513659838393,96.0,65.8,100.0,Census Tract 4046
2008-2012,26161404600,15-17,145,73.76313442364011,145.0,73.8,100.0,Census Tract 4046
2008-2012,26161405100,total,2276,182,2276.0,182.0,100.0,Census Tract 4051
2008-2012,26161405100,0-4,79,64.40496875241847,79.0,64.4,100.0,Census Tract 4051
2008-2012,26161405100,5-9,100,65.0,100.0,65.0,100.0,Census Tract 4051
2008-2012,26161405100,10-14,148,84.1486779456457,148.0,84.1,100.0,Census Tract 4051
2008-2012,26161405100,15-17,121,61.07372593840987,121.0,61.1,100.0,Census Tract 4051
2008-2012,26161405200,total,5261,329,5261.0,329.0,100.0,Census Tract 4052
2008-2012,26161405200,0-4,302,106.01886624558858,302.0,106.0,100.0,Census Tract 4052
2008-2012,26161405200,5-9,224,105.64563407921787,224.0,105.6,100.0,Census Tract 4052
2008-2012,26161405200,10-14,208,100.12492197250393,208.0,100.1,100.0,Census Tract 4052
2008-2012,26161405200,15-17,258,98.11218069128827,258.0,98.1,100.0,Census Tract 4052
2008-2012,26161405300,total,4999,232,4999.0,232.0,100.0,Census Tract 4053
2008-2012,26161405300,0-4,202,90.68627239003708,202.0,90.7,100.0,Census Tract 4053
2008-2012,26161405300,5-9,265,79.24645102463579,265.0,79.2,100.0,Census Tract 4053
2008-2012,26161405300,10-14,447,98.40731680114035,447.0,98.4,100.0,Census Tract 4053
2008-2012,26161405300,15-17,316,100.40418317978589,316.0,100.4,100.0,Census Tract 4053
2008-2012,26161405400,total,2198,215,2198.0,215.0,100.0,Census Tract 4054
2008-2012,26161405400,0-4,71,55.10898293381942,71.0,55.1,100.0,Census Tract 4054
2008-2012,26161405400,5-9,150,82.36504112789599,150.0,82.4,100.0,Census Tract 4054
2008-2012,26161405400,10-14,135,56.72741841473134,135.0,56.7,100.0,Census Tract 4054
2008-2012,26161405400,15-17,9,17.204650534085253,9.0,17.2,100.0,Census Tract 4054
2008-2012,26161405500,total,2299,213,2299.0,213.0,100.0,Census Tract 4055
2008-2012,26161405500,0-4,84,62.008063991709975,84.0,62.0,100.0,Census Tract 4055
2008-2012,26161405500,5-9,166,86.83317338436963,166.0,86.8,100.0,Census Tract 4055
2008-2012,26161405500,10-14,111,66.24198064671678,111.0,66.2,100.0,Census Tract 4055
2008-2012,26161405500,15-17,76,54.40588203494177,76.0,54.4,100.0,Census Tract 4055
2008-2012,26161405600,total,4543,368,4543.0,368.0,100.0,Census Tract 4056
2008-2012,26161405600,0-4,417,143.66976021418006,417.0,143.7,100.0,Census Tract 4056
2008-2012,26161405600,5-9,278,105.68348972285123,278.0,105.7,100.0,Census Tract 4056
2008-2012,26161405600,10-14,286,104.20172743289815,286.0,104.2,100.0,Census Tract 4056
2008-2012,26161405600,15-17,184,96.56603957913984,184.0,96.6,100.0,Census Tract 4056
2008-2012,26161406000,total,3387,171,3387.0,171.0,100.0,Census Tract 4060
2008-2012,26161406000,0-4,142,59.203040462462724,142.0,59.2,100.0,Census Tract 4060
2008-2012,26161406000,5-9,222,72.86288492778748,222.0,72.9,100.0,Census Tract 4060
2008-2012,26161406000,10-14,289,100.49875621120891,289.0,100.5,100.0,Census Tract 4060
2008-2012,26161406000,15-17,99,43.86342439892262,99.0,43.9,100.0,Census Tract 4060
2008-2012,26161407000,total,5067,434,1738.0,148.9,34.3,Census Tract 4070
2008-2012,26161407000,0-4,231,102.61578825892242,79.2,35.2,34.3,Census Tract 4070
2008-2012,26161407000,5-9,255,98.59513172565875,87.5,33.8,34.3,Census Tract 4070
2008-2012,26161407000,10-14,388,122.44182292011175,133.1,42.0,34.3,Census Tract 4070
2008-2012,26161407000,15-17,201,85.0,68.9,29.2,34.3,Census Tract 4070
2008-2012,26161414000,total,3435,276,3435.0,276.0,100.0,Census Tract 4140
2008-2012,26161414000,0-4,132,74.88658090739622,132.0,74.9,100.0,Census Tract 4140
2008-2012,26161414000,5-9,220,143.0034964607509,220.0,143.0,100.0,Census Tract 4140
2008-2012,26161414000,10-14,153,108.4665847162157,153.0,108.5,100.0,Census Tract 4140
2008-2012,26161414000,15-17,80,56.61271941887265,80.0,56.6,100.0,Census Tract 4140
2008-2012,26161414200,total,3042,243,3042.0,243.0,100.0,Census Tract 4142
2008-2012,26161414200,0-4,116,64.88451279003334,116.0,64.9,100.0,Census Tract 4142
2008-2012,26161414200,5-9,146,71.44928271158501,146.0,71.4,100.0,Census Tract 4142
2008-2012,26161414200,10-14,157,84.95881355103778,157.0,85.0,100.0,Census Tract 4142
2008-2012,26161414200,15-17,161,64.20280367709809,161.0,64.2,100.0,Census Tract 4142
2008-2012,26161414300,total,2856,304,2856.0,304.0,100.0,Census Tract 4143
2008-2012,26161414300,0-4,145,65.76473218982953,145.0,65.8,100.0,Census Tract 4143
2008-2012,26161414300,5-9,194,73.92563831310488,194.0,73.9,100.0,Census Tract 4143
2008-2012,26161414300,10-14,105,58.41232746604093,105.0,58.4,100.0,Census Tract 4143
2008-2012,26161414300,15-17,88,46.61544808322665,88.0,46.6,100.0,Census Tract 4143
2008-2012,26161414500,total,3048,192,3048.0,192.0,100.0,Census Tract 4145
2008-2012,26161414500,0-4,146,59.03388857258177,146.0,59.0,100.0,Census Tract 4145
2008-2012,26161414500,5-9,218,97.082439194738,218.0,97.1,100.0,Census Tract 4145
2008-2012,26161414500,10-14,221,76.4198926981712,221.0,76.4,100.0,Census Tract 4145
2008-2012,26161414500,15-17,142,50.99019513592785,142.0,51.0,100.0,Census Tract 4145
2008-2012,26161414700,total,1587,128,1587.0,128.0,100.0,Census Tract 4147
2008-2012,26161414700,0-4,42,34.205262752974136,42.0,34.2,100.0,Census Tract 4147
2008-2012,26161414700,5-9,24,29.732137494637012,24.0,29.7,100.0,Census Tract 4147
2008-2012,26161414700,10-14,51,31.622776601683793,51.0,31.6,100.0,Census Tract 4147
2008-2012,26161414700,15-17,56,42.72001872658766,56.0,42.7,100.0,Census Tract 4147
2008-2012,26161414900,total,3864,267,3864.0,267.0,100.0,Census Tract 4149
2008-2012,26161414900,0-4,295,90.52071586106685,295.0,90.5,100.0,Census Tract 4149
2008-2012,26161414900,5-9,390,92.45539465060975,390.0,92.5,100.0,Census Tract 4149
2008-2012,26161414900,10-14,336,89.87213138676528,336.0,89.9,100.0,Census Tract 4149
2008-2012,26161414900,15-17,207,78.24321056807422,207.0,78.2,100.0,Census Tract 4149
2008-2012,26161415200,total,1836,189,1836.0,189.0,100.0,Census Tract 4152
2008-2012,26161415200,0-4,81,55.15432893255071,81.0,55.2,100.0,Census Tract 4152
2008-2012,26161415200,5-9,38,25.80697580112788,38.0,25.8,100.0,Census Tract 4152
2008-2012,26161415200,10-14,82,56.22277118748239,82.0,56.2,100.0,Census Tract 4152
2008-2012,26161415200,15-17,50,29.698484809834998,50.0,29.7,100.0,Census Tract 4152
2008-2012,26161415400,total,1764,157,1236.6,110.1,70.1,Census Tract 4154
2008-2012,26161415400,0-4,65,38.28837943815329,45.6,26.8,70.1,Census Tract 4154
2008-2012,26161415400,5-9,89,38.948684188300895,62.4,27.3,70.1,Census Tract 4154
2008-2012,26161415400,10-14,57,30.886890422961,40.0,21.7,70.1,Census Tract 4154
2008-2012,26161415400,15-17,28,20.24845673131659,19.6,14.2,70.1,Census Tract 4154
2008-2012,26161415600,total,2026,145,427.5,30.6,21.1,Census Tract 4156
2008-2012,26161415600,0-4,111,74.46475676452584,23.4,15.7,21.1,Census Tract 4156
2008-2012,26161415600,5-9,173,51.86520991955975,36.5,10.9,21.1,Census Tract 4156
2008-2012,26161415600,10-14,223,61.07372593840987,47.1,12.9,21.1,Census Tract 4156
2008-2012,26161415600,15-17,141,46.86149805543993,29.8,9.9,21.1,Census Tract 4156
2008-2012,26161415800,total,3531,215,1302.9,79.3,36.9,Census Tract 4158
2008-2012,26161415800,0-4,176,77.3886296557834,64.9,28.6,36.9,Census Tract 4158
2008-2012,26161415800,5-9,307,79.07591289387685,113.3,29.2,36.9,Census Tract 4158
2008-2012,26161415800,10-14,376,97.67292357659822,138.7,36.0,36.9,Census Tract 4158
2008-2012,26161415800,15-17,176,61.26989472816156,64.9,22.6,36.9,Census Tract 4158
2008-2012,26161416000,total,3166,225,3166.0,225.0,100.0,Census Tract 4160
2008-2012,26161416000,0-4,241,103.8123306741545,241.0,103.8,100.0,Census Tract 4160
2008-2012,26161416000,5-9,400,97.59098319004681,400.0,97.6,100.0,Census Tract 4160
2008-2012,26161416000,10-14,272,85.98255637046388,272.0,86.0,100.0,Census Tract 4160
2008-2012,26161416000,15-17,115,55.75840743780259,115.0,55.8,100.0,Census Tract 4160
2008-2012,26161416200,total,4067,217,732.1,39.1,18.0,Census Tract 4162
2008-2012,26161416200,0-4,208,69.64194138592059,37.4,12.5,18.0,Census Tract 4162
2008-2012,26161416200,5-9,311,81.32035415564789,56.0,14.6,18.0,Census Tract 4162
2008-2012,26161416200,10-14,252,73.57309290766564,45.4,13.2,18.0,Census Tract 4162
2008-2012,26161416200,15-17,202,81.85963596303127,36.4,14.7,18.0,Census Tract 4162
2008-2012,26161425000,total,4327,189,1761.1,76.9,40.7,Census Tract 4250
2008-2012,26161425000,0-4,122,60.81118318204309,49.7,24.8,40.7,Census Tract 4250
2008-2012,26161425000,5-9,142,62.20128616033595,57.8,25.3,40.7,Census Tract 4250
2008-2012,26161425000,10-14,374,95.01578816175763,152.2,38.7,40.7,Census Tract 4250
2008-2012,26161425000,15-17,320,92.43916918709299,130.2,37.6,40.7,Census Tract 4250
2008-2012,26161453000,total,4807,224,3437.0,160.2,71.5,Census Tract 4530
2008-2012,26161453000,0-4,189,68.6804193347711,135.1,49.1,71.5,Census Tract 4530
2008-2012,26161453000,5-9,184,65.11528238439882,131.6,46.6,71.5,Census Tract 4530
2008-2012,26161453000,10-14,338,83.86894538504703,241.7,60.0,71.5,Census Tract 4530
2008-2012,26161453000,15-17,315,74.96665925596525,225.2,53.6,71.5,Census Tract 4530
2008-2012,26161455000,total,4320,235,1602.7,87.2,37.1,Census Tract 4550
2008-2012,26161455000,0-4,282,99.62429422585637,104.6,37.0,37.1,Census Tract 4550
2008-2012,26161455000,5-9,350,100.56838469419701,129.8,37.3,37.1,Census Tract 4550
2008-2012,26161455000,10-14,333,112.60994627474075,123.5,41.8,37.1,Census Tract 4550
2008-2012,26161455000,15-17,120,60.81118318204309,44.5,22.6,37.1,Census Tract 4550
2008-2012,26161456000,total,5761,272,5761.0,272.0,100.0,Census Tract 4560
2008-2012,26161456000,0-4,513,153.57408635573904,513.0,153.6,100.0,Census Tract 4560
2008-2012,26161456000,5-9,544,146.01369798755184,544.0,146.0,100.0,Census Tract 4560
2008-2012,26161456000,10-14,571,160.55217220579732,571.0,160.6,100.0,Census Tract 4560
2008-2012,26161456000,15-17,249,90.78546139112804,249.0,90.8,100.0,Census Tract 4560
2008-2012,26161461000,total,6763,23,629.0,2.1,9.3,Census Tract 4610
2008-2012,26161461000,0-4,397,153.26447729333762,36.9,14.3,9.3,Census Tract 4610
2008-2012,26161461000,5-9,425,148.8086019019062,39.5,13.8,9.3,Census Tract 4610
2008-2012,26161461000,10-14,677,154.20765220960988,63.0,14.3,9.3,Census Tract 4610
2008-2012,26161461000,15-17,441,111.8659912573969,41.0,10.4,9.3,Census Tract 4610
2008-2012,26161464000,total,5660,17,300.0,0.9,5.3,Census Tract 4640
2008-2012,26161464000,0-4,322,111.94641575325224,17.1,5.9,5.3,Census Tract 4640
2008-2012,26161464000,5-9,165,70.178344238091,8.7,3.7,5.3,Census Tract 4640
2008-2012,26161464000,10-14,464,102.80077820717118,24.6,5.4,5.3,Census Tract 4640
2008-2012,26161464000,15-17,278,106.06601717798213,14.7,5.6,5.3,Census Tract 4640
2008-2012,26161466000,total,2382,245,357.3,36.8,15.0,Census Tract 4660
2008-2012,26161466000,0-4,171,86.05230967266364,25.6,12.9,15.0,Census Tract 4660
2008-2012,26161466000,5-9,146,73.55270219373317,21.9,11.0,15.0,Census Tract 4660
2008-2012,26161466000,10-14,206,63.81222453417527,30.9,9.6,15.0,Census Tract 4660
2008-2012,26161466000,15-17,92,38.91015291668744,13.8,5.8,15.0,Census Tract 4660
2009-2013,26161400100,total,1499,228,1499.0,228.0,100.0,Census Tract 4001
2009-2013,26161400100,0-4,0,14.142135623730951,0.0,14.1,100.0,Census Tract 4001
2009-2013,26161400100,5-9,0,14.142135623730951,0.0,14.1,100.0,Census Tract 4001
2009-2013,26161400100,10-14,0,14.142135623730951,0.0,14.1,100.0,Census Tract 4001
2009-2013,26161400100,15-17,0,14.142135623730951,0.0,14.1,100.0,Census Tract 4001
2009-2013,26161400200,total,6653,647,6653.0,647.0,100.0,Census Tract 4002
2009-2013,26161400200,0-4,0,21.213203435596427,0.0,21.2,100.0,Census Tract 4002
2009-2013,26161400200,5-9,0,21.213203435596427,0.0,21.2,100.0,Census Tract 4002
2009-2013,26161400200,10-14,0,21.213203435596427,0.0,21.2,100.0,Census Tract 4002
2009-2013,26161400200,15-17,204,105.89145385724005,204.0,105.9,100.0,Census Tract 4002
2009-2013,26161400300,total,6912,724,6912.0,724.0,100.0,Census Tract 4003
2009-2013,26161400300,0-4,28,12.369316876852983,28.0,12.4,100.0,Census Tract 4003
2009-2013,26161400300,5-9,9,18.601075237738275,9.0,18.6,100.0,Census Tract 4003
2009-2013,26161400300,10-14,0,21.213203435596427,0.0,21.2,100.0,Census Tract 4003
2009-2013,26161400300,15-17,17,18.02775637731995,17.0,18.0,100.0,Census Tract 4003
2009-2013,26161400400,total,3240,420,3240.0,420.0,100.0,Census Tract 4004
2009-2013,26161400400,0-4,191,76.48529270389179,191.0,76.5,100.0,Census Tract 4004
2009-2013,26161400400,5-9,219,61.71709649683789,219.0,61.7,100.0,Census Tract 4004
2009-2013,26161400400,10-14,158,69.85699678629193,158.0,69.9,100.0,Census Tract 4004
2009-2013,26161400400,15-17,36,26.400757564888174,36.0,26.4,100.0,Census Tract 4004
2009-2013,26161400500,total,6086,705,6086.0,705.0,100.0,Census Tract 4005
2009-2013,26161400500,0-4,0,21.213203435596427,0.0,21.2,100.0,Census Tract 4005
2009-2013,26161400500,5-9,0,21.213203435596427,0.0,21.2,100.0,Census Tract 4005
2009-2013,26161400500,10-14,0,21.213203435596427,0.0,21.2,100.0,Census Tract 4005
2009-2013,26161400500,15-17,0,21.213203435596427,0.0,21.2,100.0,Census Tract 4005
2009-2013,26161400600,total,4191,401,4191.0,401.0,100.0,Census Tract 4006
2009-2013,26161400600,0-4,121,80.62257748298549,121.0,80.6,100.0,Census Tract 4006
2009-2013,26161400600,5-9,172,89.8276126811795,172.0,89.8,100.0,Census Tract 4006
2009-2013,26161400600,10-14,154,72.20110802473879,154.0,72.2,100.0,Census Tract 4006
2009-2013,26161400600,15-17,64,50.44799302251775,64.0,50.4,100.0,Census Tract 4006
2009-2013,26161400700,total,2412,352,2412.0,352.0,100.0,Census Tract 4007
2009-2013,26161400700,0-4,68,48.83646178829911,68.0,48.8,100.0,Census Tract 4007
2009-2013,26161400700,5-9,74,60.74537019394977,74.0,60.7,100.0,Census Tract 4007
2009-2013,26161400700,10-14,42,48.05205510693585,42.0,48.1,100.0,Census Tract 4007
2009-2013,26161400700,15-17,41,40.496913462633174,41.0,40.5,100.0,Census Tract 4007
2009-2013,26161400800,total,2269,357,2269.0,357.0,100.0,Census Tract 4008
2009-2013,26161400800,0-4,8,15.620499351813308,8.0,15.6,100.0,Census Tract 4008
2009-2013,26161400800,5-9,0,14.142135623730951,0.0,14.1,100.0,Census Tract 4008
2009-2013,26161400800,10-14,0,14.142135623730951,0.0,14.1,100.0,Census Tract 4008
2009-2013,26161400800,15-17,0,14.142135623730951,0.0,14.1,100.0,Census Tract 4008
2009-2013,26161402100,total,2558,262,2558.0,262.0,100.0,Census Tract 4021
2009-2013,26161402100,0-4,51,49.03060268852505,51.0,49.0,100.0,Census Tract 4021
2009-2013,26161402100,5-9,88,38.41874542459709,88.0,38.4,100.0,Census Tract 4021
2009-2013,26161402100,10-14,14,18.027756377319946,14.0,18.0,100.0,Census Tract 4021
2009-2013,26161402100,15-17,25,26.172504656604797,25.0,26.2,100.0,Census Tract 4021
2009-2013,26161402200,total,4507,554,4507.0,554.0,100.0,Census Tract 4022
2009-2013,26161402200,0-4,28,26.627053911388696,28.0,26.6,100.0,Census Tract 4022
2009-2013,26161402200,5-9,17,19.1049731745428,17.0,19.1,100.0,Census Tract 4022
2009-2013,26161402200,10-14,0,14.142135623730951,0.0,14.1,100.0,Census Tract 4022
2009-2013,26161402200,15-17,70,54.037024344425184,70.0,54.0,100.0,Census Tract 4022
2009-2013,26161402300,total,2585,181,2585.0,181.0,100.0,Census Tract 4023
2009-2013,26161402300,0-4,90,48.54894437575342,90.0,48.5,100.0,Census Tract 4023
2009-2013,26161402300,5-9,73,35.846896657869834,73.0,35.8,100.0,Census Tract 4023
2009-2013,26161402300,10-14,100,40.45985664828782,100.0,40.5,100.0,Census Tract 4023
2009-2013,26161402300,15-17,30,25.079872407968907,30.0,25.1,100.0,Census Tract 4023
2009-2013,26161402500,total,2205,176,2205.0,176.0,100.0,Census Tract 4025
2009-2013,26161402500,0-4,93,42.52058325093859,93.0,42.5,100.0,Census Tract 4025
2009-2013,26161402500,5-9,85,41.88078318274385,85.0,41.9,100.0,Census Tract 4025
2009-2013,26161402500,10-14,111,53.665631459994955,111.0,53.7,100.0,Census Tract 4025
2009-2013,26161402500,15-17,94,48.41487374764081,94.0,48.4,100.0,Census Tract 4025
2009-2013,26161402600,total,2118,214,2118.0,214.0,100.0,Census Tract 4026
2009-2013,26161402600,0-4,342,90.60905032059435,342.0,90.6,100.0,Census Tract 4026
2009-2013,26161402600,5-9,159,59.413803110051795,159.0,59.4,100.0,Census Tract 4026
2009-2013,26161402600,10-14,24,19.1049731745428,24.0,19.1,100.0,Census Tract 4026
2009-2013,26161402600,15-17,29,22.360679774997898,29.0,22.4,100.0,Census Tract 4026
2009-2013,26161402700,total,5307,343,5307.0,343.0,100.0,Census Tract 4027
2009-2013,26161402700,0-4,461,145.34441853748632,461.0,145.3,100.0,Census Tract 4027
2009-2013,26161402700,5-9,229,127.0944530654269,229.0,127.1,100.0,Census Tract 4027
2009-2013,26161402700,10-14,227,96.04686356149273,227.0,96.0,100.0,Census Tract 4027
2009-2013,26161402700,15-17,232,97.62171889492625,232.0,97.6,100.0,Census Tract 4027
2009-2013,26161403100,total,1569,99,1569.0,99.0,100.0,Census Tract 4031
2009-2013,26161403100,0-4,39,28.600699292150182,39.0,28.6,100.0,Census Tract 4031
2009-2013,26161403100,5-9,160,69.31089380465383,160.0,69.3,100.0,Census Tract 4031
2009-2013,26161403100,10-14,147,48.82622246293481,147.0,48.8,100.0,Census Tract 4031
2009-2013,26161403100,15-17,79,30.886890422961,79.0,30.9,100.0,Census Tract 4031
2009-2013,26161403200,total,3189,193,3189.0,193.0,100.0,Census Tract 4032
2009-2013,26161403200,0-4,117,58.600341295934435,117.0,58.6,100.0,Census Tract 4032
2009-2013,26161403200,5-9,209,73.06161783043132,209.0,73.1,100.0,Census Tract 4032
2009-2013,26161403200,10-14,173,61.55485358604957,173.0,61.6,100.0,Census Tract 4032
2009-2013,26161403200,15-17,109,62.03224967708329,109.0,62.0,100.0,Census Tract 4032
2009-2013,26161403300,total,4029,280,4029.0,280.0,100.0,Census Tract 4033
2009-2013,26161403300,0-4,244,90.55385138137416,244.0,90.6,100.0,Census Tract 4033
2009-2013,26161403300,5-9,243,79.92496481075234,243.0,79.9,100.0,Census Tract 4033
2009-2013,26161403300,10-14,297,112.0044641967453,297.0,112.0,100.0,Census Tract 4033
2009-2013,26161403300,15-17,174,67.17886572427373,174.0,67.2,100.0,Census Tract 4033
2009-2013,26161403400,total,3147,202,3147.0,202.0,100.0,Census Tract 4034
2009-2013,26161403400,0-4,202,73.59347797189639,202.0,73.6,100.0,Census Tract 4034
2009-2013,26161403400,5-9,201,86.6083136886985,201.0,86.6,100.0,Census Tract 4034
2009-2013,26161403400,10-14,113,56.85068161420759,113.0,56.9,100.0,Census Tract 4034
2009-2013,26161403400,15-17,94,50.47771785649585,94.0,50.5,100.0,Census Tract 4034
2009-2013,26161403500,total,2554,177,2554.0,177.0,100.0,Census Tract 4035
2009-2013,26161403500,0-4,163,65.29931086925804,163.0,65.3,100.0,Census Tract 4035
2009-2013,26161403500,5-9,108,49.24428900898052,108.0,49.2,100.0,Census Tract 4035
2009-2013,26161403500,10-14,61,40.0,61.0,40.0,100.0,Census Tract 4035
2009-2013,26161403500,15-17,32,24.839484696748443,32.0,24.8,100.0,Census Tract 4035
2009-2013,26161403600,total,4725,447,4725.0,447.0,100.0,Census Tract 4036
2009-2013,26161403600,0-4,182,122.9308748850345,182.0,122.9,100.0,Census Tract 4036
2009-2013,26161403600,5-9,188,90.87353850269065,188.0,90.9,100.0,Census Tract 4036
2009-2013,26161403600,10-14,197,93.64827814754526,197.0,93.6,100.0,Census Tract 4036
2009-2013,26161403600,15-17,213,97.58073580374355,213.0,97.6,100.0,Census Tract 4036
2009-2013,26161403800,total,3237,216,3237.0,216.0,100.0,Census Tract 4038
2009-2013,26161403800,0-4,196,81.41252974819048,196.0,81.4,100.0,Census Tract 4038
2009-2013,26161403800,5-9,233,86.00581375697809,233.0,86.0,100.0,Census Tract 4038
2009-2013,26161403800,10-14,148,72.18032973047434,148.0,72.2,100.0,Census Tract 4038
2009-2013,26161403800,15-17,108,64.40496875241847,108.0,64.4,100.0,Census Tract 4038
2009-2013,26161404100,total,3227,212,3227.0,212.0,100.0,Census Tract 4041
2009-2013,26161404100,0-4,213,77.20103626247513,213.0,77.2,100.0,Census Tract 4041
2009-2013,26161404100,5-9,139,65.76473218982953,139.0,65.8,100.0,Census Tract 4041
2009-2013,26161404100,10-14,156,63.702433234531945,156.0,63.7,100.0,Census Tract 4041
2009-2013,26161404100,15-17,148,64.20280367709809,148.0,64.2,100.0,Census Tract 4041
2009-2013,26161404200,total,2148,187,2148.0,187.0,100.0,Census Tract 4042
2009-2013,26161404200,0-4,248,87.78382538941898,248.0,87.8,100.0,Census Tract 4042
2009-2013,26161404200,5-9,58,51.24451190127583,58.0,51.2,100.0,Census Tract 4042
2009-2013,26161404200,10-14,48,50.606323715519984,48.0,50.6,100.0,Census Tract 4042
2009-2013,26161404200,15-17,24,34.48187929913333,24.0,34.5,100.0,Census Tract 4042
2009-2013,26161404300,total,2785,201,2785.0,201.0,100.0,Census Tract 4043
2009-2013,26161404300,0-4,113,53.2634959423431,113.0,53.3,100.0,Census Tract 4043
2009-2013,26161404300,5-9,230,106.89246933250254,230.0,106.9,100.0,Census Tract 4043
2009-2013,26161404300,10-14,173,82.92767933567175,173.0,82.9,100.0,Census Tract 4043
2009-2013,26161404300,15-17,112,53.81449618829484,112.0,53.8,100.0,Census Tract 4043
2009-2013,26161404400,total,2255,134,2255.0,134.0,100.0,Census Tract 4044
2009-2013,26161404400,0-4,120,42.0119030752,120.0,42.0,100.0,Census Tract 4044
2009-2013,26161404400,5-9,141,44.41846462902562,141.0,44.4,100.0,Census Tract 4044
2009-2013,26161404400,10-14,139,47.50789408087881,139.0,47.5,100.0,Census Tract 4044
2009-2013,26161404400,15-17,67,31.400636936215164,67.0,31.4,100.0,Census Tract 4044
2009-2013,26161404500,total,4787,383,4787.0,383.0,100.0,Census Tract 4045
2009-2013,26161404500,0-4,136,76.05918747922567,136.0,76.1,100.0,Census Tract 4045
2009-2013,26161404500,5-9,148,99.35793878699377,148.0,99.4,100.0,Census Tract 4045
2009-2013,26161404500,10-14,102,68.00735254367721,102.0,68.0,100.0,Census Tract 4045
2009-2013,26161404500,15-17,42,45.12205669071391,42.0,45.1,100.0,Census Tract 4045
2009-2013,26161404600,total,4283,346,4283.0,346.0,100.0,Census Tract 4046
2009-2013,26161404600,0-4,156,81.43709228600935,156.0,81.4,100.0,Census Tract 4046
2009-2013,26161404600,5-9,136,81.2157620169878,136.0,81.2,100.0,Census Tract 4046
2009-2013,26161404600,10-14,172,127.88275880665071,172.0,127.9,100.0,Census Tract 4046
2009-2013,26161404600,15-17,189,78.7210264160726,189.0,78.7,100.0,Census Tract 4046
2009-2013,26161405100,total,2317,278,2317.0,278.0,100.0,Census Tract 4051
2009-2013,26161405100,0-4,188,138.19189556555045,188.0,138.2,100.0,Census Tract 4051
2009-2013,26161405100,5-9,151,76.21679604916491,151.0,76.2,100.0,Census Tract 4051
2009-2013,26161405100,10-14,136,80.72174428244226,136.0,80.7,100.0,Census Tract 4051
2009-2013,26161405100,15-17,93,61.55485358604957,93.0,61.6,100.0,Census Tract 4051
2009-2013,26161405200,total,5196,355,5196.0,355.0,100.0,Census Tract 4052
2009-2013,26161405200,0-4,202,88.32326986700616,202.0,88.3,100.0,Census Tract 4052
2009-2013,26161405200,5-9,260,113.95174417269797,260.0,114.0,100.0,Census Tract 4052
2009-2013,26161405200,10-14,202,106.78014796768171,202.0,106.8,100.0,Census Tract 4052
2009-2013,26161405200,15-17,253,106.0,253.0,106.0,100.0,Census Tract 4052
2009-2013,26161405300,total,5125,250,5125.0,250.0,100.0,Census Tract 4053
2009-2013,26161405300,0-4,271,84.64632301523793,271.0,84.6,100.0,Census Tract 4053
2009-2013,26161405300,5-9,317,75.69015788066503,317.0,75.7,100.0,Census Tract 4053
2009-2013,26161405300,10-14,387,90.50966799187808,387.0,90.5,100.0,Census Tract 4053
2009-2013,26161405300,15-17,326,105.8158778255891,326.0,105.8,100.0,Census Tract 4053
2009-2013,26161405400,total,2162,209,2162.0,209.0,100.0,Census Tract 4054
2009-2013,26161405400,0-4,129,79.05694150420948,129.0,79.1,100.0,Census Tract 4054
2009-2013,26161405400,5-9,122,74.70609078247904,122.0,74.7,100.0,Census Tract 4054
2009-2013,26161405400,10-14,95,51.62363799656123,95.0,51.6,100.0,Census Tract 4054
2009-2013,26161405400,15-17,43,31.780497164141405,43.0,31.8,100.0,Census Tract 4054
2009-2013,26161405500,total,2455,244,2455.0,244.0,100.0,Census Tract 4055
2009-2013,26161405500,0-4,115,71.11258679024411,115.0,71.1,100.0,Census Tract 4055
2009-2013,26161405500,5-9,188,85.88364221433555,188.0,85.9,100.0,Census Tract 4055
2009-2013,26161405500,10-14,164,82.34682750416071,164.0,82.3,100.0,Census Tract 4055
2009-2013,26161405500,15-17,63,49.03060268852505,63.0,49.0,100.0,Census Tract 4055
2009-2013,26161405600,total,4794,354,4794.0,354.0,100.0,Census Tract 4056
2009-2013,26161405600,0-4,373,128.79829191413992,373.0,128.8,100.0,Census Tract 4056
2009-2013,26161405600,5-9,360,127.9882807135091,360.0,128.0,100.0,Census Tract 4056
2009-2013,26161405600,10-14,341,109.99999999999999,341.0,110.0,100.0,Census Tract 4056
2009-2013,26161405600,15-17,313,124.42266674525185,313.0,124.4,100.0,Census Tract 4056
2009-2013,26161406000,total,3390,179,3390.0,179.0,100.0,Census Tract 4060
2009-2013,26161406000,0-4,92,40.49691346263318,92.0,40.5,100.0,Census Tract 4060
2009-2013,26161406000,5-9,270,81.02468759581859,270.0,81.0,100.0,Census Tract 4060
2009-2013,26161406000,10-14,292,78.56844150166147,292.0,78.6,100.0,Census Tract 4060
2009-2013,26161406000,15-17,97,41.04875150354759,97.0,41.0,100.0,Census Tract 4060
2009-2013,26161407000,total,5000,297,1715.0,101.9,34.3,Census Tract 4070
2009-2013,26161407000,0-4,237,111.75866856758807,81.3,38.3,34.3,Census Tract 4070
2009-2013,26161407000,5-9,226,90.44335243676011,77.5,31.0,34.3,Census Tract 4070
2009-2013,26161407000,10-14,315,104.62313319720452,108.0,35.9,34.3,Census Tract 4070
2009-2013,26161407000,15-17,250,98.40731680114035,85.8,33.8,34.3,Census Tract 4070
2009-2013,26161414000,total,3488,287,3488.0,287.0,100.0,Census Tract 4140
2009-2013,26161414000,0-4,174,84.90583018850943,174.0,84.9,100.0,Census Tract 4140
2009-2013,26161414000,5-9,197,107.91200118615167,197.0,107.9,100.0,Census Tract 4140
2009-2013,26161414000,10-14,115,97.51410154434075,115.0,97.5,100.0,Census Tract 4140
2009-2013,26161414000,15-17,120,65.29931086925804,120.0,65.3,100.0,Census Tract 4140
2009-2013,26161414200,total,2895,252,2895.0,252.0,100.0,Census Tract 4142
2009-2013,26161414200,0-4,118,65.52098900352466,118.0,65.5,100.0,Census Tract 4142
2009-2013,26161414200,5-9,129,62.008063991709975,129.0,62.0,100.0,Census Tract 4142
2009-2013,26161414200,10-14,135,70.83784299369934,135.0,70.8,100.0,Census Tract 4142
2009-2013,26161414200,15-17,140,57.14017850864661,140.0,57.1,100.0,Census Tract 4142
2009-2013,26161414300,total,2954,355,2954.0,355.0,100.0,Census Tract 4143
2009-2013,26161414300,0-4,216,101.83319694480772,216.0,101.8,100.0,Census Tract 4143
2009-2013,26161414300,5-9,159,53.41348144429457,159.0,53.4,100.0,Census Tract 4143
2009-2013,26161414300,10-14,77,48.79549159502341,77.0,48.8,100.0,Census Tract 4143
2009-2013,26161414300,15-17,101,60.67124524847006,101.0,60.7,100.0,Census Tract 4143
2009-2013,26161414500,total,2948,179,2948.0,179.0,100.0,Census Tract 4145
2009-2013,26161414500,0-4,147,71.06335201775948,147.0,71.1,100.0,Census Tract 4145
2009-2013,26161414500,5-9,242,123.43419299367578,242.0,123.4,100.0,Census Tract 4145
2009-2013,26161414500,10-14,119,63.702433234531945,119.0,63.7,100.0,Census Tract 4145
2009-2013,26161414500,15-17,112,52.201532544552755,112.0,52.2,100.0,Census Tract 4145
2009-2013,26161414700,total,1535,182,1535.0,182.0,100.0,Census Tract 4147
2009-2013,26161414700,0-4,91,73.824115301167,91.0,73.8,100.0,Census Tract 4147
2009-2013,26161414700,5-9,16,19.697715603592208,16.0,19.7,100.0,Census Tract 4147
2009-2013,26161414700,10-14,59,40.311288741492746,59.0,40.3,100.0,Census Tract 4147
2009-2013,26161414700,15-17,35,24.738633753705965,35.0,24.7,100.0,Census Tract 4147
2009-2013,26161414900,total,3804,241,3804.0,241.0,100.0,Census Tract 4149
2009-2013,26161414900,0-4,256,82.07313811473277,256.0,82.1,100.0,Census Tract 4149
2009-2013,26161414900,5-9,331,93.34880824091971,331.0,93.3,100.0,Census Tract 4149
2009-2013,26161414900,10-14,295,79.0253124005214,295.0,79.0,100.0,Census Tract 4149
2009-2013,26161414900,15-17,225,83.40863264674705,225.0,83.4,100.0,Census Tract 4149
2009-2013,26161415200,total,1800,176,1800.0,176.0,100.0,Census Tract 4152
2009-2013,26161415200,0-4,61,31.240998703626616,61.0,31.2,100.0,Census Tract 4152
2009-2013,26161415200,5-9,37,21.633307652783934,37.0,21.6,100.0,Census Tract 4152
2009-2013,26161415200,10-14,92,53.600373133029585,92.0,53.6,100.0,Census Tract 4152
2009-2013,26161415200,15-17,58,31.064449134018137,58.0,31.1,100.0,Census Tract 4152
2009-2013,26161415400,total,2010,145,1409.0,101.6,70.1,Census Tract 4154
2009-2013,26161415400,0-4,80,37.64306044943743,56.1,26.4,70.1,Census Tract 4154
2009-2013,26161415400,5-9,132,57.28001396647874,92.5,40.2,70.1,Census Tract 4154
2009-2013,26161415400,10-14,115,48.02082881417188,80.6,33.7,70.1,Census Tract 4154
2009-2013,26161415400,15-17,43,31.89043743820395,30.1,22.4,70.1,Census Tract 4154
2009-2013,26161415600,total,1989,189,419.7,39.9,21.1,Census Tract 4156
2009-2013,26161415600,0-4,65,32.31098884280702,13.7,6.8,21.1,Census Tract 4156
2009-2013,26161415600,5-9,220,55.072679252057455,46.4,11.6,21.1,Census Tract 4156
2009-2013,26161415600,10-14,213,56.568542494923804,44.9,11.9,21.1,Census Tract 4156
2009-2013,26161415600,15-17,135,43.60045871318328,28.5,9.2,21.1,Census Tract 4156
2009-2013,26161415800,total,3587,240,1323.6,88.6,36.9,Census Tract 4158
2009-2013,26161415800,0-4,192,82.76472678623425,70.8,30.5,36.9,Census Tract 4158
2009-2013,26161415800,5-9,278,85.42833253669417,102.6,31.5,36.9,Census Tract 4158
2009-2013,26161415800,10-14,372,97.83659846908007,137.3,36.1,36.9,Census Tract 4158
2009-2013,26161415800,15-17,188,57.201398584300364,69.4,21.1,36.9,Census Tract 4158
2009-2013,26161416000,total,3221,249,3221.0,249.0,100.0,Census Tract 4160
2009-2013,26161416000,0-4,185,73.55270219373317,185.0,73.6,100.0,Census Tract 4160
2009-2013,26161416000,5-9,348,104.35037134576953,348.0,104.4,100.0,Census Tract 4160
2009-2013,26161416000,10-14,331,85.21150157109074,331.0,85.2,100.0,Census Tract 4160
2009-2013,26161416000,15-17,142,67.4166151627327,142.0,67.4,100.0,Census Tract 4160
2009-2013,26161416200,total,4055,255,729.9,45.9,18.0,Census Tract 4162
2009-2013,26161416200,0-4,209,60.207972893961475,37.6,10.8,18.0,Census Tract 4162
2009-2013,26161416200,5-9,240,72.24956747275377,43.2,13.0,18.0,Census Tract 4162
2009-2013,26161416200,10-14,302,85.27602242131137,54.4,15.3,18.0,Census Tract 4162
2009-2013,26161416200,15-17,201,81.30190649671138,36.2,14.6,18.0,Census Tract 4162
2009-2013,26161425000,total,4232,154,1722.4,62.7,40.7,Census Tract 4250
2009-2013,26161425000,0-4,101,54.99999999999999,41.1,22.4,40.7,Census Tract 4250
2009-2013,26161425000,5-9,147,59.94163828258283,59.8,24.4,40.7,Census Tract 4250
2009-2013,26161425000,10-14,426,108.90362712049584,173.4,44.3,40.7,Census Tract 4250
2009-2013,26161425000,15-17,266,76.38062581571324,108.3,31.1,40.7,Census Tract 4250
2009-2013,26161453000,total,5118,248,3659.4,177.3,71.5,Census Tract 4530
2009-2013,26161453000,0-4,207,78.64477096412705,148.0,56.2,71.5,Census Tract 4530
2009-2013,26161453000,5-9,252,83.86298349093,180.2,60.0,71.5,Census Tract 4530
2009-2013,26161453000,10-14,381,83.45058418010025,272.4,59.7,71.5,Census Tract 4530
2009-2013,26161453000,15-17,330,82.6196102629394,235.9,59.1,71.5,Census Tract 4530
2009-2013,26161455000,total,4469,314,1658.0,116.5,37.1,Census Tract 4550
2009-2013,26161455000,0-4,294,104.13932974625868,109.1,38.6,37.1,Census Tract 4550
2009-2013,26161455000,5-9,493,130.83195328359201,182.9,48.5,37.1,Census Tract 4550
2009-2013,26161455000,10-14,312,100.44899203078147,115.8,37.3,37.1,Census Tract 4550
2009-2013,26161455000,15-17,126,58.83026432033091,46.7,21.8,37.1,Census Tract 4550
2009-2013,26161456000,total,5679,345,5679.0,345.0,100.0,Census Tract 4560
2009-2013,26161456000,0-4,506,160.86018774078315,506.0,160.9,100.0,Census Tract 4560
2009-2013,26161456000,5-9,541,158.22136391777187,541.0,158.2,100.0,Census Tract 4560
2009-2013,26161456000,10-14,530,174.7483905505284,530.0,174.7,100.0,Census Tract 4560
2009-2013,26161456000,15-17,219,88.2043082847998,219.0,88.2,100.0,Census Tract 4560
2009-2013,26161461000,total,6851,25,637.1,2.3,9.3,Census Tract 4610
2009-2013,26161461000,0-4,386,146.37281168304446,35.9,13.6,9.3,Census Tract 4610
2009-2013,26161461000,5-9,526,166.20770138594662,48.9,15.5,9.3,Census Tract 4610
2009-2013,26161461000,10-14,599,152.7612516314265,55.7,14.2,9.3,Census Tract 4610
2009-2013,26161461000,15-17,358,99.29753269845126,33.3,9.2,9.3,Census Tract 4610
2009-2013,26161464000,total,5700,19,302.1,1.0,5.3,Census Tract 4640
2009-2013,26161464000,0-4,260,130.86252328302402,13.8,6.9,5.3,Census Tract 4640
2009-2013,26161464000,5-9,183,80.77747210701756,9.7,4.3,5.3,Census Tract 4640
2009-2013,26161464000,10-14,426,124.01612798341995,22.6,6.6,5.3,Census Tract 4640
2009-2013,26161464000,15-17,280,107.18675291284832,14.8,5.7,5.3,Census Tract 4640
2009-2013,26161466000,total,2553,230,382.9,34.5,15.0,Census Tract 4660
2009-2013,26161466000,0-4,206,98.85848471426215,30.9,14.8,15.0,Census Tract 4660
2009-2013,26161466000,5-9,154,71.7007670809734,23.1,10.8,15.0,Census Tract 4660
2009-2013,26161466000,10-14,216,72.94518489934754,32.4,10.9,15.0,Census Tract 4660
2009-2013,26161466000,15-17,82,36.06937759374287,12.3,5.4,15.0,Census Tract 4660
2010-2014,26161400100,total,1687,246,1687.0,246.0,100.0,Census Tract 4001
2010-2014,26161400100,0-4,0,14.142135623730951,0.0,14.1,100.0,Census Tract 4001
2010-2014,26161400100,5-9,0,14.142135623730951,0.0,14.1,100.0,Census Tract 4001
2010-2014,26161400100,10-14,0,14.142135623730951,0.0,14.1,100.0,Census Tract 4001
2010-2014,26161400100,15-17,0,14.142135623730951,0.0,14.1,100.0,Census Tract 4001
2010-2014,26161400200,total,6281,1132,6281.0,1132.0,100.0,Census Tract 4002
2010-2014,26161400200,0-4,0,19.79898987322333,0.0,19.8,100.0,Census Tract 4002
2010-2014,26161400200,5-9,0,19.79898987322333,0.0,19.8,100.0,Census Tract 4002
2010-2014,26161400200,10-14,0,19.79898987322333,0.0,19.8,100.0,Census Tract 4002
2010-2014,26161400200,15-17,256,155.0,256.0,155.0,100.0,Census Tract 4002
2010-2014,26161400300,total,6536,722,6536.0,722.0,100.0,Census Tract 4003
2010-2014,26161400300,0-4,13,11.401754250991381,13.0,11.4,100.0,Census Tract 4003
2010-2014,26161400300,5-9,12,17.804493814764857,12.0,17.8,100.0,Census Tract 4003
2010-2014,26161400300,10-14,0,19.79898987322333,0.0,19.8,100.0,Census Tract 4003
2010-2014,26161400300,15-17,31,25.0,31.0,25.0,100.0,Census Tract 4003
2010-2014,26161400400,total,3397,322,3397.0,322.0,100.0,Census Tract 4004
2010-2014,26161400400,0-4,185,70.178344238091,185.0,70.2,100.0,Census Tract 4004
2010-2014,26161400400,5-9,221,53.037722424704484,221.0,53.0,100.0,Census Tract 4004
2010-2014,26161400400,10-14,130,53.74011537017761,130.0,53.7,100.0,Census Tract 4004
2010-2014,26161400400,15-17,71,42.638011210655684,71.0,42.6,100.0,Census Tract 4004
2010-2014,26161400500,total,6262,648,6262.0,648.0,100.0,Census Tract 4005
2010-2014,26161400500,0-4,0,19.79898987322333,0.0,19.8,100.0,Census Tract 4005
2010-2014,26161400500,5-9,0,19.79898987322333,0.0,19.8,100.0,Census Tract 4005
2010-2014,26161400500,10-14,0,19.79898987322333,0.0,19.8,100.0,Census Tract 4005
2010-2014,26161400500,15-17,0,19.79898987322333,0.0,19.8,100.0,Census Tract 4005
2010-2014,26161400600,total,4295,362,4295.0,362.0,100.0,Census Tract 4006
2010-2014,26161400600,0-4,108,67.89698078707183,108.0,67.9,100.0,Census Tract 4006
2010-2014,26161400600,5-9,126,77.6659513557904,126.0,77.7,100.0,Census Tract 4006
2010-2014,26161400600,10-14,231,89.89438247187641,231.0,89.9,100.0,Census Tract 4006
2010-2014,26161400600,15-17,46,44.14748010928823,46.0,44.1,100.0,Census Tract 4006
2010-2014,26161400700,total,2567,377,2567.0,377.0,100.0,Census Tract 4007
2010-2014,26161400700,0-4,45,38.47076812334269,45.0,38.5,100.0,Census Tract 4007
2010-2014,26161400700,5-9,38,35.468295701936405,38.0,35.5,100.0,Census Tract 4007
2010-2014,26161400700,10-14,64,33.526109228480415,64.0,33.5,100.0,Census Tract 4007
2010-2014,26161400700,15-17,66,45.79301256742124,66.0,45.8,100.0,Census Tract 4007
2010-2014,26161400800,total,2478,335,2478.0,335.0,100.0,Census Tract 4008
2010-2014,26161400800,0-4,8,16.401219466856723,8.0,16.4,100.0,Census Tract 4008
2010-2014,26161400800,5-9,3,12.206555615733702,3.0,12.2,100.0,Census Tract 4008
2010-2014,26161400800,10-14,0,14.142135623730951,0.0,14.1,100.0,Census Tract 4008
2010-2014,26161400800,15-17,0,14.142135623730951,0.0,14.1,100.0,Census Tract 4008
2010-2014,26161402100,total,2560,227,2560.0,227.0,100.0,Census Tract 4021
2010-2014,26161402100,0-4,49,43.174066289845804,49.0,43.2,100.0,Census Tract 4021
2010-2014,26161402100,5-9,67,36.71511950137164,67.0,36.7,100.0,Census Tract 4021
2010-2014,26161402100,10-14,22,24.166091947189148,22.0,24.2,100.0,Census Tract 4021
2010-2014,26161402100,15-17,21,18.384776310850235,21.0,18.4,100.0,Census Tract 4021
2010-2014,26161402200,total,4734,641,4734.0,641.0,100.0,Census Tract 4022
2010-2014,26161402200,0-4,27,26.0,27.0,26.0,100.0,Census Tract 4022
2010-2014,26161402200,5-9,18,19.1049731745428,18.0,19.1,100.0,Census Tract 4022
2010-2014,26161402200,10-14,0,14.142135623730951,0.0,14.1,100.0,Census Tract 4022
2010-2014,26161402200,15-17,56,45.0,56.0,45.0,100.0,Census Tract 4022
2010-2014,26161402300,total,2643,200,2643.0,200.0,100.0,Census Tract 4023
2010-2014,26161402300,0-4,127,48.82622246293481,127.0,48.8,100.0,Census Tract 4023
2010-2014,26161402300,5-9,90,48.76474136094643,90.0,48.8,100.0,Census Tract 4023
2010-2014,26161402300,10-14,86,37.53664875824691,86.0,37.5,100.0,Census Tract 4023
2010-2014,26161402300,15-17,31,22.847319317591726,31.0,22.8,100.0,Census Tract 4023
2010-2014,26161402500,total,2094,135,2094.0,135.0,100.0,Census Tract 4025
2010-2014,26161402500,0-4,119,46.86149805543993,119.0,46.9,100.0,Census Tract 4025
2010-2014,26161402500,5-9,71,35.0,71.0,35.0,100.0,Census Tract 4025
2010-2014,26161402500,10-14,90,51.86520991955975,90.0,51.9,100.0,Census Tract 4025
2010-2014,26161402500,15-17,60,34.40930106817051,60.0,34.4,100.0,Census Tract 4025
2010-2014,26161402600,total,2100,199,2100.0,199.0,100.0,Census Tract 4026
2010-2014,26161402600,0-4,362,94.76286192385706,362.0,94.8,100.0,Census Tract 4026
2010-2014,26161402600,5-9,152,48.104053883222775,152.0,48.1,100.0,Census Tract 4026
2010-2014,26161402600,10-14,35,24.08318915758459,35.0,24.1,100.0,Census Tract 4026
2010-2014,26161402600,15-17,30,18.35755975068582,30.0,18.4,100.0,Census Tract 4026
2010-2014,26161402700,total,5297,315,5297.0,315.0,100.0,Census Tract 4027
2010-2014,26161402700,0-4,426,153.60013020827816,426.0,153.6,100.0,Census Tract 4027
2010-2014,26161402700,5-9,288,130.64838307457157,288.0,130.6,100.0,Census Tract 4027
2010-2014,26161402700,10-14,259,110.38568747804219,259.0,110.4,100.0,Census Tract 4027
2010-2014,26161402700,15-17,223,94.06912352095135,223.0,94.1,100.0,Census Tract 4027
2010-2014,26161403100,total,1490,109,1490.0,109.0,100.0,Census Tract 4031
2010-2014,26161403100,0-4,47,24.758836806279895,47.0,24.8,100.0,Census Tract 4031
2010-2014,26161403100,5-9,122,52.630789467763066,122.0,52.6,100.0,Census Tract 4031
2010-2014,26161403100,10-14,99,40.6078810084939,99.0,40.6,100.0,Census Tract 4031
2010-2014,26161403100,15-17,83,30.610455730027937,83.0,30.6,100.0,Census Tract 4031
2010-2014,26161403200,total,3099,173,3099.0,173.0,100.0,Census Tract 4032
2010-2014,26161403200,0-4,122,58.83026432033091,122.0,58.8,100.0,Census Tract 4032
2010-2014,26161403200,5-9,216,64.20280367709809,216.0,64.2,100.0,Census Tract 4032
2010-2014,26161403200,10-14,173,55.22680508593631,173.0,55.2,100.0,Census Tract 4032
2010-2014,26161403200,15-17,109,53.71219600798314,109.0,53.7,100.0,Census Tract 4032
2010-2014,26161403300,total,4126,329,4126.0,329.0,100.0,Census Tract 4033
2010-2014,26161403300,0-4,263,94.17536832951598,263.0,94.2,100.0,Census Tract 4033
2010-2014,26161403300,5-9,242,85.0881895447306,242.0,85.1,100.0,Census Tract 4033
2010-2014,26161403300,10-14,225,102.45974819410792,225.0,102.5,100.0,Census Tract 4033
2010-2014,26161403300,15-17,186,86.02325267042626,186.0,86.0,100.0,Census Tract 4033
2010-2014,26161403400,total,3234,193,3234.0,193.0,100.0,Census Tract 4034
2010-2014,26161403400,0-4,168,66.70832032063166,168.0,66.7,100.0,Census Tract 4034
2010-2014,26161403400,5-9,178,77.02596964660685,178.0,77.0,100.0,Census Tract 4034
2010-2014,26161403400,10-14,212,63.89053137985315,212.0,63.9,100.0,Census Tract 4034
2010-2014,26161403400,15-17,101,45.48626166217664,101.0,45.5,100.0,Census Tract 4034
2010-2014,26161403500,total,2463,168,2463.0,168.0,100.0,Census Tract 4035
2010-2014,26161403500,0-4,166,65.43699259593154,166.0,65.4,100.0,Census Tract 4035
2010-2014,26161403500,5-9,105,41.182520563947996,105.0,41.2,100.0,Census Tract 4035
2010-2014,26161403500,10-14,105,50.93132631298737,105.0,50.9,100.0,Census Tract 4035
2010-2014,26161403500,15-17,50,29.732137494637012,50.0,29.7,100.0,Census Tract 4035
2010-2014,26161403600,total,5291,401,5291.0,401.0,100.0,Census Tract 4036
2010-2014,26161403600,0-4,206,124.86793023030371,206.0,124.9,100.0,Census Tract 4036
2010-2014,26161403600,5-9,226,112.69871339105873,226.0,112.7,100.0,Census Tract 4036
2010-2014,26161403600,10-14,258,102.6498904042279,258.0,102.6,100.0,Census Tract 4036
2010-2014,26161403600,15-17,212,90.69729874698584,212.0,90.7,100.0,Census Tract 4036
2010-2014,26161403800,total,3128,216,3128.0,216.0,100.0,Census Tract 4038
2010-2014,26161403800,0-4,181,86.6083136886985,181.0,86.6,100.0,Census Tract 4038
2010-2014,26161403800,5-9,142,54.20332093147061,142.0,54.2,100.0,Census Tract 4038
2010-2014,26161403800,10-14,143,56.72741841473134,143.0,56.7,100.0,Census Tract 4038
2010-2014,26161403800,15-17,87,64.38167441127949,87.0,64.4,100.0,Census Tract 4038
2010-2014,26161404100,total,3450,278,3450.0,278.0,100.0,Census Tract 4041
2010-2014,26161404100,0-4,200,95.85405573057407,200.0,95.9,100.0,Census Tract 4041
2010-2014,26161404100,5-9,203,82.07313811473277,203.0,82.1,100.0,Census Tract 4041
2010-2014,26161404100,10-14,184,68.01470429252781,184.0,68.0,100.0,Census Tract 4041
2010-2014,26161404100,15-17,142,74.33034373659252,142.0,74.3,100.0,Census Tract 4041
2010-2014,26161404200,total,2158,160,2158.0,160.0,100.0,Census Tract 4042
2010-2014,26161404200,0-4,163,55.317266743757315,163.0,55.3,100.0,Census Tract 4042
2010-2014,26161404200,5-9,144,52.4022900262956,144.0,52.4,100.0,Census Tract 4042
2010-2014,26161404200,10-14,68,44.94441010848846,68.0,44.9,100.0,Census Tract 4042
2010-2014,26161404200,15-17,20,26.0,20.0,26.0,100.0,Census Tract 4042
2010-2014,26161404300,total,2743,207,2743.0,207.0,100.0,Census Tract 4043
2010-2014,26161404300,0-4,104,47.634021455258214,104.0,47.6,100.0,Census Tract 4043
2010-2014,26161404300,5-9,221,111.82575731914362,221.0,111.8,100.0,Census Tract 4043
2010-2014,26161404300,10-14,192,87.66413177577246,192.0,87.7,100.0,Census Tract 4043
2010-2014,26161404300,15-17,108,49.040799340956916,108.0,49.0,100.0,Census Tract 4043
2010-2014,26161404400,total,2174,160,2174.0,160.0,100.0,Census Tract 4044
2010-2014,26161404400,0-4,136,61.32699242584784,136.0,61.3,100.0,Census Tract 4044
2010-2014,26161404400,5-9,107,46.06517122512408,107.0,46.1,100.0,Census Tract 4044
2010-2014,26161404400,10-14,125,47.4236228055175,125.0,47.4,100.0,Census Tract 4044
2010-2014,26161404400,15-17,81,36.61966684720111,81.0,36.6,100.0,Census Tract 4044
2010-2014,26161404500,total,4848,443,4848.0,443.0,100.0,Census Tract 4045
2010-2014,26161404500,0-4,197,92.35799911215055,197.0,92.4,100.0,Census Tract 4045
2010-2014,26161404500,5-9,198,117.03418304068259,198.0,117.0,100.0,Census Tract 4045
2010-2014,26161404500,10-14,88,65.76473218982953,88.0,65.8,100.0,Census Tract 4045
2010-2014,26161404500,15-17,89,69.72087205421342,89.0,69.7,100.0,Census Tract 4045
2010-2014,26161404600,total,4527,426,4527.0,426.0,100.0,Census Tract 4046
2010-2014,26161404600,0-4,250,100.56838469419701,250.0,100.6,100.0,Census Tract 4046
2010-2014,26161404600,5-9,135,73.00684899377592,135.0,73.0,100.0,Census Tract 4046
2010-2014,26161404600,10-14,141,75.39230729988306,141.0,75.4,100.0,Census Tract 4046
2010-2014,26161404600,15-17,172,86.00581375697809,172.0,86.0,100.0,Census Tract 4046
2010-2014,26161405100,total,2345,197,2345.0,197.0,100.0,Census Tract 4051
2010-2014,26161405100,0-4,214,98.61541461658011,214.0,98.6,100.0,Census Tract 4051
2010-2014,26161405100,5-9,151,73.87827826905551,151.0,73.9,100.0,Census Tract 4051
2010-2014,26161405100,10-14,111,61.55485358604957,111.0,61.6,100.0,Census Tract 4051
2010-2014,26161405100,15-17,84,50.99019513592785,84.0,51.0,100.0,Census Tract 4051
2010-2014,26161405200,total,4853,284,4853.0,284.0,100.0,Census Tract 4052
2010-2014,26161405200,0-4,226,135.88230201170424,226.0,135.9,100.0,Census Tract 4052
2010-2014,26161405200,5-9,185,96.04165762834376,185.0,96.0,100.0,Census Tract 4052
2010-2014,26161405200,10-14,128,85.44003745317531,128.0,85.4,100.0,Census Tract 4052
2010-2014,26161405200,15-17,283,120.76837334335508,283.0,120.8,100.0,Census Tract 4052
2010-2014,26161405300,total,5184,222,5184.0,222.0,100.0,Census Tract 4053
2010-2014,26161405300,0-4,330,89.9388681271896,330.0,89.9,100.0,Census Tract 4053
2010-2014,26161405300,5-9,285,81.34494452638098,285.0,81.3,100.0,Census Tract 4053
2010-2014,26161405300,10-14,373,87.3212459828649,373.0,87.3,100.0,Census Tract 4053
2010-2014,26161405300,15-17,280,81.39410298049853,280.0,81.4,100.0,Census Tract 4053
2010-2014,26161405400,total,2031,167,2031.0,167.0,100.0,Census Tract 4054
2010-2014,26161405400,0-4,88,56.08029957123981,88.0,56.1,100.0,Census Tract 4054
2010-2014,26161405400,5-9,41,50.80354318352215,41.0,50.8,100.0,Census Tract 4054
2010-2014,26161405400,10-14,63,39.623225512317894,63.0,39.6,100.0,Census Tract 4054
2010-2014,26161405400,15-17,33,27.85677655436824,33.0,27.9,100.0,Census Tract 4054
2010-2014,26161405500,total,2338,266,2338.0,266.0,100.0,Census Tract 4055
2010-2014,26161405500,0-4,109,64.88451279003334,109.0,64.9,100.0,Census Tract 4055
2010-2014,26161405500,5-9,167,84.17244204607587,167.0,84.2,100.0,Census Tract 4055
2010-2014,26161405500,10-14,121,68.60029154456998,121.0,68.6,100.0,Census Tract 4055
2010-2014,26161405500,15-17,57,47.50789408087881,57.0,47.5,100.0,Census Tract 4055
2010-2014,26161405600,total,4792,389,4792.0,389.0,100.0,Census Tract 4056
2010-2014,26161405600,0-4,431,128.68954891520912,431.0,128.7,100.0,Census Tract 4056
2010-2014,26161405600,5-9,338,128.00390619039717,338.0,128.0,100.0,Census Tract 4056
2010-2014,26161405600,10-14,332,119.01680553602503,332.0,119.0,100.0,Census Tract 4056
2010-2014,26161405600,15-17,275,107.18675291284832,275.0,107.2,100.0,Census Tract 4056
2010-2014,26161406000,total,3413,193,3413.0,193.0,100.0,Census Tract 4060
2010-2014,26161406000,0-4,118,47.16990566028302,118.0,47.2,100.0,Census Tract 4060
2010-2014,26161406000,5-9,187,49.51767361255979,187.0,49.5,100.0,Census Tract 4060
2010-2014,26161406000,10-14,279,91.92388155425118,279.0,91.9,100.0,Census Tract 4060
2010-2014,26161406000,15-17,134,61.61168720299745,134.0,61.6,100.0,Census Tract 4060
2010-2014,26161407000,total,4796,381,1645.0,130.7,34.3,Census Tract 4070
2010-2014,26161407000,0-4,247,113.56936206565572,84.7,39.0,34.3,Census Tract 4070
2010-2014,26161407000,5-9,251,94.847245611035,86.1,32.5,34.3,Census Tract 4070
2010-2014,26161407000,10-14,335,118.10588469674151,114.9,40.5,34.3,Census Tract 4070
2010-2014,26161407000,15-17,188,76.00657866263946,64.5,26.1,34.3,Census Tract 4070
2010-2014,26161414000,total,3627,224,3627.0,224.0,100.0,Census Tract 4140
2010-2014,26161414000,0-4,177,85.98255637046388,177.0,86.0,100.0,Census Tract 4140
2010-2014,26161414000,5-9,174,77.62087348130012,174.0,77.6,100.0,Census Tract 4140
2010-2014,26161414000,10-14,119,97.51410154434075,119.0,97.5,100.0,Census Tract 4140
2010-2014,26161414000,15-17,84,56.61271941887265,84.0,56.6,100.0,Census Tract 4140
2010-2014,26161414200,total,2818,259,2818.0,259.0,100.0,Census Tract 4142
2010-2014,26161414200,0-4,138,81.49233092751734,138.0,81.5,100.0,Census Tract 4142
2010-2014,26161414200,5-9,111,53.075418038862395,111.0,53.1,100.0,Census Tract 4142
2010-2014,26161414200,10-14,160,73.23933369440222,160.0,73.2,100.0,Census Tract 4142
2010-2014,26161414200,15-17,107,59.81638571495272,107.0,59.8,100.0,Census Tract 4142
2010-2014,26161414300,total,3064,304,3064.0,304.0,100.0,Census Tract 4143
2010-2014,26161414300,0-4,200,96.16652224137046,200.0,96.2,100.0,Census Tract 4143
2010-2014,26161414300,5-9,143,50.47771785649585,143.0,50.5,100.0,Census Tract 4143
2010-2014,26161414300,10-14,139,102.7861858422619,139.0,102.8,100.0,Census Tract 4143
2010-2014,26161414300,15-17,64,46.09772228646443,64.0,46.1,100.0,Census Tract 4143
2010-2014,26161414500,total,3000,179,3000.0,179.0,100.0,Census Tract 4145
2010-2014,26161414500,0-4,190,63.00793600809345,190.0,63.0,100.0,Census Tract 4145
2010-2014,26161414500,5-9,160,62.48199740725323,160.0,62.5,100.0,Census Tract 4145
2010-2014,26161414500,10-14,210,61.61980201201558,210.0,61.6,100.0,Census Tract 4145
2010-2014,26161414500,15-17,103,46.14108798023731,103.0,46.1,100.0,Census Tract 4145
2010-2014,26161414700,total,1453,132,1453.0,132.0,100.0,Census Tract 4147
2010-2014,26161414700,0-4,77,50.99019513592785,77.0,51.0,100.0,Census Tract 4147
2010-2014,26161414700,5-9,27,22.80350850198276,27.0,22.8,100.0,Census Tract 4147
2010-2014,26161414700,10-14,28,27.313000567495322,28.0,27.3,100.0,Census Tract 4147
2010-2014,26161414700,15-17,23,19.4164878389476,23.0,19.4,100.0,Census Tract 4147
2010-2014,26161414900,total,3741,236,3741.0,236.0,100.0,Census Tract 4149
2010-2014,26161414900,0-4,215,79.17701686727027,215.0,79.2,100.0,Census Tract 4149
2010-2014,26161414900,5-9,277,79.90619500389191,277.0,79.9,100.0,Census Tract 4149
2010-2014,26161414900,10-14,359,94.57801012920497,359.0,94.6,100.0,Census Tract 4149
2010-2014,26161414900,15-17,179,60.207972893961475,179.0,60.2,100.0,Census Tract 4149
2010-2014,26161415200,total,1755,178,1755.0,178.0,100.0,Census Tract 4152
2010-2014,26161415200,0-4,67,31.827660925679098,67.0,31.8,100.0,Census Tract 4152
2010-2014,26161415200,5-9,45,23.430749027719965,45.0,23.4,100.0,Census Tract 4152
2010-2014,26161415200,10-14,81,44.721359549995796,81.0,44.7,100.0,Census Tract 4152
2010-2014,26161415200,15-17,58,31.400636936215164,58.0,31.4,100.0,Census Tract 4152
2010-2014,26161415400,total,2180,167,1528.2,117.1,70.1,Census Tract 4154
2010-2014,26161415400,0-4,99,43.278170016764804,69.4,30.3,70.1,Census Tract 4154
2010-2014,26161415400,5-9,125,46.010868281309364,87.6,32.3,70.1,Census Tract 4154
2010-2014,26161415400,10-14,115,44.598206241955516,80.6,31.3,70.1,Census Tract 4154
2010-2014,26161415400,15-17,48,28.319604517012593,33.6,19.9,70.1,Census Tract 4154
2010-2014,26161415600,total,2068,111,436.3,23.4,21.1,Census Tract 4156
2010-2014,26161415600,0-4,149,75.7099729229908,31.4,16.0,21.1,Census Tract 4156
2010-2014,26161415600,5-9,241,51.97114584074513,50.9,11.0,21.1,Census Tract 4156
2010-2014,26161415600,10-14,205,49.678969393496885,43.3,10.5,21.1,Census Tract 4156
2010-2014,26161415600,15-17,105,37.48332962798263,22.2,7.9,21.1,Census Tract 4156
2010-2014,26161415800,total,3478,201,1283.4,74.2,36.9,Census Tract 4158
2010-2014,26161415800,0-4,185,67.26812023536856,68.3,24.8,36.9,Census Tract 4158
2010-2014,26161415800,5-9,219,82.92767933567175,80.8,30.6,36.9,Census Tract 4158
2010-2014,26161415800,10-14,351,94.847245611035,129.5,35.0,36.9,Census Tract 4158
2010-2014,26161415800,15-17,197,59.40538696111659,72.7,21.9,36.9,Census Tract 4158
2010-2014,26161416000,total,3397,249,3397.0,249.0,100.0,Census Tract 4160
2010-2014,26161416000,0-4,233,91.0494371207203,233.0,91.0,100.0,Census Tract 4160
2010-2014,26161416000,5-9,279,99.70456358662827,279.0,99.7,100.0,Census Tract 4160
2010-2014,26161416000,10-14,366,102.62553288533998,366.0,102.6,100.0,Census Tract 4160
2010-2014,26161416000,15-17,145,59.03388857258177,145.0,59.0,100.0,Census Tract 4160
2010-2014,26161416200,total,4142,236,745.6,42.5,18.0,Census Tract 4162
2010-2014,26161416200,0-4,182,61.52235366108809,32.8,11.1,18.0,Census Tract 4162
2010-2014,26161416200,5-9,178,61.07372593840987,32.0,11.0,18.0,Census Tract 4162
2010-2014,26161416200,10-14,393,102.59142264341595,70.7,18.5,18.0,Census Tract 4162
2010-2014,26161416200,15-17,199,80.0,35.8,14.4,18.0,Census Tract 4162
2010-2014,26161425000,total,4314,155,1755.8,63.1,40.7,Census Tract 4250
2010-2014,26161425000,0-4,118,56.40035460881429,48.0,23.0,40.7,Census Tract 4250
2010-2014,26161425000,5-9,168,68.00735254367721,68.4,27.7,40.7,Census Tract 4250
2010-2014,26161425000,10-14,439,114.02192771568107,178.7,46.4,40.7,Census Tract 4250
2010-2014,26161425000,15-17,280,79.63039620647382,114.0,32.4,40.7,Census Tract 4250
2010-2014,26161453000,total,4980,240,3560.7,171.6,71.5,Census Tract 4530
2010-2014,26161453000,0-4,221,83.18653737234169,158.0,59.5,71.5,Census Tract 4530
2010-2014,26161453000,5-9,290,77.10382610480494,207.3,55.1,71.5,Census Tract 4530
2010-2014,26161453000,10-14,304,92.63368717696602,217.4,66.2,71.5,Census Tract 4530
2010-2014,26161453000,15-17,297,72.83543093852057,212.4,52.1,71.5,Census Tract 4530
2010-2014,26161455000,total,4705,252,1745.6,93.5,37.1,Census Tract 4550
2010-2014,26161455000,0-4,286,105.47511554864494,106.1,39.1,37.1,Census Tract 4550
2010-2014,26161455000,5-9,528,145.83552379307312,195.9,54.1,37.1,Census Tract 4550
2010-2014,26161455000,10-14,345,105.20931517693668,128.0,39.0,37.1,Census Tract 4550
2010-2014,26161455000,15-17,184,78.74642849044012,68.3,29.2,37.1,Census Tract 4550
2010-2014,26161456000,total,5800,283,5800.0,283.0,100.0,Census Tract 4560
2010-2014,26161456000,0-4,370,156.40012787718555,370.0,156.4,100.0,Census Tract 4560
2010-2014,26161456000,5-9,555,174.1551032843999,555.0,174.2,100.0,Census Tract 4560
2010-2014,26161456000,10-14,640,201.40506448448608,640.0,201.4,100.0,Census Tract 4560
2010-2014,26161456000,15-17,237,99.85990186255943,237.0,99.9,100.0,Census Tract 4560
2010-2014,26161461000,total,6974,29,648.6,2.7,9.3,Census Tract 4610
2010-2014,26161461000,0-4,272,125.93649193144931,25.3,11.7,9.3,Census Tract 4610
2010-2014,26161461000,5-9,461,177.341478509682,42.9,16.5,9.3,Census Tract 4610
2010-2014,26161461000,10-14,641,156.40012787718555,59.6,14.5,9.3,Census Tract 4610
2010-2014,26161461000,15-17,458,135.53228397691822,42.6,12.6,9.3,Census Tract 4610
2010-2014,26161464000,total,5778,20,306.2,1.1,5.3,Census Tract 4640
2010-2014,26161464000,0-4,268,121.75385004179539,14.2,6.5,5.3,Census Tract 4640
2010-2014,26161464000,5-9,304,120.41594578792295,16.1,6.4,5.3,Census Tract 4640
2010-2014,26161464000,10-14,346,118.80235687897778,18.3,6.3,5.3,Census Tract 4640
2010-2014,26161464000,15-17,292,100.20977996183805,15.5,5.3,5.3,Census Tract 4640
2010-2014,26161466000,total,2601,139,390.1,20.8,15.0,Census Tract 4660
2010-2014,26161466000,0-4,177,86.28441342444185,26.6,12.9,15.0,Census Tract 4660
2010-2014,26161466000,5-9,172,76.57675887630658,25.8,11.5,15.0,Census Tract 4660
2010-2014,26161466000,10-14,171,62.43396511515186,25.6,9.4,15.0,Census Tract 4660
2010-2014,26161466000,15-17,113,52.43090691567332,16.9,7.9,15.0,Census Tract 4660
2011-2015,26161400100,total,1732,243,1732.0,243.0,100.0,Census Tract 4001
2011-2015,26161400100,0-4,0,14.142135623730951,0.0,14.1,100.0,Census Tract 4001
2011-2015,26161400100,5-9,0,14.142135623730951,0.0,14.1,100.0,Census Tract 4001
2011-2015,26161400100,10-14,0,14.142135623730951,0.0,14.1,100.0,Census Tract 4001
2011-2015,26161400100,15-17,0,14.142135623730951,0.0,14.1,100.0,Census Tract 4001
2011-2015,26161400200,total,5863,308,5863.0,308.0,100.0,Census Tract 4002
2011-2015,26161400200,0-4,0,19.79898987322333,0.0,19.8,100.0,Census Tract 4002
2011-2015,26161400200,5-9,0,19.79898987322333,0.0,19.8,100.0,Census Tract 4002
2011-2015,26161400200,10-14,0,19.79898987322333,0.0,19.8,100.0,Census Tract 4002
2011-2015,26161400200,15-17,146,88.60022573334676,146.0,88.6,100.0,Census Tract 4002
2011-2015,26161400300,total,7059,719,7059.0,719.0,100.0,Census Tract 4003
2011-2015,26161400300,0-4,6,7.615773105863908,6.0,7.6,100.0,Census Tract 4003
2011-2015,26161400300,5-9,5,16.1245154965971,5.0,16.1,100.0,Census Tract 4003
2011-2015,26161400300,10-14,10,19.1049731745428,10.0,19.1,100.0,Census Tract 4003
2011-2015,26161400300,15-17,40,33.73425558686599,40.0,33.7,100.0,Census Tract 4003
2011-2015,26161400400,total,3286,308,3286.0,308.0,100.0,Census Tract 4004
2011-2015,26161400400,0-4,225,71.58910531638176,225.0,71.6,100.0,Census Tract 4004
2011-2015,26161400400,5-9,201,59.54829972383762,201.0,59.5,100.0,Census Tract 4004
2011-2015,26161400400,10-14,128,55.22680508593631,128.0,55.2,100.0,Census Tract 4004
2011-2015,26161400400,15-17,90,53.33854141237835,90.0,53.3,100.0,Census Tract 4004
2011-2015,26161400500,total,6473,576,6473.0,576.0,100.0,Census Tract 4005
2011-2015,26161400500,0-4,0,19.79898987322333,0.0,19.8,100.0,Census Tract 4005
2011-2015,26161400500,5-9,0,19.79898987322333,0.0,19.8,100.0,Census Tract 4005
2011-2015,26161400500,10-14,21,14.317821063276353,21.0,14.3,100.0,Census Tract 4005
2011-2015,26161400500,15-17,0,19.79898987322333,0.0,19.8,100.0,Census Tract 4005
2011-2015,26161400600,total,4329,308,4329.0,308.0,100.0,Census Tract 4006
2011-2015,26161400600,0-4,111,73.81734213584231,111.0,73.8,100.0,Census Tract 4006
2011-2015,26161400600,5-9,146,95.44108130150244,146.0,95.4,100.0,Census Tract 4006
2011-2015,26161400600,10-14,214,93.64827814754526,214.0,93.6,100.0,Census Tract 4006
2011-2015,26161400600,15-17,19,30.675723300355934,19.0,30.7,100.0,Census Tract 4006
2011-2015,26161400700,total,2589,375,2589.0,375.0,100.0,Census Tract 4007
2011-2015,26161400700,0-4,32,37.21558813185679,32.0,37.2,100.0,Census Tract 4007
2011-2015,26161400700,5-9,48,38.2099463490856,48.0,38.2,100.0,Census Tract 4007
2011-2015,26161400700,10-14,62,39.81205847478876,62.0,39.8,100.0,Census Tract 4007
2011-2015,26161400700,15-17,68,47.885279575251516,68.0,47.9,100.0,Census Tract 4007
2011-2015,26161400800,total,2785,379,2785.0,379.0,100.0,Census Tract 4008
2011-2015,26161400800,0-4,30,37.363083384538804,30.0,37.4,100.0,Census Tract 4008
2011-2015,26161400800,5-9,9,10.198039027185569,9.0,10.2,100.0,Census Tract 4008
2011-2015,26161400800,10-14,0,14.142135623730951,0.0,14.1,100.0,Census Tract 4008
2011-2015,26161400800,15-17,0,14.142135623730951,0.0,14.1,100.0,Census Tract 4008
2011-2015,26161402100,total,2682,224,2682.0,224.0,100.0,Census Tract 4021
2011-2015,26161402100,0-4,17,20.615528128088304,17.0,20.6,100.0,Census Tract 4021
2011-2015,26161402100,5-9,73,38.28837943815329,73.0,38.3,100.0,Census Tract 4021
2011-2015,26161402100,10-14,29,24.166091947189148,29.0,24.2,100.0,Census Tract 4021
2011-2015,26161402100,15-17,19,17.804493814764857,19.0,17.8,100.0,Census Tract 4021
2011-2015,26161402200,total,4888,686,4888.0,686.0,100.0,Census Tract 4022
2011-2015,26161402200,0-4,24,25.079872407968907,24.0,25.1,100.0,Census Tract 4022
2011-2015,26161402200,5-9,16,18.384776310850235,16.0,18.4,100.0,Census Tract 4022
2011-2015,26161402200,10-14,0,14.142135623730951,0.0,14.1,100.0,Census Tract 4022
2011-2015,26161402200,15-17,73,58.13776741499453,73.0,58.1,100.0,Census Tract 4022
2011-2015,26161402300,total,2625,223,2625.0,223.0,100.0,Census Tract 4023
2011-2015,26161402300,0-4,184,57.48912940721924,184.0,57.5,100.0,Census Tract 4023
2011-2015,26161402300,5-9,58,35.608987629529715,58.0,35.6,100.0,Census Tract 4023
2011-2015,26161402300,10-14,91,45.48626166217664,91.0,45.5,100.0,Census Tract 4023
2011-2015,26161402300,15-17,44,25.612496949731394,44.0,25.6,100.0,Census Tract 4023
2011-2015,26161402500,total,2151,159,2151.0,159.0,100.0,Census Tract 4025
2011-2015,26161402500,0-4,156,51.73973328110612,156.0,51.7,100.0,Census Tract 4025
2011-2015,26161402500,5-9,58,29.966648127543394,58.0,30.0,100.0,Census Tract 4025
2011-2015,26161402500,10-14,95,47.01063709417264,95.0,47.0,100.0,Census Tract 4025
2011-2015,26161402500,15-17,43,33.83784863137726,43.0,33.8,100.0,Census Tract 4025
2011-2015,26161402600,total,2095,217,2095.0,217.0,100.0,Census Tract 4026
2011-2015,26161402600,0-4,247,67.00746227100382,247.0,67.0,100.0,Census Tract 4026
2011-2015,26161402600,5-9,176,55.803225713214815,176.0,55.8,100.0,Census Tract 4026
2011-2015,26161402600,10-14,37,25.80697580112788,37.0,25.8,100.0,Census Tract 4026
2011-2015,26161402600,15-17,29,18.867962264113206,29.0,18.9,100.0,Census Tract 4026
2011-2015,26161402700,total,5444,266,5444.0,266.0,100.0,Census Tract 4027
2011-2015,26161402700,0-4,434,149.20120642943877,434.0,149.2,100.0,Census Tract 4027
2011-2015,26161402700,5-9,327,133.22537295875736,327.0,133.2,100.0,Census Tract 4027
2011-2015,26161402700,10-14,358,134.40238093129153,358.0,134.4,100.0,Census Tract 4027
2011-2015,26161402700,15-17,217,80.80841540334768,217.0,80.8,100.0,Census Tract 4027
2011-2015,26161403100,total,1476,98,1476.0,98.0,100.0,Census Tract 4031
2011-2015,26161403100,0-4,54,26.248809496813372,54.0,26.2,100.0,Census Tract 4031
2011-2015,26161403100,5-9,138,50.32891812864647,138.0,50.3,100.0,Census Tract 4031
2011-2015,26161403100,10-14,111,41.773197148410844,111.0,41.8,100.0,Census Tract 4031
2011-2015,26161403100,15-17,64,30.4138126514911,64.0,30.4,100.0,Census Tract 4031
2011-2015,26161403200,total,3082,177,3082.0,177.0,100.0,Census Tract 4032
2011-2015,26161403200,0-4,115,56.08029957123981,115.0,56.1,100.0,Census Tract 4032
2011-2015,26161403200,5-9,193,61.032778078668514,193.0,61.0,100.0,Census Tract 4032
2011-2015,26161403200,10-14,195,62.24146527838174,195.0,62.2,100.0,Census Tract 4032
2011-2015,26161403200,15-17,127,59.36328831862332,127.0,59.4,100.0,Census Tract 4032
2011-2015,26161403300,total,4148,351,4148.0,351.0,100.0,Census Tract 4033
2011-2015,26161403300,0-4,272,102.00490184299969,272.0,102.0,100.0,Census Tract 4033
2011-2015,26161403300,5-9,260,79.92496481075234,260.0,79.9,100.0,Census Tract 4033
2011-2015,26161403300,10-14,182,98.84331034521254,182.0,98.8,100.0,Census Tract 4033
2011-2015,26161403300,15-17,209,97.67292357659822,209.0,97.7,100.0,Census Tract 4033
2011-2015,26161403400,total,3245,215,3245.0,215.0,100.0,Census Tract 4034
2011-2015,26161403400,0-4,180,63.82005954243541,180.0,63.8,100.0,Census Tract 4034
2011-2015,26161403400,5-9,193,68.01470429252781,193.0,68.0,100.0,Census Tract 4034
2011-2015,26161403400,10-14,180,62.24146527838174,180.0,62.2,100.0,Census Tract 4034
2011-2015,26161403400,15-17,65,40.49691346263318,65.0,40.5,100.0,Census Tract 4034
2011-2015,26161403500,total,2583,149,2583.0,149.0,100.0,Census Tract 4035
2011-2015,26161403500,0-4,156,67.00746227100382,156.0,67.0,100.0,Census Tract 4035
2011-2015,26161403500,5-9,112,50.99019513592785,112.0,51.0,100.0,Census Tract 4035
2011-2015,26161403500,10-14,107,58.25804665451803,107.0,58.3,100.0,Census Tract 4035
2011-2015,26161403500,15-17,59,32.80243893371345,59.0,32.8,100.0,Census Tract 4035
2011-2015,26161403600,total,5245,377,5245.0,377.0,100.0,Census Tract 4036
2011-2015,26161403600,0-4,168,107.78218776773832,168.0,107.8,100.0,Census Tract 4036
2011-2015,26161403600,5-9,211,95.85927185202276,211.0,95.9,100.0,Census Tract 4036
2011-2015,26161403600,10-14,237,109.9317970379817,237.0,109.9,100.0,Census Tract 4036
2011-2015,26161403600,15-17,260,90.13878188659972,260.0,90.1,100.0,Census Tract 4036
2011-2015,26161403800,total,3182,195,3182.0,195.0,100.0,Census Tract 4038
2011-2015,26161403800,0-4,223,85.146931829632,223.0,85.1,100.0,Census Tract 4038
2011-2015,26161403800,5-9,99,41.012193308819754,99.0,41.0,100.0,Census Tract 4038
2011-2015,26161403800,10-14,166,74.27651041883968,166.0,74.3,100.0,Census Tract 4038
2011-2015,26161403800,15-17,94,67.94115100585212,94.0,67.9,100.0,Census Tract 4038
2011-2015,26161404100,total,3216,251,3216.0,251.0,100.0,Census Tract 4041
2011-2015,26161404100,0-4,117,72.91776189653656,117.0,72.9,100.0,Census Tract 4041
2011-2015,26161404100,5-9,211,83.48652585896721,211.0,83.5,100.0,Census Tract 4041
2011-2015,26161404100,10-14,195,71.44928271158501,195.0,71.4,100.0,Census Tract 4041
2011-2015,26161404100,15-17,157,69.83552104767315,157.0,69.8,100.0,Census Tract 4041
2011-2015,26161404200,total,2103,206,2103.0,206.0,100.0,Census Tract 4042
2011-2015,26161404200,0-4,117,55.90169943749475,117.0,55.9,100.0,Census Tract 4042
2011-2015,26161404200,5-9,112,57.3149195236284,112.0,57.3,100.0,Census Tract 4042
2011-2015,26161404200,10-14,49,34.98571136907181,49.0,35.0,100.0,Census Tract 4042
2011-2015,26161404200,15-17,17,22.360679774997898,17.0,22.4,100.0,Census Tract 4042
2011-2015,26161404300,total,2638,134,2638.0,134.0,100.0,Census Tract 4043
2011-2015,26161404300,0-4,106,41.23105625617661,106.0,41.2,100.0,Census Tract 4043
2011-2015,26161404300,5-9,154,59.94163828258283,154.0,59.9,100.0,Census Tract 4043
2011-2015,26161404300,10-14,162,68.76772498781678,162.0,68.8,100.0,Census Tract 4043
2011-2015,26161404300,15-17,97,47.634021455258214,97.0,47.6,100.0,Census Tract 4043
2011-2015,26161404400,total,2151,144,2151.0,144.0,100.0,Census Tract 4044
2011-2015,26161404400,0-4,153,60.41522986797286,153.0,60.4,100.0,Census Tract 4044
2011-2015,26161404400,5-9,105,38.48376280978771,105.0,38.5,100.0,Census Tract 4044
2011-2015,26161404400,10-14,120,43.13930922024599,120.0,43.1,100.0,Census Tract 4044
2011-2015,26161404400,15-17,86,39.69886648255842,86.0,39.7,100.0,Census Tract 4044
2011-2015,26161404500,total,4287,452,4287.0,452.0,100.0,Census Tract 4045
2011-2015,26161404500,0-4,187,90.0,187.0,90.0,100.0,Census Tract 4045
2011-2015,26161404500,5-9,102,84.5931439302264,102.0,84.6,100.0,Census Tract 4045
2011-2015,26161404500,10-14,24,26.925824035672516,24.0,26.9,100.0,Census Tract 4045
2011-2015,26161404500,15-17,35,55.901699437494734,35.0,55.9,100.0,Census Tract 4045
2011-2015,26161404600,total,4575,339,4575.0,339.0,100.0,Census Tract 4046
2011-2015,26161404600,0-4,218,81.60882305241266,218.0,81.6,100.0,Census Tract 4046
2011-2015,26161404600,5-9,120,71.55417527999327,120.0,71.6,100.0,Census Tract 4046
2011-2015,26161404600,10-14,123,82.28000972289685,123.0,82.3,100.0,Census Tract 4046
2011-2015,26161404600,15-17,216,79.75587752636164,216.0,79.8,100.0,Census Tract 4046
2011-2015,26161405100,total,2354,207,2354.0,207.0,100.0,Census Tract 4051
2011-2015,26161405100,0-4,229,89.80534505250787,229.0,89.8,100.0,Census Tract 4051
2011-2015,26161405100,5-9,174,80.72174428244226,174.0,80.7,100.0,Census Tract 4051
2011-2015,26161405100,10-14,89,57.384666941614284,89.0,57.4,100.0,Census Tract 4051
2011-2015,26161405100,15-17,79,49.20365840057018,79.0,49.2,100.0,Census Tract 4051
2011-2015,26161405200,total,4766,323,4766.0,323.0,100.0,Census Tract 4052
2011-2015,26161405200,0-4,365,148.60013458944107,365.0,148.6,100.0,Census Tract 4052
2011-2015,26161405200,5-9,161,92.02173656261873,161.0,92.0,100.0,Census Tract 4052
2011-2015,26161405200,10-14,99,73.0,99.0,73.0,100.0,Census Tract 4052
2011-2015,26161405200,15-17,202,80.61017305526642,202.0,80.6,100.0,Census Tract 4052
2011-2015,26161405300,total,5316,229,5316.0,229.0,100.0,Census Tract 4053
2011-2015,26161405300,0-4,368,89.64373932405988,368.0,89.6,100.0,Census Tract 4053
2011-2015,26161405300,5-9,326,79.98124780221924,326.0,80.0,100.0,Census Tract 4053
2011-2015,26161405300,10-14,354,81.32035415564789,354.0,81.3,100.0,Census Tract 4053
2011-2015,26161405300,15-17,206,69.20260110718381,206.0,69.2,100.0,Census Tract 4053
2011-2015,26161405400,total,1951,160,1951.0,160.0,100.0,Census Tract 4054
2011-2015,26161405400,0-4,95,57.801384066473695,95.0,57.8,100.0,Census Tract 4054
2011-2015,26161405400,5-9,22,20.24845673131659,22.0,20.2,100.0,Census Tract 4054
2011-2015,26161405400,10-14,84,49.49747468305833,84.0,49.5,100.0,Census Tract 4054
2011-2015,26161405400,15-17,37,28.017851452243804,37.0,28.0,100.0,Census Tract 4054
2011-2015,26161405500,total,2299,277,2299.0,277.0,100.0,Census Tract 4055
2011-2015,26161405500,0-4,95,65.0,95.0,65.0,100.0,Census Tract 4055
2011-2015,26161405500,5-9,159,82.0792300158816,159.0,82.1,100.0,Census Tract 4055
2011-2015,26161405500,10-14,133,67.5351760196122,133.0,67.5,100.0,Census Tract 4055
2011-2015,26161405500,15-17,59,47.50789408087881,59.0,47.5,100.0,Census Tract 4055
2011-2015,26161405600,total,4817,363,4817.0,363.0,100.0,Census Tract 4056
2011-2015,26161405600,0-4,411,106.07544484940897,411.0,106.1,100.0,Census Tract 4056
2011-2015,26161405600,5-9,348,122.44998979175132,348.0,122.4,100.0,Census Tract 4056
2011-2015,26161405600,10-14,363,127.4401820463232,363.0,127.4,100.0,Census Tract 4056
2011-2015,26161405600,15-17,248,91.43850392476902,248.0,91.4,100.0,Census Tract 4056
2011-2015,26161406000,total,3383,189,3383.0,189.0,100.0,Census Tract 4060
2011-2015,26161406000,0-4,106,42.638011210655684,106.0,42.6,100.0,Census Tract 4060
2011-2015,26161406000,5-9,164,55.90169943749475,164.0,55.9,100.0,Census Tract 4060
2011-2015,26161406000,10-14,300,90.8019823572151,300.0,90.8,100.0,Census Tract 4060
2011-2015,26161406000,15-17,132,58.821764679410975,132.0,58.8,100.0,Census Tract 4060
2011-2015,26161407000,total,4504,284,1544.9,97.4,34.3,Census Tract 4070
2011-2015,26161407000,0-4,191,97.75479527879949,65.5,33.5,34.3,Census Tract 4070
2011-2015,26161407000,5-9,221,75.16648189186455,75.8,25.8,34.3,Census Tract 4070
2011-2015,26161407000,10-14,301,109.01834707974616,103.2,37.4,34.3,Census Tract 4070
2011-2015,26161407000,15-17,217,78.49203781276162,74.4,26.9,34.3,Census Tract 4070
2011-2015,26161414000,total,3471,272,3471.0,272.0,100.0,Census Tract 4140
2011-2015,26161414000,0-4,190,92.35799911215055,190.0,92.4,100.0,Census Tract 4140
2011-2015,26161414000,5-9,176,67.20863039818622,176.0,67.2,100.0,Census Tract 4140
2011-2015,26161414000,10-14,134,69.26037828369117,134.0,69.3,100.0,Census Tract 4140
2011-2015,26161414000,15-17,70,46.09772228646443,70.0,46.1,100.0,Census Tract 4140
2011-2015,26161414200,total,2804,238,2804.0,238.0,100.0,Census Tract 4142
2011-2015,26161414200,0-4,159,81.6884324736373,159.0,81.7,100.0,Census Tract 4142
2011-2015,26161414200,5-9,91,53.150729063673246,91.0,53.2,100.0,Census Tract 4142
2011-2015,26161414200,10-14,159,75.69015788066503,159.0,75.7,100.0,Census Tract 4142
2011-2015,26161414200,15-17,115,60.8276253029822,115.0,60.8,100.0,Census Tract 4142
2011-2015,26161414300,total,3273,366,3273.0,366.0,100.0,Census Tract 4143
2011-2015,26161414300,0-4,224,96.16652224137046,224.0,96.2,100.0,Census Tract 4143
2011-2015,26161414300,5-9,130,50.21951811795887,130.0,50.2,100.0,Census Tract 4143
2011-2015,26161414300,10-14,166,108.26818553942796,166.0,108.3,100.0,Census Tract 4143
2011-2015,26161414300,15-17,140,76.55063683601855,140.0,76.6,100.0,Census Tract 4143
2011-2015,26161414500,total,2916,152,2916.0,152.0,100.0,Census Tract 4145
2011-2015,26161414500,0-4,196,63.655321851358195,196.0,63.7,100.0,Census Tract 4145
2011-2015,26161414500,5-9,158,59.413803110051795,158.0,59.4,100.0,Census Tract 4145
2011-2015,26161414500,10-14,223,65.94694837519017,223.0,65.9,100.0,Census Tract 4145
2011-2015,26161414500,15-17,67,40.162171256046406,67.0,40.2,100.0,Census Tract 4145
2011-2015,26161414700,total,1484,125,1484.0,125.0,100.0,Census Tract 4147
2011-2015,26161414700,0-4,87,46.17358552246078,87.0,46.2,100.0,Census Tract 4147
2011-2015,26161414700,5-9,25,23.600847442411894,25.0,23.6,100.0,Census Tract 4147
2011-2015,26161414700,10-14,27,25.632011235952593,27.0,25.6,100.0,Census Tract 4147
2011-2015,26161414700,15-17,15,14.317821063276353,15.0,14.3,100.0,Census Tract 4147
2011-2015,26161414900,total,3787,208,3787.0,208.0,100.0,Census Tract 4149
2011-2015,26161414900,0-4,202,72.89718787443037,202.0,72.9,100.0,Census Tract 4149
2011-2015,26161414900,5-9,247,80.61017305526642,247.0,80.6,100.0,Census Tract 4149
2011-2015,26161414900,10-14,381,81.30190649671138,381.0,81.3,100.0,Census Tract 4149
2011-2015,26161414900,15-17,186,54.45181356024792,186.0,54.5,100.0,Census Tract 4149
2011-2015,26161415200,total,1903,134,1903.0,134.0,100.0,Census Tract 4152
2011-2015,26161415200,0-4,95,33.301651610693426,95.0,33.3,100.0,Census Tract 4152
2011-2015,26161415200,5-9,43,22.80350850198276,43.0,22.8,100.0,Census Tract 4152
2011-2015,26161415200,10-14,76,31.89043743820395,76.0,31.9,100.0,Census Tract 4152
2011-2015,26161415200,15-17,47,24.698178070456937,47.0,24.7,100.0,Census Tract 4152
2011-2015,26161415400,total,2193,170,1537.3,119.2,70.1,Census Tract 4154
2011-2015,26161415400,0-4,110,51.73973328110612,77.1,36.3,70.1,Census Tract 4154
2011-2015,26161415400,5-9,137,43.416586692184815,96.0,30.4,70.1,Census Tract 4154
2011-2015,26161415400,10-14,120,43.13930922024599,84.1,30.2,70.1,Census Tract 4154
2011-2015,26161415400,15-17,64,34.058772731852805,44.9,23.9,70.1,Census Tract 4154
2011-2015,26161415600,total,2078,133,438.5,28.1,21.1,Census Tract 4156
2011-2015,26161415600,0-4,138,64.62197768561404,29.1,13.6,21.1,Census Tract 4156
2011-2015,26161415600,5-9,218,51.0881590977792,46.0,10.8,21.1,Census Tract 4156
2011-2015,26161415600,10-14,200,52.345009313209594,42.2,11.0,21.1,Census Tract 4156
2011-2015,26161415600,15-17,143,58.7962583843564,30.2,12.4,21.1,Census Tract 4156
2011-2015,26161415800,total,3448,198,1272.3,73.1,36.9,Census Tract 4158
2011-2015,26161415800,0-4,181,58.72818744010409,66.8,21.7,36.9,Census Tract 4158
2011-2015,26161415800,5-9,248,73.40980860893181,91.5,27.1,36.9,Census Tract 4158
2011-2015,26161415800,10-14,328,88.61715409558128,121.0,32.7,36.9,Census Tract 4158
2011-2015,26161415800,15-17,169,56.568542494923804,62.4,20.9,36.9,Census Tract 4158
2011-2015,26161416000,total,3488,223,3488.0,223.0,100.0,Census Tract 4160
2011-2015,26161416000,0-4,259,81.6884324736373,259.0,81.7,100.0,Census Tract 4160
2011-2015,26161416000,5-9,258,89.06739021662192,258.0,89.1,100.0,Census Tract 4160
2011-2015,26161416000,10-14,350,97.3498844375277,350.0,97.3,100.0,Census Tract 4160
2011-2015,26161416000,15-17,134,55.17245689653489,134.0,55.2,100.0,Census Tract 4160
2011-2015,26161416200,total,4162,254,749.2,45.7,18.0,Census Tract 4162
2011-2015,26161416200,0-4,168,55.17245689653489,30.2,9.9,18.0,Census Tract 4162
2011-2015,26161416200,5-9,182,61.84658438426491,32.8,11.1,18.0,Census Tract 4162
2011-2015,26161416200,10-14,396,87.69264507357501,71.3,15.8,18.0,Census Tract 4162
2011-2015,26161416200,15-17,156,51.662365412357964,28.1,9.3,18.0,Census Tract 4162
2011-2015,26161425000,total,4500,136,1831.5,55.4,40.7,Census Tract 4250
2011-2015,26161425000,0-4,200,74.51845409024533,81.4,30.3,40.7,Census Tract 4250
2011-2015,26161425000,5-9,141,62.20128616033595,57.4,25.3,40.7,Census Tract 4250
2011-2015,26161425000,10-14,425,112.60994627474075,173.0,45.8,40.7,Census Tract 4250
2011-2015,26161425000,15-17,302,89.64373932405988,122.9,36.5,40.7,Census Tract 4250
2011-2015,26161453000,total,4854,304,3470.6,217.4,71.5,Census Tract 4530
2011-2015,26161453000,0-4,261,92.61749294814668,186.6,66.2,71.5,Census Tract 4530
2011-2015,26161453000,5-9,339,87.72684879784524,242.4,62.7,71.5,Census Tract 4530
2011-2015,26161453000,10-14,226,80.80222769206306,161.6,57.8,71.5,Census Tract 4530
2011-2015,26161453000,15-17,240,69.52697318307479,171.6,49.7,71.5,Census Tract 4530
2011-2015,26161455000,total,4730,317,1754.8,117.6,37.1,Census Tract 4550
2011-2015,26161455000,0-4,329,127.31849826321388,122.1,47.2,37.1,Census Tract 4550
2011-2015,26161455000,5-9,515,143.5339681051144,191.1,53.3,37.1,Census Tract 4550
2011-2015,26161455000,10-14,405,123.00406497347964,150.3,45.6,37.1,Census Tract 4550
2011-2015,26161455000,15-17,200,75.16648189186455,74.2,27.9,37.1,Census Tract 4550
2011-2015,26161456000,total,6178,375,6178.0,375.0,100.0,Census Tract 4560
2011-2015,26161456000,0-4,405,165.48715962273326,405.0,165.5,100.0,Census Tract 4560
2011-2015,26161456000,5-9,554,158.7954659302337,554.0,158.8,100.0,Census Tract 4560
2011-2015,26161456000,10-14,738,224.66196829904254,738.0,224.7,100.0,Census Tract 4560
2011-2015,26161456000,15-17,276,108.60018416190647,276.0,108.6,100.0,Census Tract 4560
2011-2015,26161461000,total,7006,24,651.6,2.2,9.3,Census Tract 4610
2011-2015,26161461000,0-4,265,119.97082978791138,24.6,11.2,9.3,Census Tract 4610
2011-2015,26161461000,5-9,494,168.40427548016706,45.9,15.7,9.3,Census Tract 4610
2011-2015,26161461000,10-14,698,171.14321488157222,64.9,15.9,9.3,Census Tract 4610
2011-2015,26161461000,15-17,402,114.73883387938017,37.4,10.7,9.3,Census Tract 4610
2011-2015,26161464000,total,5818,26,308.4,1.4,5.3,Census Tract 4640
2011-2015,26161464000,0-4,184,92.80086206496145,9.8,4.9,5.3,Census Tract 4640
2011-2015,26161464000,5-9,330,131.82564242210236,17.5,7.0,5.3,Census Tract 4640
2011-2015,26161464000,10-14,366,137.7679207943562,19.4,7.3,5.3,Census Tract 4640
2011-2015,26161464000,15-17,310,95.46203433826456,16.4,5.1,5.3,Census Tract 4640
2011-2015,26161466000,total,2601,164,390.1,24.6,15.0,Census Tract 4660
2011-2015,26161466000,0-4,130,61.61168720299745,19.5,9.2,15.0,Census Tract 4660
2011-2015,26161466000,5-9,173,77.07788269017254,25.9,11.6,15.0,Census Tract 4660
2011-2015,26161466000,10-14,120,52.15361924162119,18.0,7.8,15.0,Census Tract 4660
2011-2015,26161466000,15-17,107,52.839379254491625,16.1,7.9,15.0,Census Tract 4660
2012-2016,26161400100,total,2059,342,2059.0,342.0,100.0,Census Tract 4001
2012-2016,26161400100,0-4,0,14.142135623730951,0.0,14.1,100.0,Census Tract 4001
2012-2016,26161400100,5-9,0,14.142135623730951,0.0,14.1,100.0,Census Tract 4001
2012-2016,26161400100,10-14,0,14.142135623730951,0.0,14.1,100.0,Census Tract 4001
2012-2016,26161400100,15-17,0,14.142135623730951,0.0,14.1,100.0,Census Tract 4001
2012-2016,26161400200,total,6066,277,6066.0,277.0,100.0,Census Tract 4002
2012-2016,26161400200,0-4,0,19.79898987322333,0.0,19.8,100.0,Census Tract 4002
2012-2016,26161400200,5-9,0,19.79898987322333,0.0,19.8,100.0,Census Tract 4002
2012-2016,26161400200,10-14,0,19.79898987322333,0.0,19.8,100.0,Census Tract 4002
2012-2016,26161400200,15-17,163,86.64871608973787,163.0,86.6,100.0,Census Tract 4002
2012-2016,26161400300,total,7248,733,7248.0,733.0,100.0,Census Tract 4003
2012-2016,26161400300,0-4,8,8.54400374531753,8.0,8.5,100.0,Census Tract 4003
2012-2016,26161400300,5-9,8,16.64331697709324,8.0,16.6,100.0,Census Tract 4003
2012-2016,26161400300,10-14,8,19.1049731745428,8.0,19.1,100.0,Census Tract 4003
2012-2016,26161400300,15-17,37,29.120439557122072,37.0,29.1,100.0,Census Tract 4003
2012-2016,26161400400,total,3394,328,3394.0,328.0,100.0,Census Tract 4004
2012-2016,26161400400,0-4,207,72.42237223399962,207.0,72.4,100.0,Census Tract 4004
2012-2016,26161400400,5-9,202,56.72741841473134,202.0,56.7,100.0,Census Tract 4004
2012-2016,26161400400,10-14,132,49.51767361255979,132.0,49.5,100.0,Census Tract 4004
2012-2016,26161400400,15-17,74,38.948684188300895,74.0,38.9,100.0,Census Tract 4004
2012-2016,26161400500,total,6619,716,6619.0,716.0,100.0,Census Tract 4005
2012-2016,26161400500,0-4,0,19.79898987322333,0.0,19.8,100.0,Census Tract 4005
2012-2016,26161400500,5-9,0,19.79898987322333,0.0,19.8,100.0,Census Tract 4005
2012-2016,26161400500,10-14,22,14.317821063276353,22.0,14.3,100.0,Census Tract 4005
2012-2016,26161400500,15-17,0,19.79898987322333,0.0,19.8,100.0,Census Tract 4005
2012-2016,26161400600,total,4111,327,4111.0,327.0,100.0,Census Tract 4006
2012-2016,26161400600,0-4,68,58.309518948453,68.0,58.3,100.0,Census Tract 4006
2012-2016,26161400600,5-9,111,101.95096860746345,111.0,102.0,100.0,Census Tract 4006
2012-2016,26161400600,10-14,232,94.40338976964757,232.0,94.4,100.0,Census Tract 4006
2012-2016,26161400600,15-17,21,34.48187929913333,21.0,34.5,100.0,Census Tract 4006
2012-2016,26161400700,total,2577,250,2577.0,250.0,100.0,Census Tract 4007
2012-2016,26161400700,0-4,29,33.01514803843836,29.0,33.0,100.0,Census Tract 4007
2012-2016,26161400700,5-9,79,43.60045871318328,79.0,43.6,100.0,Census Tract 4007
2012-2016,26161400700,10-14,76,41.23105625617661,76.0,41.2,100.0,Census Tract 4007
2012-2016,26161400700,15-17,40,30.4138126514911,40.0,30.4,100.0,Census Tract 4007
2012-2016,26161400800,total,2818,389,2818.0,389.0,100.0,Census Tract 4008
2012-2016,26161400800,0-4,15,23.259406699226012,15.0,23.3,100.0,Census Tract 4008
2012-2016,26161400800,5-9,9,10.198039027185569,9.0,10.2,100.0,Census Tract 4008
2012-2016,26161400800,10-14,0,14.142135623730951,0.0,14.1,100.0,Census Tract 4008
2012-2016,26161400800,15-17,0,14.142135623730951,0.0,14.1,100.0,Census Tract 4008
2012-2016,26161402100,total,2800,206,2800.0,206.0,100.0,Census Tract 4021
2012-2016,26161402100,0-4,39,31.240998703626616,39.0,31.2,100.0,Census Tract 4021
2012-2016,26161402100,5-9,74,43.82921400162225,74.0,43.8,100.0,Census Tract 4021
2012-2016,26161402100,10-14,23,28.79236009777594,23.0,28.8,100.0,Census Tract 4021
2012-2016,26161402100,15-17,36,26.925824035672523,36.0,26.9,100.0,Census Tract 4021
2012-2016,26161402200,total,5007,688,5007.0,688.0,100.0,Census Tract 4022
2012-2016,26161402200,0-4,27,26.925824035672523,27.0,26.9,100.0,Census Tract 4022
2012-2016,26161402200,5-9,30,18.384776310850235,30.0,18.4,100.0,Census Tract 4022
2012-2016,26161402200,10-14,0,19.79898987322333,0.0,19.8,100.0,Census Tract 4022
2012-2016,26161402200,15-17,33,28.460498941515414,33.0,28.5,100.0,Census Tract 4022
2012-2016,26161402300,total,2657,176,2657.0,176.0,100.0,Census Tract 4023
2012-2016,26161402300,0-4,142,60.207972893961475,142.0,60.2,100.0,Census Tract 4023
2012-2016,26161402300,5-9,88,38.01315561749643,88.0,38.0,100.0,Census Tract 4023
2012-2016,26161402300,10-14,81,47.43416490252569,81.0,47.4,100.0,Census Tract 4023
2012-2016,26161402300,15-17,60,33.941125496954285,60.0,33.9,100.0,Census Tract 4023
2012-2016,26161402500,total,2216,151,2216.0,151.0,100.0,Census Tract 4025
2012-2016,26161402500,0-4,199,53.907327887774215,199.0,53.9,100.0,Census Tract 4025
2012-2016,26161402500,5-9,59,35.4682957019364,59.0,35.5,100.0,Census Tract 4025
2012-2016,26161402500,10-14,69,50.53711507397311,69.0,50.5,100.0,Census Tract 4025
2012-2016,26161402500,15-17,52,33.24154027718932,52.0,33.2,100.0,Census Tract 4025
2012-2016,26161402600,total,2114,320,2114.0,320.0,100.0,Census Tract 4026
2012-2016,26161402600,0-4,232,56.639209034025185,232.0,56.6,100.0,Census Tract 4026
2012-2016,26161402600,5-9,159,42.0119030752,159.0,42.0,100.0,Census Tract 4026
2012-2016,26161402600,10-14,34,22.47220505424423,34.0,22.5,100.0,Census Tract 4026
2012-2016,26161402600,15-17,23,17.88854381999832,23.0,17.9,100.0,Census Tract 4026
2012-2016,26161402700,total,5390,322,5390.0,322.0,100.0,Census Tract 4027
2012-2016,26161402700,0-4,307,131.71180660821565,307.0,131.7,100.0,Census Tract 4027
2012-2016,26161402700,5-9,412,138.80922159568505,412.0,138.8,100.0,Census Tract 4027
2012-2016,26161402700,10-14,424,128.6001555209013,424.0,128.6,100.0,Census Tract 4027
2012-2016,26161402700,15-17,189,82.75868534480234,189.0,82.8,100.0,Census Tract 4027
2012-2016,26161403100,total,1452,83,1452.0,83.0,100.0,Census Tract 4031
2012-2016,26161403100,0-4,29,16.278820596099706,29.0,16.3,100.0,Census Tract 4031
2012-2016,26161403100,5-9,139,40.80441152620633,139.0,40.8,100.0,Census Tract 4031
2012-2016,26161403100,10-14,98,34.058772731852805,98.0,34.1,100.0,Census Tract 4031
2012-2016,26161403100,15-17,91,32.01562118716424,91.0,32.0,100.0,Census Tract 4031
2012-2016,26161403200,total,3050,172,3050.0,172.0,100.0,Census Tract 4032
2012-2016,26161403200,0-4,137,74.09453421137081,137.0,74.1,100.0,Census Tract 4032
2012-2016,26161403200,5-9,186,73.00684899377592,186.0,73.0,100.0,Census Tract 4032
2012-2016,26161403200,10-14,147,59.413803110051795,147.0,59.4,100.0,Census Tract 4032
2012-2016,26161403200,15-17,111,44.68780594300866,111.0,44.7,100.0,Census Tract 4032
2012-2016,26161403300,total,4112,350,4112.0,350.0,100.0,Census Tract 4033
2012-2016,26161403300,0-4,274,104.0096149401583,274.0,104.0,100.0,Census Tract 4033
2012-2016,26161403300,5-9,253,92.66067126888301,253.0,92.7,100.0,Census Tract 4033
2012-2016,26161403300,10-14,194,98.97979591815695,194.0,99.0,100.0,Census Tract 4033
2012-2016,26161403300,15-17,160,79.88116173416607,160.0,79.9,100.0,Census Tract 4033
2012-2016,26161403400,total,3218,194,3218.0,194.0,100.0,Census Tract 4034
2012-2016,26161403400,0-4,167,56.859475903318,167.0,56.9,100.0,Census Tract 4034
2012-2016,26161403400,5-9,180,62.80127387243033,180.0,62.8,100.0,Census Tract 4034
2012-2016,26161403400,10-14,203,59.413803110051795,203.0,59.4,100.0,Census Tract 4034
2012-2016,26161403400,15-17,64,34.71310991541956,64.0,34.7,100.0,Census Tract 4034
2012-2016,26161403500,total,2641,203,2641.0,203.0,100.0,Census Tract 4035
2012-2016,26161403500,0-4,174,72.91776189653656,174.0,72.9,100.0,Census Tract 4035
2012-2016,26161403500,5-9,133,48.91829923454004,133.0,48.9,100.0,Census Tract 4035
2012-2016,26161403500,10-14,150,65.43699259593154,150.0,65.4,100.0,Census Tract 4035
2012-2016,26161403500,15-17,42,31.384709652950434,42.0,31.4,100.0,Census Tract 4035
2012-2016,26161403600,total,5570,318,5570.0,318.0,100.0,Census Tract 4036
2012-2016,26161403600,0-4,123,88.60022573334675,123.0,88.6,100.0,Census Tract 4036
2012-2016,26161403600,5-9,197,96.0052081920559,197.0,96.0,100.0,Census Tract 4036
2012-2016,26161403600,10-14,235,94.20191080864548,235.0,94.2,100.0,Census Tract 4036
2012-2016,26161403600,15-17,239,95.48298277703728,239.0,95.5,100.0,Census Tract 4036
2012-2016,26161403800,total,3234,227,3234.0,227.0,100.0,Census Tract 4038
2012-2016,26161403800,0-4,290,108.81176406988357,290.0,108.8,100.0,Census Tract 4038
2012-2016,26161403800,5-9,126,48.91829923454004,126.0,48.9,100.0,Census Tract 4038
2012-2016,26161403800,10-14,235,91.21403400793103,235.0,91.2,100.0,Census Tract 4038
2012-2016,26161403800,15-17,106,63.63961030678928,106.0,63.6,100.0,Census Tract 4038
2012-2016,26161404100,total,3348,291,3348.0,291.0,100.0,Census Tract 4041
2012-2016,26161404100,0-4,91,57.48912940721924,91.0,57.5,100.0,Census Tract 4041
2012-2016,26161404100,5-9,238,77.15568676384133,238.0,77.2,100.0,Census Tract 4041
2012-2016,26161404100,10-14,197,77.89736837660179,197.0,77.9,100.0,Census Tract 4041
2012-2016,26161404100,15-17,187,79.30952023559341,187.0,79.3,100.0,Census Tract 4041
2012-2016,26161404200,total,2117,185,2117.0,185.0,100.0,Census Tract 4042
2012-2016,26161404200,0-4,127,51.662365412357964,127.0,51.7,100.0,Census Tract 4042
2012-2016,26161404200,5-9,124,58.72818744010409,124.0,58.7,100.0,Census Tract 4042
2012-2016,26161404200,10-14,34,26.925824035672523,34.0,26.9,100.0,Census Tract 4042
2012-2016,26161404200,15-17,8,16.401219466856723,8.0,16.4,100.0,Census Tract 4042
2012-2016,26161404300,total,2717,119,2717.0,119.0,100.0,Census Tract 4043
2012-2016,26161404300,0-4,143,48.083261120685236,143.0,48.1,100.0,Census Tract 4043
2012-2016,26161404300,5-9,136,47.43416490252569,136.0,47.4,100.0,Census Tract 4043
2012-2016,26161404300,10-14,148,65.29931086925804,148.0,65.3,100.0,Census Tract 4043
2012-2016,26161404300,15-17,111,48.104053883222775,111.0,48.1,100.0,Census Tract 4043
2012-2016,26161404400,total,2161,146,2161.0,146.0,100.0,Census Tract 4044
2012-2016,26161404400,0-4,161,59.36328831862332,161.0,59.4,100.0,Census Tract 4044
2012-2016,26161404400,5-9,114,34.40930106817051,114.0,34.4,100.0,Census Tract 4044
2012-2016,26161404400,10-14,130,42.44997055358225,130.0,42.4,100.0,Census Tract 4044
2012-2016,26161404400,15-17,89,37.53664875824691,89.0,37.5,100.0,Census Tract 4044
2012-2016,26161404500,total,4209,544,4209.0,544.0,100.0,Census Tract 4045
2012-2016,26161404500,0-4,231,105.1189802081432,231.0,105.1,100.0,Census Tract 4045
2012-2016,26161404500,5-9,97,99.50376877284599,97.0,99.5,100.0,Census Tract 4045
2012-2016,26161404500,10-14,29,34.48187929913333,29.0,34.5,100.0,Census Tract 4045
2012-2016,26161404500,15-17,30,47.07440918375928,30.0,47.1,100.0,Census Tract 4045
2012-2016,26161404600,total,4817,359,4817.0,359.0,100.0,Census Tract 4046
2012-2016,26161404600,0-4,201,81.40024569987489,201.0,81.4,100.0,Census Tract 4046
2012-2016,26161404600,5-9,146,81.27115109311545,146.0,81.3,100.0,Census Tract 4046
2012-2016,26161404600,10-14,202,90.52071586106685,202.0,90.5,100.0,Census Tract 4046
2012-2016,26161404600,15-17,202,89.04493247793498,202.0,89.0,100.0,Census Tract 4046
2012-2016,26161405100,total,2333,198,2333.0,198.0,100.0,Census Tract 4051
2012-2016,26161405100,0-4,204,85.79627031520658,204.0,85.8,100.0,Census Tract 4051
2012-2016,26161405100,5-9,142,69.81403870282824,142.0,69.8,100.0,Census Tract 4051
2012-2016,26161405100,10-14,99,56.82429058070149,99.0,56.8,100.0,Census Tract 4051
2012-2016,26161405100,15-17,69,45.221676218380054,69.0,45.2,100.0,Census Tract 4051
2012-2016,26161405200,total,4808,343,4808.0,343.0,100.0,Census Tract 4052
2012-2016,26161405200,0-4,396,148.55302083767936,396.0,148.6,100.0,Census Tract 4052
2012-2016,26161405200,5-9,234,98.47842403288143,234.0,98.5,100.0,Census Tract 4052
2012-2016,26161405200,10-14,113,69.8927750200262,113.0,69.9,100.0,Census Tract 4052
2012-2016,26161405200,15-17,120,63.0317380372777,120.0,63.0,100.0,Census Tract 4052
2012-2016,26161405300,total,5372,224,5372.0,224.0,100.0,Census Tract 4053
2012-2016,26161405300,0-4,299,75.7429864739964,299.0,75.7,100.0,Census Tract 4053
2012-2016,26161405300,5-9,373,91.21951545584969,373.0,91.2,100.0,Census Tract 4053
2012-2016,26161405300,10-14,404,86.05230967266364,404.0,86.1,100.0,Census Tract 4053
2012-2016,26161405300,15-17,198,67.26812023536856,198.0,67.3,100.0,Census Tract 4053
2012-2016,26161405400,total,1934,191,1934.0,191.0,100.0,Census Tract 4054
2012-2016,26161405400,0-4,101,64.63745044476924,101.0,64.6,100.0,Census Tract 4054
2012-2016,26161405400,5-9,53,37.48332962798263,53.0,37.5,100.0,Census Tract 4054
2012-2016,26161405400,10-14,85,50.80354318352216,85.0,50.8,100.0,Census Tract 4054
2012-2016,26161405400,15-17,43,31.827660925679098,43.0,31.8,100.0,Census Tract 4054
2012-2016,26161405500,total,2211,285,2211.0,285.0,100.0,Census Tract 4055
2012-2016,26161405500,0-4,75,55.317266743757315,75.0,55.3,100.0,Census Tract 4055
2012-2016,26161405500,5-9,114,69.64194138592059,114.0,69.6,100.0,Census Tract 4055
2012-2016,26161405500,10-14,111,87.66413177577246,111.0,87.7,100.0,Census Tract 4055
2012-2016,26161405500,15-17,58,51.884487084291386,58.0,51.9,100.0,Census Tract 4055
2012-2016,26161405600,total,4997,428,4997.0,428.0,100.0,Census Tract 4056
2012-2016,26161405600,0-4,457,132.27622613304328,457.0,132.3,100.0,Census Tract 4056
2012-2016,26161405600,5-9,379,140.08925726121902,379.0,140.1,100.0,Census Tract 4056
2012-2016,26161405600,10-14,364,150.6286825275983,364.0,150.6,100.0,Census Tract 4056
2012-2016,26161405600,15-17,210,89.09545442950498,210.0,89.1,100.0,Census Tract 4056
2012-2016,26161406000,total,3374,176,3374.0,176.0,100.0,Census Tract 4060
2012-2016,26161406000,0-4,114,45.967379738244816,114.0,46.0,100.0,Census Tract 4060
2012-2016,26161406000,5-9,183,52.32590180780452,183.0,52.3,100.0,Census Tract 4060
2012-2016,26161406000,10-14,263,81.85963596303127,263.0,81.9,100.0,Census Tract 4060
2012-2016,26161406000,15-17,114,55.2268050859363,114.0,55.2,100.0,Census Tract 4060
2012-2016,26161407000,total,4681,294,1605.6,100.8,34.3,Census Tract 4070
2012-2016,26161407000,0-4,177,76.40026177965622,60.7,26.2,34.3,Census Tract 4070
2012-2016,26161407000,5-9,210,63.0317380372777,72.0,21.6,34.3,Census Tract 4070
2012-2016,26161407000,10-14,315,93.23625904121208,108.0,32.0,34.3,Census Tract 4070
2012-2016,26161407000,15-17,225,77.02596964660685,77.2,26.4,34.3,Census Tract 4070
2012-2016,26161414000,total,3504,319,3504.0,319.0,100.0,Census Tract 4140
2012-2016,26161414000,0-4,225,92.43916918709299,225.0,92.4,100.0,Census Tract 4140
2012-2016,26161414000,5-9,193,72.42237223399962,193.0,72.4,100.0,Census Tract 4140
2012-2016,26161414000,10-14,113,69.64194138592059,113.0,69.6,100.0,Census Tract 4140
2012-2016,26161414000,15-17,51,46.09772228646443,51.0,46.1,100.0,Census Tract 4140
2012-2016,26161414200,total,2894,234,2894.0,234.0,100.0,Census Tract 4142
2012-2016,26161414200,0-4,164,99.12618221237011,164.0,99.1,100.0,Census Tract 4142
2012-2016,26161414200,5-9,146,63.411355449950754,146.0,63.4,100.0,Census Tract 4142
2012-2016,26161414200,10-14,135,70.71067811865476,135.0,70.7,100.0,Census Tract 4142
2012-2016,26161414200,15-17,67,42.20189569201838,67.0,42.2,100.0,Census Tract 4142
2012-2016,26161414300,total,3356,241,3356.0,241.0,100.0,Census Tract 4143
2012-2016,26161414300,0-4,247,95.63472172804185,247.0,95.6,100.0,Census Tract 4143
2012-2016,26161414300,5-9,115,45.80392996239515,115.0,45.8,100.0,Census Tract 4143
2012-2016,26161414300,10-14,150,89.49301648732151,150.0,89.5,100.0,Census Tract 4143
2012-2016,26161414300,15-17,112,50.53711507397311,112.0,50.5,100.0,Census Tract 4143
2012-2016,26161414500,total,2885,192,2885.0,192.0,100.0,Census Tract 4145
2012-2016,26161414500,0-4,202,62.43396511515186,202.0,62.4,100.0,Census Tract 4145
2012-2016,26161414500,5-9,168,61.55485358604957,168.0,61.6,100.0,Census Tract 4145
2012-2016,26161414500,10-14,204,64.40496875241847,204.0,64.4,100.0,Census Tract 4145
2012-2016,26161414500,15-17,35,22.67156809750927,35.0,22.7,100.0,Census Tract 4145
2012-2016,26161414700,total,1564,134,1564.0,134.0,100.0,Census Tract 4147
2012-2016,26161414700,0-4,81,45.35416188179427,81.0,45.4,100.0,Census Tract 4147
2012-2016,26161414700,5-9,24,19.84943324127921,24.0,19.8,100.0,Census Tract 4147
2012-2016,26161414700,10-14,29,25.632011235952593,29.0,25.6,100.0,Census Tract 4147
2012-2016,26161414700,15-17,15,16.401219466856723,15.0,16.4,100.0,Census Tract 4147
2012-2016,26161414900,total,3646,203,3646.0,203.0,100.0,Census Tract 4149
2012-2016,26161414900,0-4,191,76.05918747922567,191.0,76.1,100.0,Census Tract 4149
2012-2016,26161414900,5-9,229,80.72174428244226,229.0,80.7,100.0,Census Tract 4149
2012-2016,26161414900,10-14,348,99.04544411531508,348.0,99.0,100.0,Census Tract 4149
2012-2016,26161414900,15-17,194,62.68173577685927,194.0,62.7,100.0,Census Tract 4149
2012-2016,26161415200,total,1902,137,1902.0,137.0,100.0,Census Tract 4152
2012-2016,26161415200,0-4,88,33.60059523282288,88.0,33.6,100.0,Census Tract 4152
2012-2016,26161415200,5-9,38,18.867962264113206,38.0,18.9,100.0,Census Tract 4152
2012-2016,26161415200,10-14,70,29.832867780352597,70.0,29.8,100.0,Census Tract 4152
2012-2016,26161415200,15-17,53,20.80865204668481,53.0,20.8,100.0,Census Tract 4152
2012-2016,26161415400,total,2066,199,1448.3,139.5,70.1,Census Tract 4154
2012-2016,26161415400,0-4,107,43.278170016764804,75.0,30.3,70.1,Census Tract 4154
2012-2016,26161415400,5-9,148,47.38143096192853,103.7,33.2,70.1,Census Tract 4154
2012-2016,26161415400,10-14,124,43.416586692184815,86.9,30.4,70.1,Census Tract 4154
2012-2016,26161415400,15-17,57,31.240998703626616,40.0,21.9,70.1,Census Tract 4154
2012-2016,26161415600,total,2100,124,443.1,26.2,21.1,Census Tract 4156
2012-2016,26161415600,0-4,161,64.4980619863884,34.0,13.6,21.1,Census Tract 4156
2012-2016,26161415600,5-9,209,51.61395160225576,44.1,10.9,21.1,Census Tract 4156
2012-2016,26161415600,10-14,188,49.8196748283246,39.7,10.5,21.1,Census Tract 4156
2012-2016,26161415600,15-17,126,49.8196748283246,26.6,10.5,21.1,Census Tract 4156
2012-2016,26161415800,total,3433,191,1266.8,70.5,36.9,Census Tract 4158
2012-2016,26161415800,0-4,194,60.46486583132389,71.6,22.3,36.9,Census Tract 4158
2012-2016,26161415800,5-9,208,64.38167441127949,76.8,23.8,36.9,Census Tract 4158
2012-2016,26161415800,10-14,307,77.10382610480494,113.3,28.5,36.9,Census Tract 4158
2012-2016,26161415800,15-17,174,59.396969619669996,64.2,21.9,36.9,Census Tract 4158
2012-2016,26161416000,total,3465,237,3465.0,237.0,100.0,Census Tract 4160
2012-2016,26161416000,0-4,330,93.38094023943002,330.0,93.4,100.0,Census Tract 4160
2012-2016,26161416000,5-9,197,69.77105417004964,197.0,69.8,100.0,Census Tract 4160
2012-2016,26161416000,10-14,288,106.07544484940897,288.0,106.1,100.0,Census Tract 4160
2012-2016,26161416000,15-17,127,58.52349955359813,127.0,58.5,100.0,Census Tract 4160
2012-2016,26161416200,total,4237,225,762.7,40.5,18.0,Census Tract 4162
2012-2016,26161416200,0-4,161,55.803225713214815,29.0,10.0,18.0,Census Tract 4162
2012-2016,26161416200,5-9,131,59.203040462462724,23.6,10.7,18.0,Census Tract 4162
2012-2016,26161416200,10-14,466,95.46203433826456,83.9,17.2,18.0,Census Tract 4162
2012-2016,26161416200,15-17,213,70.6045324324154,38.3,12.7,18.0,Census Tract 4162
2012-2016,26161425000,total,4493,170,1828.7,69.2,40.7,Census Tract 4250
2012-2016,26161425000,0-4,203,77.7946013551069,82.6,31.7,40.7,Census Tract 4250
2012-2016,26161425000,5-9,197,87.11486669908874,80.2,35.5,40.7,Census Tract 4250
2012-2016,26161425000,10-14,398,120.37026210821342,162.0,49.0,40.7,Census Tract 4250
2012-2016,26161425000,15-17,307,99.0050503762308,124.9,40.3,40.7,Census Tract 4250
2012-2016,26161453000,total,4972,297,3555.0,212.4,71.5,Census Tract 4530
2012-2016,26161453000,0-4,332,108.57716150277643,237.4,77.6,71.5,Census Tract 4530
2012-2016,26161453000,5-9,301,76.84399781375251,215.2,54.9,71.5,Census Tract 4530
2012-2016,26161453000,10-14,264,92.02173656261873,188.8,65.8,71.5,Census Tract 4530
2012-2016,26161453000,15-17,211,69.65629906907199,150.9,49.8,71.5,Census Tract 4530
2012-2016,26161455000,total,4942,390,1833.5,144.7,37.1,Census Tract 4550
2012-2016,26161455000,0-4,390,136.60527076214885,144.7,50.7,37.1,Census Tract 4550
2012-2016,26161455000,5-9,515,153.22206107476822,191.1,56.8,37.1,Census Tract 4550
2012-2016,26161455000,10-14,472,160.15305179733542,175.1,59.4,37.1,Census Tract 4550
2012-2016,26161455000,15-17,207,90.60353193998564,76.8,33.6,37.1,Census Tract 4550
2012-2016,26161456000,total,5740,411,5740.0,411.0,100.0,Census Tract 4560
2012-2016,26161456000,0-4,366,160.4244370412438,366.0,160.4,100.0,Census Tract 4560
2012-2016,26161456000,5-9,516,171.26587517658035,516.0,171.3,100.0,Census Tract 4560
2012-2016,26161456000,10-14,533,195.34584715319644,533.0,195.3,100.0,Census Tract 4560
2012-2016,26161456000,15-17,250,112.16059914247963,250.0,112.2,100.0,Census Tract 4560
2012-2016,26161461000,total,7308,200,679.6,18.6,9.3,Census Tract 4610
2012-2016,26161461000,0-4,303,130.17680284904836,28.2,12.1,9.3,Census Tract 4610
2012-2016,26161461000,5-9,546,173.5655495770978,50.8,16.1,9.3,Census Tract 4610
2012-2016,26161461000,10-14,708,181.6039647144302,65.8,16.9,9.3,Census Tract 4610
2012-2016,26161461000,15-17,458,130.36103712382774,42.6,12.1,9.3,Census Tract 4610
2012-2016,26161464000,total,5867,32,311.0,1.7,5.3,Census Tract 4640
2012-2016,26161464000,0-4,181,93.47726996441435,9.6,5.0,5.3,Census Tract 4640
2012-2016,26161464000,5-9,307,127.31849826321388,16.3,6.7,5.3,Census Tract 4640
2012-2016,26161464000,10-14,366,123.10970717209914,19.4,6.5,5.3,Census Tract 4640
2012-2016,26161464000,15-17,368,108.4665847162157,19.5,5.7,5.3,Census Tract 4640
2012-2016,26161466000,total,2517,160,377.6,24.0,15.0,Census Tract 4660
2012-2016,26161466000,0-4,172,80.72174428244226,25.8,12.1,15.0,Census Tract 4660
2012-2016,26161466000,5-9,83,46.227697325304874,12.4,6.9,15.0,Census Tract 4660
2012-2016,26161466000,10-14,91,66.30987860040162,13.7,9.9,15.0,Census Tract 4660
2012-2016,26161466000,15-17,132,66.03029607687672,19.8,9.9,15.0,Census Tract 4660
2013-2017,26161400100,total,2300,342,2300.0,342.0,100.0,Census Tract 4001
2013-2017,26161400100,0-4,0,14.142135623730951,0.0,14.1,100.0,Census Tract 4001
2013-2017,26161400100,5-9,0,14.142135623730951,0.0,14.1,100.0,Census Tract 4001
2013-2017,26161400100,10-14,0,14.142135623730951,0.0,14.1,100.0,Census Tract 4001
2013-2017,26161400100,15-17,0,14.142135623730951,0.0,14.1,100.0,Census Tract 4001
2013-2017,26161400200,total,6135,283,6135.0,283.0,100.0,Census Tract 4002
2013-2017,26161400200,0-4,0,19.79898987322333,0.0,19.8,100.0,Census Tract 4002
2013-2017,26161400200,5-9,0,19.79898987322333,0.0,19.8,100.0,Census Tract 4002
2013-2017,26161400200,10-14,0,19.79898987322333,0.0,19.8,100.0,Census Tract 4002
2013-2017,26161400200,15-17,166,92.35799911215054,166.0,92.4,100.0,Census Tract 4002
2013-2017,26161400300,total,7546,708,7546.0,708.0,100.0,Census Tract 4003
2013-2017,26161400300,0-4,0,19.79898987322333,0.0,19.8,100.0,Census Tract 4003
2013-2017,26161400300,5-9,1,14.317821063276353,1.0,14.3,100.0,Census Tract 4003
2013-2017,26161400300,10-14,18,24.413111231467404,18.0,24.4,100.0,Census Tract 4003
2013-2017,26161400300,15-17,24,22.561028345356956,24.0,22.6,100.0,Census Tract 4003
2013-2017,26161400400,total,3223,295,3223.0,295.0,100.0,Census Tract 4004
2013-2017,26161400400,0-4,175,58.41232746604093,175.0,58.4,100.0,Census Tract 4004
2013-2017,26161400400,5-9,188,49.678969393496885,188.0,49.7,100.0,Census Tract 4004
2013-2017,26161400400,10-14,161,53.907327887774215,161.0,53.9,100.0,Census Tract 4004
2013-2017,26161400400,15-17,83,43.416586692184815,83.0,43.4,100.0,Census Tract 4004
2013-2017,26161400500,total,6519,760,6519.0,760.0,100.0,Census Tract 4005
2013-2017,26161400500,0-4,0,19.79898987322333,0.0,19.8,100.0,Census Tract 4005
2013-2017,26161400500,5-9,0,19.79898987322333,0.0,19.8,100.0,Census Tract 4005
2013-2017,26161400500,10-14,25,14.317821063276353,25.0,14.3,100.0,Census Tract 4005
2013-2017,26161400500,15-17,0,19.79898987322333,0.0,19.8,100.0,Census Tract 4005
2013-2017,26161400600,total,4501,273,4501.0,273.0,100.0,Census Tract 4006
2013-2017,26161400600,0-4,85,68.0,85.0,68.0,100.0,Census Tract 4006
2013-2017,26161400600,5-9,154,96.17692030835673,154.0,96.2,100.0,Census Tract 4006
2013-2017,26161400600,10-14,183,101.40019723846694,183.0,101.4,100.0,Census Tract 4006
2013-2017,26161400600,15-17,76,65.21502894272147,76.0,65.2,100.0,Census Tract 4006
2013-2017,26161400700,total,2745,275,2745.0,275.0,100.0,Census Tract 4007
2013-2017,26161400700,0-4,36,35.846896657869834,36.0,35.8,100.0,Census Tract 4007
2013-2017,26161400700,5-9,85,40.36087214122113,85.0,40.4,100.0,Census Tract 4007
2013-2017,26161400700,10-14,85,42.638011210655684,85.0,42.6,100.0,Census Tract 4007
2013-2017,26161400700,15-17,46,28.653097563788805,46.0,28.7,100.0,Census Tract 4007
2013-2017,26161400800,total,3000,419,3000.0,419.0,100.0,Census Tract 4008
2013-2017,26161400800,0-4,8,16.401219466856723,8.0,16.4,100.0,Census Tract 4008
2013-2017,26161400800,5-9,11,10.440306508910549,11.0,10.4,100.0,Census Tract 4008
2013-2017,26161400800,10-14,0,14.142135623730951,0.0,14.1,100.0,Census Tract 4008
2013-2017,26161400800,15-17,0,14.142135623730951,0.0,14.1,100.0,Census Tract 4008
2013-2017,26161402100,total,2873,263,2873.0,263.0,100.0,Census Tract 4021
2013-2017,26161402100,0-4,36,25.80697580112788,36.0,25.8,100.0,Census Tract 4021
2013-2017,26161402100,5-9,46,33.01514803843836,46.0,33.0,100.0,Census Tract 4021
2013-2017,26161402100,10-14,50,29.68164415931166,50.0,29.7,100.0,Census Tract 4021
2013-2017,26161402100,15-17,58,26.925824035672523,58.0,26.9,100.0,Census Tract 4021
2013-2017,26161402200,total,4951,458,4951.0,458.0,100.0,Census Tract 4022
2013-2017,26161402200,0-4,0,14.142135623730951,0.0,14.1,100.0,Census Tract 4022
2013-2017,26161402200,5-9,18,2.82842712474619,18.0,2.8,100.0,Census Tract 4022
2013-2017,26161402200,10-14,0,14.142135623730951,0.0,14.1,100.0,Census Tract 4022
2013-2017,26161402200,15-17,11,15.556349186104045,11.0,15.6,100.0,Census Tract 4022
2013-2017,26161402300,total,2664,167,2664.0,167.0,100.0,Census Tract 4023
2013-2017,26161402300,0-4,153,51.22499389946279,153.0,51.2,100.0,Census Tract 4023
2013-2017,26161402300,5-9,80,38.600518131237564,80.0,38.6,100.0,Census Tract 4023
2013-2017,26161402300,10-14,100,44.598206241955516,100.0,44.6,100.0,Census Tract 4023
2013-2017,26161402300,15-17,42,29.1547594742265,42.0,29.2,100.0,Census Tract 4023
2013-2017,26161402500,total,2271,144,2271.0,144.0,100.0,Census Tract 4025
2013-2017,26161402500,0-4,211,58.05170109479996,211.0,58.1,100.0,Census Tract 4025
2013-2017,26161402500,5-9,73,40.22437072223753,73.0,40.2,100.0,Census Tract 4025
2013-2017,26161402500,10-14,69,48.02082881417188,69.0,48.0,100.0,Census Tract 4025
2013-2017,26161402500,15-17,51,34.20526275297414,51.0,34.2,100.0,Census Tract 4025
2013-2017,26161402600,total,2109,322,2109.0,322.0,100.0,Census Tract 4026
2013-2017,26161402600,0-4,209,58.05170109479996,209.0,58.1,100.0,Census Tract 4026
2013-2017,26161402600,5-9,108,35.468295701936405,108.0,35.5,100.0,Census Tract 4026
2013-2017,26161402600,10-14,26,20.80865204668481,26.0,20.8,100.0,Census Tract 4026
2013-2017,26161402600,15-17,19,16.1245154965971,19.0,16.1,100.0,Census Tract 4026
2013-2017,26161402700,total,5446,323,5446.0,323.0,100.0,Census Tract 4027
2013-2017,26161402700,0-4,302,105.1189802081432,302.0,105.1,100.0,Census Tract 4027
2013-2017,26161402700,5-9,437,140.12137595670404,437.0,140.1,100.0,Census Tract 4027
2013-2017,26161402700,10-14,444,141.42842712835352,444.0,141.4,100.0,Census Tract 4027
2013-2017,26161402700,15-17,167,74.51845409024533,167.0,74.5,100.0,Census Tract 4027
2013-2017,26161403100,total,1475,85,1475.0,85.0,100.0,Census Tract 4031
2013-2017,26161403100,0-4,32,17.804493814764857,32.0,17.8,100.0,Census Tract 4031
2013-2017,26161403100,5-9,152,44.204072210600685,152.0,44.2,100.0,Census Tract 4031
2013-2017,26161403100,10-14,84,33.01514803843836,84.0,33.0,100.0,Census Tract 4031
2013-2017,26161403100,15-17,108,40.22437072223753,108.0,40.2,100.0,Census Tract 4031
2013-2017,26161403200,total,3040,166,3040.0,166.0,100.0,Census Tract 4032
2013-2017,26161403200,0-4,162,70.66116330771806,162.0,70.7,100.0,Census Tract 4032
2013-2017,26161403200,5-9,193,77.15568676384133,193.0,77.2,100.0,Census Tract 4032
2013-2017,26161403200,10-14,122,53.82378656319156,122.0,53.8,100.0,Census Tract 4032
2013-2017,26161403200,15-17,131,51.662365412357964,131.0,51.7,100.0,Census Tract 4032
2013-2017,26161403300,total,4032,302,4032.0,302.0,100.0,Census Tract 4033
2013-2017,26161403300,0-4,284,97.30878685915266,284.0,97.3,100.0,Census Tract 4033
2013-2017,26161403300,5-9,256,87.98295289429652,256.0,88.0,100.0,Census Tract 4033
2013-2017,26161403300,10-14,104,50.606323715519984,104.0,50.6,100.0,Census Tract 4033
2013-2017,26161403300,15-17,157,83.86894538504703,157.0,83.9,100.0,Census Tract 4033
2013-2017,26161403400,total,3208,261,3208.0,261.0,100.0,Census Tract 4034
2013-2017,26161403400,0-4,195,69.02897942168927,195.0,69.0,100.0,Census Tract 4034
2013-2017,26161403400,5-9,150,53.150729063673246,150.0,53.2,100.0,Census Tract 4034
2013-2017,26161403400,10-14,210,55.60575509783138,210.0,55.6,100.0,Census Tract 4034
2013-2017,26161403400,15-17,49,33.421549934136806,49.0,33.4,100.0,Census Tract 4034
2013-2017,26161403500,total,2791,196,2791.0,196.0,100.0,Census Tract 4035
2013-2017,26161403500,0-4,117,44.598206241955516,117.0,44.6,100.0,Census Tract 4035
2013-2017,26161403500,5-9,171,57.271284253105414,171.0,57.3,100.0,Census Tract 4035
2013-2017,26161403500,10-14,170,68.60029154456998,170.0,68.6,100.0,Census Tract 4035
2013-2017,26161403500,15-17,66,38.948684188300895,66.0,38.9,100.0,Census Tract 4035
2013-2017,26161403600,total,5438,380,5438.0,380.0,100.0,Census Tract 4036
2013-2017,26161403600,0-4,135,83.81527307120105,135.0,83.8,100.0,Census Tract 4036
2013-2017,26161403600,5-9,213,117.0683561001862,213.0,117.1,100.0,Census Tract 4036
2013-2017,26161403600,10-14,136,69.65629906907199,136.0,69.7,100.0,Census Tract 4036
2013-2017,26161403600,15-17,210,92.00543462209176,210.0,92.0,100.0,Census Tract 4036
2013-2017,26161403800,total,3149,263,3149.0,263.0,100.0,Census Tract 4038
2013-2017,26161403800,0-4,289,100.7670581092849,289.0,100.8,100.0,Census Tract 4038
2013-2017,26161403800,5-9,126,54.99999999999999,126.0,55.0,100.0,Census Tract 4038
2013-2017,26161403800,10-14,237,91.83681179135085,237.0,91.8,100.0,Census Tract 4038
2013-2017,26161403800,15-17,101,54.48853090330112,101.0,54.5,100.0,Census Tract 4038
2013-2017,26161404100,total,3261,370,3261.0,370.0,100.0,Census Tract 4041
2013-2017,26161404100,0-4,92,48.05205510693585,92.0,48.1,100.0,Census Tract 4041
2013-2017,26161404100,5-9,299,87.72684879784524,299.0,87.7,100.0,Census Tract 4041
2013-2017,26161404100,10-14,209,80.1311425102625,209.0,80.1,100.0,Census Tract 4041
2013-2017,26161404100,15-17,150,71.02112361825881,150.0,71.0,100.0,Census Tract 4041
2013-2017,26161404200,total,2070,204,2070.0,204.0,100.0,Census Tract 4042
2013-2017,26161404200,0-4,135,68.6804193347711,135.0,68.7,100.0,Census Tract 4042
2013-2017,26161404200,5-9,128,61.032778078668514,128.0,61.0,100.0,Census Tract 4042
2013-2017,26161404200,10-14,29,27.80287754891569,29.0,27.8,100.0,Census Tract 4042
2013-2017,26161404200,15-17,11,19.72308292331602,11.0,19.7,100.0,Census Tract 4042
2013-2017,26161404300,total,2715,126,2715.0,126.0,100.0,Census Tract 4043
2013-2017,26161404300,0-4,128,45.27692569068708,128.0,45.3,100.0,Census Tract 4043
2013-2017,26161404300,5-9,119,46.86149805543993,119.0,46.9,100.0,Census Tract 4043
2013-2017,26161404300,10-14,179,64.35060217278468,179.0,64.4,100.0,Census Tract 4043
2013-2017,26161404300,15-17,93,45.80392996239515,93.0,45.8,100.0,Census Tract 4043
2013-2017,26161404400,total,2236,136,2236.0,136.0,100.0,Census Tract 4044
2013-2017,26161404400,0-4,157,55.00909015790026,157.0,55.0,100.0,Census Tract 4044
2013-2017,26161404400,5-9,148,46.010868281309364,148.0,46.0,100.0,Census Tract 4044
2013-2017,26161404400,10-14,149,45.60701700396552,149.0,45.6,100.0,Census Tract 4044
2013-2017,26161404400,15-17,72,37.44329045369811,72.0,37.4,100.0,Census Tract 4044
2013-2017,26161404500,total,4451,664,4451.0,664.0,100.0,Census Tract 4045
2013-2017,26161404500,0-4,313,120.20815280171308,313.0,120.2,100.0,Census Tract 4045
2013-2017,26161404500,5-9,113,104.2928568982555,113.0,104.3,100.0,Census Tract 4045
2013-2017,26161404500,10-14,16,29.732137494637012,16.0,29.7,100.0,Census Tract 4045
2013-2017,26161404500,15-17,27,43.174066289845804,27.0,43.2,100.0,Census Tract 4045
2013-2017,26161404600,total,5094,429,5094.0,429.0,100.0,Census Tract 4046
2013-2017,26161404600,0-4,173,74.33034373659252,173.0,74.3,100.0,Census Tract 4046
2013-2017,26161404600,5-9,212,90.8019823572151,212.0,90.8,100.0,Census Tract 4046
2013-2017,26161404600,10-14,197,115.91807451816996,197.0,115.9,100.0,Census Tract 4046
2013-2017,26161404600,15-17,167,82.03657720797474,167.0,82.0,100.0,Census Tract 4046
2013-2017,26161405100,total,2116,239,2116.0,239.0,100.0,Census Tract 4051
2013-2017,26161405100,0-4,185,82.76472678623425,185.0,82.8,100.0,Census Tract 4051
2013-2017,26161405100,5-9,135,65.19202405202648,135.0,65.2,100.0,Census Tract 4051
2013-2017,26161405100,10-14,77,46.09772228646443,77.0,46.1,100.0,Census Tract 4051
2013-2017,26161405100,15-17,49,34.132096331752024,49.0,34.1,100.0,Census Tract 4051
2013-2017,26161405200,total,4826,345,4826.0,345.0,100.0,Census Tract 4052
2013-2017,26161405200,0-4,384,153.05554547287727,384.0,153.1,100.0,Census Tract 4052
2013-2017,26161405200,5-9,216,115.25623627379127,216.0,115.3,100.0,Census Tract 4052
2013-2017,26161405200,10-14,126,109.59014554237987,126.0,109.6,100.0,Census Tract 4052
2013-2017,26161405200,15-17,66,60.876925020897694,66.0,60.9,100.0,Census Tract 4052
2013-2017,26161405300,total,5449,254,5449.0,254.0,100.0,Census Tract 4053
2013-2017,26161405300,0-4,348,77.15568676384133,348.0,77.2,100.0,Census Tract 4053
2013-2017,26161405300,5-9,397,106.82696288858914,397.0,106.8,100.0,Census Tract 4053
2013-2017,26161405300,10-14,342,86.83317338436963,342.0,86.8,100.0,Census Tract 4053
2013-2017,26161405300,15-17,184,68.01470429252781,184.0,68.0,100.0,Census Tract 4053
2013-2017,26161405400,total,1998,176,1998.0,176.0,100.0,Census Tract 4054
2013-2017,26161405400,0-4,118,51.73973328110612,118.0,51.7,100.0,Census Tract 4054
2013-2017,26161405400,5-9,62,39.66106403010388,62.0,39.7,100.0,Census Tract 4054
2013-2017,26161405400,10-14,68,39.20459156782532,68.0,39.2,100.0,Census Tract 4054
2013-2017,26161405400,15-17,71,49.64876634922564,71.0,49.6,100.0,Census Tract 4054
2013-2017,26161405500,total,2171,210,2171.0,210.0,100.0,Census Tract 4055
2013-2017,26161405500,0-4,90,68.41052550594829,90.0,68.4,100.0,Census Tract 4055
2013-2017,26161405500,5-9,75,51.0,75.0,51.0,100.0,Census Tract 4055
2013-2017,26161405500,10-14,71,51.40038910358559,71.0,51.4,100.0,Census Tract 4055
2013-2017,26161405500,15-17,65,59.03388857258176,65.0,59.0,100.0,Census Tract 4055
2013-2017,26161405600,total,4793,343,4793.0,343.0,100.0,Census Tract 4056
2013-2017,26161405600,0-4,323,101.11874208078342,323.0,101.1,100.0,Census Tract 4056
2013-2017,26161405600,5-9,366,131.65485179058157,366.0,131.7,100.0,Census Tract 4056
2013-2017,26161405600,10-14,310,122.29881438509533,310.0,122.3,100.0,Census Tract 4056
2013-2017,26161405600,15-17,204,85.21150157109074,204.0,85.2,100.0,Census Tract 4056
2013-2017,26161406000,total,3401,156,3401.0,156.0,100.0,Census Tract 4060
2013-2017,26161406000,0-4,145,58.83026432033091,145.0,58.8,100.0,Census Tract 4060
2013-2017,26161406000,5-9,209,64.20280367709809,209.0,64.2,100.0,Census Tract 4060
2013-2017,26161406000,10-14,281,87.8179936004006,281.0,87.8,100.0,Census Tract 4060
2013-2017,26161406000,15-17,100,54.67174773134658,100.0,54.7,100.0,Census Tract 4060
2013-2017,26161407000,total,4782,263,1640.2,90.2,34.3,Census Tract 4070
2013-2017,26161407000,0-4,168,79.51100552753688,57.6,27.3,34.3,Census Tract 4070
2013-2017,26161407000,5-9,262,71.58910531638176,89.9,24.6,34.3,Census Tract 4070
2013-2017,26161407000,10-14,338,95.48298277703728,115.9,32.8,34.3,Census Tract 4070
2013-2017,26161407000,15-17,258,83.35466393669883,88.5,28.6,34.3,Census Tract 4070
2013-2017,26161414000,total,3398,299,3398.0,299.0,100.0,Census Tract 4140
2013-2017,26161414000,0-4,152,82.20097323024831,152.0,82.2,100.0,Census Tract 4140
2013-2017,26161414000,5-9,163,70.178344238091,163.0,70.2,100.0,Census Tract 4140
2013-2017,26161414000,10-14,115,63.28506932918696,115.0,63.3,100.0,Census Tract 4140
2013-2017,26161414000,15-17,73,55.54277630799526,73.0,55.5,100.0,Census Tract 4140
2013-2017,26161414200,total,2862,255,2862.0,255.0,100.0,Census Tract 4142
2013-2017,26161414200,0-4,170,93.00537618869137,170.0,93.0,100.0,Census Tract 4142
2013-2017,26161414200,5-9,146,73.10950690573696,146.0,73.1,100.0,Census Tract 4142
2013-2017,26161414200,10-14,104,62.76941930590086,104.0,62.8,100.0,Census Tract 4142
2013-2017,26161414200,15-17,47,31.240998703626616,47.0,31.2,100.0,Census Tract 4142
2013-2017,26161414300,total,3197,278,3197.0,278.0,100.0,Census Tract 4143
2013-2017,26161414300,0-4,210,87.72684879784524,210.0,87.7,100.0,Census Tract 4143
2013-2017,26161414300,5-9,95,41.04875150354759,95.0,41.0,100.0,Census Tract 4143
2013-2017,26161414300,10-14,132,75.2396172239067,132.0,75.2,100.0,Census Tract 4143
2013-2017,26161414300,15-17,105,56.302753041036986,105.0,56.3,100.0,Census Tract 4143
2013-2017,26161414500,total,3078,218,3078.0,218.0,100.0,Census Tract 4145
2013-2017,26161414500,0-4,213,63.81222453417527,213.0,63.8,100.0,Census Tract 4145
2013-2017,26161414500,5-9,194,60.53924347066125,194.0,60.5,100.0,Census Tract 4145
2013-2017,26161414500,10-14,232,60.207972893961475,232.0,60.2,100.0,Census Tract 4145
2013-2017,26161414500,15-17,45,24.207436873820406,45.0,24.2,100.0,Census Tract 4145
2013-2017,26161414700,total,1636,116,1636.0,116.0,100.0,Census Tract 4147
2013-2017,26161414700,0-4,89,47.53945729601885,89.0,47.5,100.0,Census Tract 4147
2013-2017,26161414700,5-9,35,27.85677655436824,35.0,27.9,100.0,Census Tract 4147
2013-2017,26161414700,10-14,12,13.45362404707371,12.0,13.5,100.0,Census Tract 4147
2013-2017,26161414700,15-17,9,14.142135623730951,9.0,14.1,100.0,Census Tract 4147
2013-2017,26161414900,total,3481,191,3481.0,191.0,100.0,Census Tract 4149
2013-2017,26161414900,0-4,170,73.7563556583431,170.0,73.8,100.0,Census Tract 4149
2013-2017,26161414900,5-9,167,71.44928271158501,167.0,71.4,100.0,Census Tract 4149
2013-2017,26161414900,10-14,355,108.45275469069469,355.0,108.5,100.0,Census Tract 4149
2013-2017,26161414900,15-17,173,56.60388679233962,173.0,56.6,100.0,Census Tract 4149
2013-2017,26161415200,total,1910,125,1910.0,125.0,100.0,Census Tract 4152
2013-2017,26161415200,0-4,90,37.48332962798263,90.0,37.5,100.0,Census Tract 4152
2013-2017,26161415200,5-9,36,20.0,36.0,20.0,100.0,Census Tract 4152
2013-2017,26161415200,10-14,70,32.526911934581186,70.0,32.5,100.0,Census Tract 4152
2013-2017,26161415200,15-17,45,23.3238075793812,45.0,23.3,100.0,Census Tract 4152
2013-2017,26161415400,total,1994,197,1397.8,138.1,70.1,Census Tract 4154
2013-2017,26161415400,0-4,134,49.4064773081425,93.9,34.6,70.1,Census Tract 4154
2013-2017,26161415400,5-9,125,46.010868281309364,87.6,32.3,70.1,Census Tract 4154
2013-2017,26161415400,10-14,113,43.04648650006177,79.2,30.2,70.1,Census Tract 4154
2013-2017,26161415400,15-17,62,29.832867780352597,43.5,20.9,70.1,Census Tract 4154
2013-2017,26161415600,total,2208,120,465.9,25.3,21.1,Census Tract 4156
2013-2017,26161415600,0-4,166,68.26419266350405,35.0,14.4,21.1,Census Tract 4156
2013-2017,26161415600,5-9,184,48.91829923454004,38.8,10.3,21.1,Census Tract 4156
2013-2017,26161415600,10-14,228,63.63961030678928,48.1,13.4,21.1,Census Tract 4156
2013-2017,26161415600,15-17,149,48.79549159502341,31.4,10.3,21.1,Census Tract 4156
2013-2017,26161415800,total,3554,201,1311.4,74.2,36.9,Census Tract 4158
2013-2017,26161415800,0-4,162,58.60034129593445,59.8,21.6,36.9,Census Tract 4158
2013-2017,26161415800,5-9,226,71.21797525905943,83.4,26.3,36.9,Census Tract 4158
2013-2017,26161415800,10-14,324,85.27602242131137,119.6,31.5,36.9,Census Tract 4158
2013-2017,26161415800,15-17,216,81.54140052758477,79.7,30.1,36.9,Census Tract 4158
2013-2017,26161416000,total,3518,218,3518.0,218.0,100.0,Census Tract 4160
2013-2017,26161416000,0-4,323,93.33809511662426,323.0,93.3,100.0,Census Tract 4160
2013-2017,26161416000,5-9,193,56.03570290448761,193.0,56.0,100.0,Census Tract 4160
2013-2017,26161416000,10-14,338,106.10372283760829,338.0,106.1,100.0,Census Tract 4160
2013-2017,26161416000,15-17,132,53.150729063673246,132.0,53.2,100.0,Census Tract 4160
2013-2017,26161416200,total,4557,218,820.3,39.2,18.0,Census Tract 4162
2013-2017,26161416200,0-4,175,69.42621983083912,31.5,12.5,18.0,Census Tract 4162
2013-2017,26161416200,5-9,141,55.22680508593631,25.4,9.9,18.0,Census Tract 4162
2013-2017,26161416200,10-14,488,96.26006440887103,87.8,17.3,18.0,Census Tract 4162
2013-2017,26161416200,15-17,217,73.7563556583431,39.1,13.3,18.0,Census Tract 4162
2013-2017,26161425000,total,4443,169,1808.3,68.8,40.7,Census Tract 4250
2013-2017,26161425000,0-4,166,71.7007670809734,67.6,29.2,40.7,Census Tract 4250
2013-2017,26161425000,5-9,198,83.48652585896721,80.6,34.0,40.7,Census Tract 4250
2013-2017,26161425000,10-14,411,125.64234954823155,167.3,51.1,40.7,Census Tract 4250
2013-2017,26161425000,15-17,247,88.41379982785492,100.5,36.0,40.7,Census Tract 4250
2013-2017,26161453000,total,5115,330,3657.2,235.9,71.5,Census Tract 4530
2013-2017,26161453000,0-4,290,103.27632836231157,207.3,73.8,71.5,Census Tract 4530
2013-2017,26161453000,5-9,280,97.6165969494942,200.2,69.8,71.5,Census Tract 4530
2013-2017,26161453000,10-14,193,66.03029607687672,138.0,47.2,71.5,Census Tract 4530
2013-2017,26161453000,15-17,155,53.2634959423431,110.8,38.1,71.5,Census Tract 4530
2013-2017,26161455000,total,5094,381,1889.9,141.4,37.1,Census Tract 4550
2013-2017,26161455000,0-4,378,128.08200498118384,140.2,47.5,37.1,Census Tract 4550
2013-2017,26161455000,5-9,502,161.96913286178943,186.2,60.1,37.1,Census Tract 4550
2013-2017,26161455000,10-14,475,156.4736399525492,176.2,58.1,37.1,Census Tract 4550
2013-2017,26161455000,15-17,202,87.78382538941898,74.9,32.6,37.1,Census Tract 4550
2013-2017,26161456000,total,5698,422,5698.0,422.0,100.0,Census Tract 4560
2013-2017,26161456000,0-4,319,144.81022063376605,319.0,144.8,100.0,Census Tract 4560
2013-2017,26161456000,5-9,499,164.0731544159495,499.0,164.1,100.0,Census Tract 4560
2013-2017,26161456000,10-14,523,204.98048687619024,523.0,205.0,100.0,Census Tract 4560
2013-2017,26161456000,15-17,354,129.84991336154215,354.0,129.8,100.0,Census Tract 4560
2013-2017,26161461000,total,7268,228,675.9,21.2,9.3,Census Tract 4610
2013-2017,26161461000,0-4,274,133.77593206552515,25.5,12.4,9.3,Census Tract 4610
2013-2017,26161461000,5-9,600,190.0,55.8,17.7,9.3,Census Tract 4610
2013-2017,26161461000,10-14,691,174.18668146560458,64.3,16.2,9.3,Census Tract 4610
2013-2017,26161461000,15-17,413,138.23530663329103,38.4,12.9,9.3,Census Tract 4610
2013-2017,26161464000,total,5936,21,314.6,1.1,5.3,Census Tract 4640
2013-2017,26161464000,0-4,212,95.67131231461184,11.2,5.1,5.3,Census Tract 4640
2013-2017,26161464000,5-9,359,140.6627171641441,19.0,7.5,5.3,Census Tract 4640
2013-2017,26161464000,10-14,329,132.32157798333574,17.4,7.0,5.3,Census Tract 4640
2013-2017,26161464000,15-17,341,118.19052415485768,18.1,6.3,5.3,Census Tract 4640
2013-2017,26161466000,total,2455,133,368.2,19.9,15.0,Census Tract 4660
2013-2017,26161466000,0-4,127,62.369864518050704,19.1,9.4,15.0,Census Tract 4660
2013-2017,26161466000,5-9,110,49.64876634922563,16.5,7.4,15.0,Census Tract 4660
2013-2017,26161466000,10-14,148,86.55634003352961,22.2,13.0,15.0,Census Tract 4660
2013-2017,26161466000,15-17,56,44.14748010928823,8.4,6.6,15.0,Census Tract 4660
2014-2018,26161400100,total,2377,429,2377.0,429.0,100.0,Census Tract 4001
2014-2018,26161400100,0-4,0,14.142135623730951,0.0,14.1,100.0,Census Tract 4001
2014-2018,26161400100,5-9,0,14.142135623730951,0.0,14.1,100.0,Census Tract 4001
2014-2018,26161400100,10-14,0,14.142135623730951,0.0,14.1,100.0,Census Tract 4001
2014-2018,26161400100,15-17,0,14.142135623730951,0.0,14.1,100.0,Census Tract 4001
2014-2018,26161400200,total,6093,302,6093.0,302.0,100.0,Census Tract 4002
2014-2018,26161400200,0-4,0,19.79898987322333,0.0,19.8,100.0,Census Tract 4002
2014-2018,26161400200,5-9,0,19.79898987322333,0.0,19.8,100.0,Census Tract 4002
2014-2018,26161400200,10-14,0,19.79898987322333,0.0,19.8,100.0,Census Tract 4002
2014-2018,26161400200,15-17,174,85.08818954473058,174.0,85.1,100.0,Census Tract 4002
2014-2018,26161400300,total,7146,691,7146.0,691.0,100.0,Census Tract 4003
2014-2018,26161400300,0-4,0,19.79898987322333,0.0,19.8,100.0,Census Tract 4003
2014-2018,26161400300,5-9,1,14.317821063276353,1.0,14.3,100.0,Census Tract 4003
2014-2018,26161400300,10-14,16,24.413111231467404,16.0,24.4,100.0,Census Tract 4003
2014-2018,26161400300,15-17,30,25.612496949731394,30.0,25.6,100.0,Census Tract 4003
2014-2018,26161400400,total,3330,306,3330.0,306.0,100.0,Census Tract 4004
2014-2018,26161400400,0-4,151,61.294371682887814,151.0,61.3,100.0,Census Tract 4004
2014-2018,26161400400,5-9,216,63.51377803280167,216.0,63.5,100.0,Census Tract 4004
2014-2018,26161400400,10-14,137,52.009614495783374,137.0,52.0,100.0,Census Tract 4004
2014-2018,26161400400,15-17,66,43.86342439892262,66.0,43.9,100.0,Census Tract 4004
2014-2018,26161400500,total,7293,850,7293.0,850.0,100.0,Census Tract 4005
2014-2018,26161400500,0-4,0,19.79898987322333,0.0,19.8,100.0,Census Tract 4005
2014-2018,26161400500,5-9,0,19.79898987322333,0.0,19.8,100.0,Census Tract 4005
2014-2018,26161400500,10-14,9,36.76955262170047,9.0,36.8,100.0,Census Tract 4005
2014-2018,26161400500,15-17,12,29.5296461204668,12.0,29.5,100.0,Census Tract 4005
2014-2018,26161400600,total,4619,292,4619.0,292.0,100.0,Census Tract 4006
2014-2018,26161400600,0-4,106,78.16009211867652,106.0,78.2,100.0,Census Tract 4006
2014-2018,26161400600,5-9,186,99.02019995940222,186.0,99.0,100.0,Census Tract 4006
2014-2018,26161400600,10-14,133,72.69112738154499,133.0,72.7,100.0,Census Tract 4006
2014-2018,26161400600,15-17,60,51.62363799656123,60.0,51.6,100.0,Census Tract 4006
2014-2018,26161400700,total,2846,315,2846.0,315.0,100.0,Census Tract 4007
2014-2018,26161400700,0-4,40,38.32753579347361,40.0,38.3,100.0,Census Tract 4007
2014-2018,26161400700,5-9,99,46.09772228646443,99.0,46.1,100.0,Census Tract 4007
2014-2018,26161400700,10-14,83,42.8018691180654,83.0,42.8,100.0,Census Tract 4007
2014-2018,26161400700,15-17,35,22.47220505424423,35.0,22.5,100.0,Census Tract 4007
2014-2018,26161400800,total,3244,475,3244.0,475.0,100.0,Census Tract 4008
2014-2018,26161400800,0-4,0,14.142135623730951,0.0,14.1,100.0,Census Tract 4008
2014-2018,26161400800,5-9,9,10.440306508910549,9.0,10.4,100.0,Census Tract 4008
2014-2018,26161400800,10-14,0,14.142135623730951,0.0,14.1,100.0,Census Tract 4008
2014-2018,26161400800,15-17,0,14.142135623730951,0.0,14.1,100.0,Census Tract 4008
2014-2018,26161402100,total,2938,297,2938.0,297.0,100.0,Census Tract 4021
2014-2018,26161402100,0-4,27,21.93171219946131,27.0,21.9,100.0,Census Tract 4021
2014-2018,26161402100,5-9,36,32.449961479175904,36.0,32.4,100.0,Census Tract 4021
2014-2018,26161402100,10-14,59,49.72926703662543,59.0,49.7,100.0,Census Tract 4021
2014-2018,26161402100,15-17,78,57.68882040742383,78.0,57.7,100.0,Census Tract 4021
2014-2018,26161402200,total,5285,612,5285.0,612.0,100.0,Census Tract 4022
2014-2018,26161402200,0-4,0,19.79898987322333,0.0,19.8,100.0,Census Tract 4022
2014-2018,26161402200,5-9,8,6.4031242374328485,8.0,6.4,100.0,Census Tract 4022
2014-2018,26161402200,10-14,0,19.79898987322333,0.0,19.8,100.0,Census Tract 4022
2014-2018,26161402200,15-17,22,20.615528128088304,22.0,20.6,100.0,Census Tract 4022
2014-2018,26161402300,total,2628,177,2628.0,177.0,100.0,Census Tract 4023
2014-2018,26161402300,0-4,123,44.68780594300866,123.0,44.7,100.0,Census Tract 4023
2014-2018,26161402300,5-9,92,43.13930922024599,92.0,43.1,100.0,Census Tract 4023
2014-2018,26161402300,10-14,101,42.8018691180654,101.0,42.8,100.0,Census Tract 4023
2014-2018,26161402300,15-17,44,29.732137494637012,44.0,29.7,100.0,Census Tract 4023
2014-2018,26161402500,total,2261,155,2261.0,155.0,100.0,Census Tract 4025
2014-2018,26161402500,0-4,195,68.81860213634101,195.0,68.8,100.0,Census Tract 4025
2014-2018,26161402500,5-9,60,34.20526275297414,60.0,34.2,100.0,Census Tract 4025
2014-2018,26161402500,10-14,117,53.00943312279429,117.0,53.0,100.0,Census Tract 4025
2014-2018,26161402500,15-17,42,27.20294101747089,42.0,27.2,100.0,Census Tract 4025
2014-2018,26161402600,total,2252,244,2252.0,244.0,100.0,Census Tract 4026
2014-2018,26161402600,0-4,187,49.57822102496216,187.0,49.6,100.0,Census Tract 4026
2014-2018,26161402600,5-9,108,38.600518131237564,108.0,38.6,100.0,Census Tract 4026
2014-2018,26161402600,10-14,28,29.5296461204668,28.0,29.5,100.0,Census Tract 4026
2014-2018,26161402600,15-17,16,13.45362404707371,16.0,13.5,100.0,Census Tract 4026
2014-2018,26161402700,total,5422,403,5422.0,403.0,100.0,Census Tract 4027
2014-2018,26161402700,0-4,262,95.13148795220224,262.0,95.1,100.0,Census Tract 4027
2014-2018,26161402700,5-9,440,149.56603892595405,440.0,149.6,100.0,Census Tract 4027
2014-2018,26161402700,10-14,536,160.2404443328837,536.0,160.2,100.0,Census Tract 4027
2014-2018,26161402700,15-17,165,70.2922470831599,165.0,70.3,100.0,Census Tract 4027
2014-2018,26161403100,total,1544,87,1544.0,87.0,100.0,Census Tract 4031
2014-2018,26161403100,0-4,27,18.027756377319946,27.0,18.0,100.0,Census Tract 4031
2014-2018,26161403100,5-9,138,40.0,138.0,40.0,100.0,Census Tract 4031
2014-2018,26161403100,10-14,109,36.67424164178449,109.0,36.7,100.0,Census Tract 4031
2014-2018,26161403100,15-17,111,39.05124837953327,111.0,39.1,100.0,Census Tract 4031
2014-2018,26161403200,total,3012,175,3012.0,175.0,100.0,Census Tract 4032
2014-2018,26161403200,0-4,145,70.22819946431775,145.0,70.2,100.0,Census Tract 4032
2014-2018,26161403200,5-9,164,77.7946013551069,164.0,77.8,100.0,Census Tract 4032
2014-2018,26161403200,10-14,140,54.40588203494178,140.0,54.4,100.0,Census Tract 4032
2014-2018,26161403200,15-17,131,49.20365840057018,131.0,49.2,100.0,Census Tract 4032
2014-2018,26161403300,total,3967,282,3967.0,282.0,100.0,Census Tract 4033
2014-2018,26161403300,0-4,251,104.69479452198183,251.0,104.7,100.0,Census Tract 4033
2014-2018,26161403300,5-9,279,112.4144118874444,279.0,112.4,100.0,Census Tract 4033
2014-2018,26161403300,10-14,125,59.40538696111659,125.0,59.4,100.0,Census Tract 4033
2014-2018,26161403300,15-17,143,74.33034373659252,143.0,74.3,100.0,Census Tract 4033
2014-2018,26161403400,total,3173,188,3173.0,188.0,100.0,Census Tract 4034
2014-2018,26161403400,0-4,187,67.42403132415028,187.0,67.4,100.0,Census Tract 4034
2014-2018,26161403400,5-9,169,51.0881590977792,169.0,51.1,100.0,Census Tract 4034
2014-2018,26161403400,10-14,191,50.99019513592785,191.0,51.0,100.0,Census Tract 4034
2014-2018,26161403400,15-17,76,39.69886648255842,76.0,39.7,100.0,Census Tract 4034
2014-2018,26161403500,total,2947,233,2947.0,233.0,100.0,Census Tract 4035
2014-2018,26161403500,0-4,117,57.99999999999999,117.0,58.0,100.0,Census Tract 4035
2014-2018,26161403500,5-9,148,64.62197768561404,148.0,64.6,100.0,Census Tract 4035
2014-2018,26161403500,10-14,156,68.60029154456998,156.0,68.6,100.0,Census Tract 4035
2014-2018,26161403500,15-17,85,49.51767361255979,85.0,49.5,100.0,Census Tract 4035
2014-2018,26161403600,total,5603,374,5603.0,374.0,100.0,Census Tract 4036
2014-2018,26161403600,0-4,165,83.60023923410745,165.0,83.6,100.0,Census Tract 4036
2014-2018,26161403600,5-9,187,91.92388155425118,187.0,91.9,100.0,Census Tract 4036
2014-2018,26161403600,10-14,199,84.11896337925236,199.0,84.1,100.0,Census Tract 4036
2014-2018,26161403600,15-17,217,92.45539465060975,217.0,92.5,100.0,Census Tract 4036
2014-2018,26161403800,total,3058,206,3058.0,206.0,100.0,Census Tract 4038
2014-2018,26161403800,0-4,245,79.39773296511684,245.0,79.4,100.0,Census Tract 4038
2014-2018,26161403800,5-9,102,43.84062043356595,102.0,43.8,100.0,Census Tract 4038
2014-2018,26161403800,10-14,169,69.64194138592059,169.0,69.6,100.0,Census Tract 4038
2014-2018,26161403800,15-17,54,32.64965543462901,54.0,32.6,100.0,Census Tract 4038
2014-2018,26161404100,total,3270,339,3270.0,339.0,100.0,Census Tract 4041
2014-2018,26161404100,0-4,91,46.14108798023731,91.0,46.1,100.0,Census Tract 4041
2014-2018,26161404100,5-9,268,87.6184911990614,268.0,87.6,100.0,Census Tract 4041
2014-2018,26161404100,10-14,203,82.29823813423955,203.0,82.3,100.0,Census Tract 4041
2014-2018,26161404100,15-17,164,81.39410298049853,164.0,81.4,100.0,Census Tract 4041
2014-2018,26161404200,total,2005,187,2005.0,187.0,100.0,Census Tract 4042
2014-2018,26161404200,0-4,117,60.21627686929839,117.0,60.2,100.0,Census Tract 4042
2014-2018,26161404200,5-9,122,59.16924876994806,122.0,59.2,100.0,Census Tract 4042
2014-2018,26161404200,10-14,30,25.455844122715707,30.0,25.5,100.0,Census Tract 4042
2014-2018,26161404200,15-17,18,20.591260281973998,18.0,20.6,100.0,Census Tract 4042
2014-2018,26161404300,total,2775,163,2775.0,163.0,100.0,Census Tract 4043
2014-2018,26161404300,0-4,180,56.639209034025185,180.0,56.6,100.0,Census Tract 4043
2014-2018,26161404300,5-9,126,56.08029957123981,126.0,56.1,100.0,Census Tract 4043
2014-2018,26161404300,10-14,177,73.40980860893181,177.0,73.4,100.0,Census Tract 4043
2014-2018,26161404300,15-17,93,50.15974481593781,93.0,50.2,100.0,Census Tract 4043
2014-2018,26161404400,total,2153,132,2153.0,132.0,100.0,Census Tract 4044
2014-2018,26161404400,0-4,176,55.901699437494734,176.0,55.9,100.0,Census Tract 4044
2014-2018,26161404400,5-9,133,38.948684188300895,133.0,38.9,100.0,Census Tract 4044
2014-2018,26161404400,10-14,128,38.28837943815329,128.0,38.3,100.0,Census Tract 4044
2014-2018,26161404400,15-17,60,34.828149534535996,60.0,34.8,100.0,Census Tract 4044
2014-2018,26161404500,total,4246,524,4246.0,524.0,100.0,Census Tract 4045
2014-2018,26161404500,0-4,235,108.57716150277643,235.0,108.6,100.0,Census Tract 4045
2014-2018,26161404500,5-9,154,115.31261856362468,154.0,115.3,100.0,Census Tract 4045
2014-2018,26161404500,10-14,17,28.79236009777594,17.0,28.8,100.0,Census Tract 4045
2014-2018,26161404500,15-17,76,86.02325267042626,76.0,86.0,100.0,Census Tract 4045
2014-2018,26161404600,total,4885,351,4885.0,351.0,100.0,Census Tract 4046
2014-2018,26161404600,0-4,157,73.55270219373317,157.0,73.6,100.0,Census Tract 4046
2014-2018,26161404600,5-9,179,70.43436661176133,179.0,70.4,100.0,Census Tract 4046
2014-2018,26161404600,10-14,208,101.53324578678651,208.0,101.5,100.0,Census Tract 4046
2014-2018,26161404600,15-17,139,67.62396025078685,139.0,67.6,100.0,Census Tract 4046
2014-2018,26161405100,total,1947,248,1947.0,248.0,100.0,Census Tract 4051
2014-2018,26161405100,0-4,92,53.23532661682465,92.0,53.2,100.0,Census Tract 4051
2014-2018,26161405100,5-9,78,50.60632371551998,78.0,50.6,100.0,Census Tract 4051
2014-2018,26161405100,10-14,94,47.801673610868484,94.0,47.8,100.0,Census Tract 4051
2014-2018,26161405100,15-17,73,46.86149805543993,73.0,46.9,100.0,Census Tract 4051
2014-2018,26161405200,total,4884,325,4884.0,325.0,100.0,Census Tract 4052
2014-2018,26161405200,0-4,340,128.03515142334936,340.0,128.0,100.0,Census Tract 4052
2014-2018,26161405200,5-9,253,94.36630754670864,253.0,94.4,100.0,Census Tract 4052
2014-2018,26161405200,10-14,144,91.96738552334735,144.0,92.0,100.0,Census Tract 4052
2014-2018,26161405200,15-17,72,51.97114584074513,72.0,52.0,100.0,Census Tract 4052
2014-2018,26161405300,total,5295,226,5295.0,226.0,100.0,Census Tract 4053
2014-2018,26161405300,0-4,305,78.5175139698144,305.0,78.5,100.0,Census Tract 4053
2014-2018,26161405300,5-9,341,90.78546139112804,341.0,90.8,100.0,Census Tract 4053
2014-2018,26161405300,10-14,332,93.6055553906925,332.0,93.6,100.0,Census Tract 4053
2014-2018,26161405300,15-17,198,62.20128616033595,198.0,62.2,100.0,Census Tract 4053
2014-2018,26161405400,total,2106,150,2106.0,150.0,100.0,Census Tract 4054
2014-2018,26161405400,0-4,109,55.1543289325507,109.0,55.2,100.0,Census Tract 4054
2014-2018,26161405400,5-9,129,57.28001396647874,129.0,57.3,100.0,Census Tract 4054
2014-2018,26161405400,10-14,70,45.45327270945404,70.0,45.5,100.0,Census Tract 4054
2014-2018,26161405400,15-17,57,47.41307836451879,57.0,47.4,100.0,Census Tract 4054
2014-2018,26161405500,total,2273,284,2273.0,284.0,100.0,Census Tract 4055
2014-2018,26161405500,0-4,172,111.2519662747585,172.0,111.3,100.0,Census Tract 4055
2014-2018,26161405500,5-9,51,43.82921400162225,51.0,43.8,100.0,Census Tract 4055
2014-2018,26161405500,10-14,47,38.07886552931954,47.0,38.1,100.0,Census Tract 4055
2014-2018,26161405500,15-17,65,57.9396237474839,65.0,57.9,100.0,Census Tract 4055
2014-2018,26161405600,total,4931,298,4931.0,298.0,100.0,Census Tract 4056
2014-2018,26161405600,0-4,425,111.400179533069,425.0,111.4,100.0,Census Tract 4056
2014-2018,26161405600,5-9,315,95.13148795220224,315.0,95.1,100.0,Census Tract 4056
2014-2018,26161405600,10-14,311,119.95415791042844,311.0,120.0,100.0,Census Tract 4056
2014-2018,26161405600,15-17,171,71.50524456289902,171.0,71.5,100.0,Census Tract 4056
2014-2018,26161406000,total,3432,185,3432.0,185.0,100.0,Census Tract 4060
2014-2018,26161406000,0-4,162,64.41273166075167,162.0,64.4,100.0,Census Tract 4060
2014-2018,26161406000,5-9,141,53.600373133029585,141.0,53.6,100.0,Census Tract 4060
2014-2018,26161406000,10-14,258,73.92563831310488,258.0,73.9,100.0,Census Tract 4060
2014-2018,26161406000,15-17,114,46.400431032480725,114.0,46.4,100.0,Census Tract 4060
2014-2018,26161407000,total,4779,278,1639.2,95.4,34.3,Census Tract 4070
2014-2018,26161407000,0-4,155,62.64982043070833,53.2,21.5,34.3,Census Tract 4070
2014-2018,26161407000,5-9,331,84.1486779456457,113.5,28.9,34.3,Census Tract 4070
2014-2018,26161407000,10-14,335,86.37129152675674,114.9,29.6,34.3,Census Tract 4070
2014-2018,26161407000,15-17,204,78.39005038906404,70.0,26.9,34.3,Census Tract 4070
2014-2018,26161414000,total,3411,313,3411.0,313.0,100.0,Census Tract 4140
2014-2018,26161414000,0-4,111,63.00793600809345,111.0,63.0,100.0,Census Tract 4140
2014-2018,26161414000,5-9,142,67.00746227100382,142.0,67.0,100.0,Census Tract 4140
2014-2018,26161414000,10-14,166,72.67048919609665,166.0,72.7,100.0,Census Tract 4140
2014-2018,26161414000,15-17,40,33.61547262794322,40.0,33.6,100.0,Census Tract 4140
2014-2018,26161414200,total,2904,289,2904.0,289.0,100.0,Census Tract 4142
2014-2018,26161414200,0-4,133,80.2807573457052,133.0,80.3,100.0,Census Tract 4142
2014-2018,26161414200,5-9,181,72.62231062146124,181.0,72.6,100.0,Census Tract 4142
2014-2018,26161414200,10-14,147,102.35721762533407,147.0,102.4,100.0,Census Tract 4142
2014-2018,26161414200,15-17,47,31.89043743820395,47.0,31.9,100.0,Census Tract 4142
2014-2018,26161414300,total,3221,299,3221.0,299.0,100.0,Census Tract 4143
2014-2018,26161414300,0-4,167,66.18912297349165,167.0,66.2,100.0,Census Tract 4143
2014-2018,26161414300,5-9,100,51.62363799656123,100.0,51.6,100.0,Census Tract 4143
2014-2018,26161414300,10-14,170,78.79086241436883,170.0,78.8,100.0,Census Tract 4143
2014-2018,26161414300,15-17,86,40.311288741492746,86.0,40.3,100.0,Census Tract 4143
2014-2018,26161414500,total,3154,189,3154.0,189.0,100.0,Census Tract 4145
2014-2018,26161414500,0-4,262,71.8679344353238,262.0,71.9,100.0,Census Tract 4145
2014-2018,26161414500,5-9,182,55.44366510251645,182.0,55.4,100.0,Census Tract 4145
2014-2018,26161414500,10-14,262,63.702433234531945,262.0,63.7,100.0,Census Tract 4145
2014-2018,26161414500,15-17,60,27.586228448267445,60.0,27.6,100.0,Census Tract 4145
2014-2018,26161414700,total,1758,164,1758.0,164.0,100.0,Census Tract 4147
2014-2018,26161414700,0-4,122,50.28916384272063,122.0,50.3,100.0,Census Tract 4147
2014-2018,26161414700,5-9,67,46.400431032480725,67.0,46.4,100.0,Census Tract 4147
2014-2018,26161414700,10-14,37,23.600847442411894,37.0,23.6,100.0,Census Tract 4147
2014-2018,26161414700,15-17,19,15.264337522473747,19.0,15.3,100.0,Census Tract 4147
2014-2018,26161414900,total,3417,195,3417.0,195.0,100.0,Census Tract 4149
2014-2018,26161414900,0-4,125,59.464274989274024,125.0,59.5,100.0,Census Tract 4149
2014-2018,26161414900,5-9,177,65.29931086925804,177.0,65.3,100.0,Census Tract 4149
2014-2018,26161414900,10-14,372,102.9271587094485,372.0,102.9,100.0,Census Tract 4149
2014-2018,26161414900,15-17,156,58.249463516842795,156.0,58.2,100.0,Census Tract 4149
2014-2018,26161415200,total,2178,165,2178.0,165.0,100.0,Census Tract 4152
2014-2018,26161415200,0-4,94,41.725292090050125,94.0,41.7,100.0,Census Tract 4152
2014-2018,26161415200,5-9,31,20.518284528683193,31.0,20.5,100.0,Census Tract 4152
2014-2018,26161415200,10-14,97,46.52956049652737,97.0,46.5,100.0,Census Tract 4152
2014-2018,26161415200,15-17,49,42.54409477236529,49.0,42.5,100.0,Census Tract 4152
2014-2018,26161415400,total,1957,190,1371.9,133.2,70.1,Census Tract 4154
2014-2018,26161415400,0-4,134,49.20365840057018,93.9,34.5,70.1,Census Tract 4154
2014-2018,26161415400,5-9,99,39.824615503479755,69.4,27.9,70.1,Census Tract 4154
2014-2018,26161415400,10-14,85,38.8329756778952,59.6,27.2,70.1,Census Tract 4154
2014-2018,26161415400,15-17,75,37.21558813185679,52.6,26.1,70.1,Census Tract 4154
2014-2018,26161415600,total,2358,241,497.5,50.9,21.1,Census Tract 4156
2014-2018,26161415600,0-4,182,79.25906888173743,38.4,16.7,21.1,Census Tract 4156
2014-2018,26161415600,5-9,191,55.75840743780259,40.3,11.8,21.1,Census Tract 4156
2014-2018,26161415600,10-14,212,72.18032973047434,44.7,15.2,21.1,Census Tract 4156
2014-2018,26161415600,15-17,176,68.11754546370561,37.1,14.4,21.1,Census Tract 4156
2014-2018,26161415800,total,3668,197,1353.5,72.7,36.9,Census Tract 4158
2014-2018,26161415800,0-4,117,47.01063709417264,43.2,17.3,36.9,Census Tract 4158
2014-2018,26161415800,5-9,219,74.30343195303969,80.8,27.4,36.9,Census Tract 4158
2014-2018,26161415800,10-14,325,74.02702209328699,119.9,27.3,36.9,Census Tract 4158
2014-2018,26161415800,15-17,223,82.68010643437755,82.3,30.5,36.9,Census Tract 4158
2014-2018,26161416000,total,3401,226,3401.0,226.0,100.0,Census Tract 4160
2014-2018,26161416000,0-4,313,99.48869282486328,313.0,99.5,100.0,Census Tract 4160
2014-2018,26161416000,5-9,224,74.41102068914253,224.0,74.4,100.0,Census Tract 4160
2014-2018,26161416000,10-14,345,104.01922899156675,345.0,104.0,100.0,Census Tract 4160
2014-2018,26161416000,15-17,115,51.662365412357964,115.0,51.7,100.0,Census Tract 4160
2014-2018,26161416200,total,4900,272,882.0,49.0,18.0,Census Tract 4162
2014-2018,26161416200,0-4,189,69.02897942168927,34.0,12.4,18.0,Census Tract 4162
2014-2018,26161416200,5-9,234,96.7470929795826,42.1,17.4,18.0,Census Tract 4162
2014-2018,26161416200,10-14,495,102.53292154230269,89.1,18.5,18.0,Census Tract 4162
2014-2018,26161416200,15-17,207,65.6048778674269,37.3,11.8,18.0,Census Tract 4162
2014-2018,26161425000,total,4548,162,1851.0,65.9,40.7,Census Tract 4250
2014-2018,26161425000,0-4,129,67.00746227100382,52.5,27.3,40.7,Census Tract 4250
2014-2018,26161425000,5-9,217,88.60022573334676,88.3,36.1,40.7,Census Tract 4250
2014-2018,26161425000,10-14,383,122.87391912037313,155.9,50.0,40.7,Census Tract 4250
2014-2018,26161425000,15-17,281,95.46203433826456,114.4,38.9,40.7,Census Tract 4250
2014-2018,26161453000,total,5302,364,3790.9,260.3,71.5,Census Tract 4530
2014-2018,26161453000,0-4,285,115.27792503337314,203.8,82.4,71.5,Census Tract 4530
2014-2018,26161453000,5-9,288,101.5135458941318,205.9,72.6,71.5,Census Tract 4530
2014-2018,26161453000,10-14,209,69.35416353759881,149.4,49.6,71.5,Census Tract 4530
2014-2018,26161453000,15-17,188,64.35060217278468,134.4,46.0,71.5,Census Tract 4530
2014-2018,26161455000,total,5087,363,1887.3,134.7,37.1,Census Tract 4550
2014-2018,26161455000,0-4,455,140.71957930579524,168.8,52.2,37.1,Census Tract 4550
2014-2018,26161455000,5-9,289,105.20931517693668,107.2,39.0,37.1,Census Tract 4550
2014-2018,26161455000,10-14,520,157.8923684032892,192.9,58.6,37.1,Census Tract 4550
2014-2018,26161455000,15-17,190,92.00543462209176,70.5,34.1,37.1,Census Tract 4550
2014-2018,26161456000,total,5850,347,5850.0,347.0,100.0,Census Tract 4560
2014-2018,26161456000,0-4,277,155.90060936378666,277.0,155.9,100.0,Census Tract 4560
2014-2018,26161456000,5-9,584,156.3105882530035,584.0,156.3,100.0,Census Tract 4560
2014-2018,26161456000,10-14,481,184.2878183711555,481.0,184.3,100.0,Census Tract 4560
2014-2018,26161456000,15-17,317,132.3782459469833,317.0,132.4,100.0,Census Tract 4560
2014-2018,26161461000,total,7345,217,683.1,20.2,9.3,Census Tract 4610
2014-2018,26161461000,0-4,287,142.6954799564443,26.7,13.3,9.3,Census Tract 4610
2014-2018,26161461000,5-9,565,160.86018774078315,52.5,15.0,9.3,Census Tract 4610
2014-2018,26161461000,10-14,650,171.2074764722616,60.5,15.9,9.3,Census Tract 4610
2014-2018,26161461000,15-17,362,129.49517365523704,33.7,12.0,9.3,Census Tract 4610
2014-2018,26161464000,total,6068,20,321.6,1.1,5.3,Census Tract 4640
2014-2018,26161464000,0-4,199,130.29965464267357,10.5,6.9,5.3,Census Tract 4640
2014-2018,26161464000,5-9,301,138.05795884337854,16.0,7.3,5.3,Census Tract 4640
2014-2018,26161464000,10-14,386,163.80781422142226,20.5,8.7,5.3,Census Tract 4640
2014-2018,26161464000,15-17,349,122.57650672131263,18.5,6.5,5.3,Census Tract 4640
2014-2018,26161466000,total,2490,168,373.5,25.2,15.0,Census Tract 4660
2014-2018,26161466000,0-4,126,61.07372593840987,18.9,9.2,15.0,Census Tract 4660
2014-2018,26161466000,5-9,99,51.97114584074513,14.8,7.8,15.0,Census Tract 4660
2014-2018,26161466000,10-14,168,94.79451460923252,25.2,14.2,15.0,Census Tract 4660
2014-2018,26161466000,15-17,58,31.384709652950434,8.7,4.7,15.0,Census Tract 4660
2015-2019,26161400100,total,2348,403,2348.0,403.0,100.0,Census Tract 4001
2015-2019,26161400100,0-4,0,14.142135623730951,0.0,14.1,100.0,Census Tract 4001
2015-2019,26161400100,5-9,0,14.142135623730951,0.0,14.1,100.0,Census Tract 4001
2015-2019,26161400100,10-14,9,18.027756377319946,9.0,18.0,100.0,Census Tract 4001
2015-2019,26161400100,15-17,0,14.142135623730951,0.0,14.1,100.0,Census Tract 4001
2015-2019,26161400200,total,6143,328,6143.0,328.0,100.0,Census Tract 4002
2015-2019,26161400200,0-4,0,21.213203435596427,0.0,21.2,100.0,Census Tract 4002
2015-2019,26161400200,5-9,0,21.213203435596427,0.0,21.2,100.0,Census Tract 4002
2015-2019,26161400200,10-14,0,21.213203435596427,0.0,21.2,100.0,Census Tract 4002
2015-2019,26161400200,15-17,154,72.67048919609665,154.0,72.7,100.0,Census Tract 4002
2015-2019,26161400300,total,7393,777,7393.0,777.0,100.0,Census Tract 4003
2015-2019,26161400300,0-4,0,21.213203435596427,0.0,21.2,100.0,Census Tract 4003
2015-2019,26161400300,5-9,1,15.297058540778355,1.0,15.3,100.0,Census Tract 4003
2015-2019,26161400300,10-14,30,15.132745950421558,30.0,15.1,100.0,Census Tract 4003
2015-2019,26161400300,15-17,20,21.587033144922902,20.0,21.6,100.0,Census Tract 4003
2015-2019,26161400400,total,3087,222,3087.0,222.0,100.0,Census Tract 4004
2015-2019,26161400400,0-4,141,59.076221950967714,141.0,59.1,100.0,Census Tract 4004
2015-2019,26161400400,5-9,162,64.03124237432849,162.0,64.0,100.0,Census Tract 4004
2015-2019,26161400400,10-14,136,58.7962583843564,136.0,58.8,100.0,Census Tract 4004
2015-2019,26161400400,15-17,63,41.036569057366385,63.0,41.0,100.0,Census Tract 4004
2015-2019,26161400500,total,7332,1003,7332.0,1003.0,100.0,Census Tract 4005
2015-2019,26161400500,0-4,22,34.438350715445125,22.0,34.4,100.0,Census Tract 4005
2015-2019,26161400500,5-9,0,21.213203435596427,0.0,21.2,100.0,Census Tract 4005
2015-2019,26161400500,10-14,11,23.430749027719965,11.0,23.4,100.0,Census Tract 4005
2015-2019,26161400500,15-17,7,20.518284528683193,7.0,20.5,100.0,Census Tract 4005
2015-2019,26161400600,total,4714,367,4714.0,367.0,100.0,Census Tract 4006
2015-2019,26161400600,0-4,205,119.85407794480753,205.0,119.9,100.0,Census Tract 4006
2015-2019,26161400600,5-9,169,84.86459803710851,169.0,84.9,100.0,Census Tract 4006
2015-2019,26161400600,10-14,58,53.9351462406472,58.0,53.9,100.0,Census Tract 4006
2015-2019,26161400600,15-17,117,65.76473218982953,117.0,65.8,100.0,Census Tract 4006
2015-2019,26161400700,total,2887,381,2887.0,381.0,100.0,Census Tract 4007
2015-2019,26161400700,0-4,44,34.132096331752024,44.0,34.1,100.0,Census Tract 4007
2015-2019,26161400700,5-9,95,38.41874542459709,95.0,38.4,100.0,Census Tract 4007
2015-2019,26161400700,10-14,71,41.4004830889689,71.0,41.4,100.0,Census Tract 4007
2015-2019,26161400700,15-17,26,21.213203435596427,26.0,21.2,100.0,Census Tract 4007
2015-2019,26161400800,total,3224,600,3224.0,600.0,100.0,Census Tract 4008
2015-2019,26161400800,0-4,0,14.142135623730951,0.0,14.1,100.0,Census Tract 4008
2015-2019,26161400800,5-9,0,14.142135623730951,0.0,14.1,100.0,Census Tract 4008
2015-2019,26161400800,10-14,0,14.142135623730951,0.0,14.1,100.0,Census Tract 4008
2015-2019,26161400800,15-17,0,14.142135623730951,0.0,14.1,100.0,Census Tract 4008
2015-2019,26161402100,total,3046,313,3046.0,313.0,100.0,Census Tract 4021
2015-2019,26161402100,0-4,33,25.495097567963924,33.0,25.5,100.0,Census Tract 4021
2015-2019,26161402100,5-9,28,26.419689627245813,28.0,26.4,100.0,Census Tract 4021
2015-2019,26161402100,10-14,74,62.297672508690084,74.0,62.3,100.0,Census Tract 4021
2015-2019,26161402100,15-17,94,67.42403132415028,94.0,67.4,100.0,Census Tract 4021
2015-2019,26161402200,total,5261,646,5261.0,646.0,100.0,Census Tract 4022
2015-2019,26161402200,0-4,0,21.213203435596427,0.0,21.2,100.0,Census Tract 4022
2015-2019,26161402200,5-9,5,6.4031242374328485,5.0,6.4,100.0,Census Tract 4022
2015-2019,26161402200,10-14,0,21.213203435596427,0.0,21.2,100.0,Census Tract 4022
2015-2019,26161402200,15-17,19,16.552945357246852,19.0,16.6,100.0,Census Tract 4022
2015-2019,26161402300,total,2624,160,2624.0,160.0,100.0,Census Tract 4023
2015-2019,26161402300,0-4,95,40.80441152620633,95.0,40.8,100.0,Census Tract 4023
2015-2019,26161402300,5-9,71,33.60059523282288,71.0,33.6,100.0,Census Tract 4023
2015-2019,26161402300,10-14,144,62.968245965724655,144.0,63.0,100.0,Census Tract 4023
2015-2019,26161402300,15-17,64,37.48332962798263,64.0,37.5,100.0,Census Tract 4023
2015-2019,26161402500,total,2330,153,2330.0,153.0,100.0,Census Tract 4025
2015-2019,26161402500,0-4,141,58.7962583843564,141.0,58.8,100.0,Census Tract 4025
2015-2019,26161402500,5-9,126,58.008620049092706,126.0,58.0,100.0,Census Tract 4025
2015-2019,26161402500,10-14,142,62.20128616033595,142.0,62.2,100.0,Census Tract 4025
2015-2019,26161402500,15-17,31,24.166091947189148,31.0,24.2,100.0,Census Tract 4025
2015-2019,26161402600,total,2532,348,2532.0,348.0,100.0,Census Tract 4026
2015-2019,26161402600,0-4,135,41.036569057366385,135.0,41.0,100.0,Census Tract 4026
2015-2019,26161402600,5-9,87,39.395431207184416,87.0,39.4,100.0,Census Tract 4026
2015-2019,26161402600,10-14,25,32.57299494980466,25.0,32.6,100.0,Census Tract 4026
2015-2019,26161402600,15-17,20,23.259406699226012,20.0,23.3,100.0,Census Tract 4026
2015-2019,26161402700,total,5319,366,5319.0,366.0,100.0,Census Tract 4027
2015-2019,26161402700,0-4,235,84.0535543567314,235.0,84.1,100.0,Census Tract 4027
2015-2019,26161402700,5-9,386,139.52060779684126,386.0,139.5,100.0,Census Tract 4027
2015-2019,26161402700,10-14,479,155.08062419270823,479.0,155.1,100.0,Census Tract 4027
2015-2019,26161402700,15-17,216,76.21679604916491,216.0,76.2,100.0,Census Tract 4027
2015-2019,26161403100,total,1510,88,1510.0,88.0,100.0,Census Tract 4031
2015-2019,26161403100,0-4,39,21.470910553583888,39.0,21.5,100.0,Census Tract 4031
2015-2019,26161403100,5-9,146,44.045431091090485,146.0,44.0,100.0,Census Tract 4031
2015-2019,26161403100,10-14,112,39.395431207184416,112.0,39.4,100.0,Census Tract 4031
2015-2019,26161403100,15-17,102,38.58756276314947,102.0,38.6,100.0,Census Tract 4031
2015-2019,26161403200,total,3084,179,3084.0,179.0,100.0,Census Tract 4032
2015-2019,26161403200,0-4,132,74.73285756613352,132.0,74.7,100.0,Census Tract 4032
2015-2019,26161403200,5-9,150,82.07313811473277,150.0,82.1,100.0,Census Tract 4032
2015-2019,26161403200,10-14,175,65.45991139621256,175.0,65.5,100.0,Census Tract 4032
2015-2019,26161403200,15-17,119,50.32891812864647,119.0,50.3,100.0,Census Tract 4032
2015-2019,26161403300,total,3794,231,3794.0,231.0,100.0,Census Tract 4033
2015-2019,26161403300,0-4,268,118.00423721205946,268.0,118.0,100.0,Census Tract 4033
2015-2019,26161403300,5-9,174,75.16648189186455,174.0,75.2,100.0,Census Tract 4033
2015-2019,26161403300,10-14,171,68.0,171.0,68.0,100.0,Census Tract 4033
2015-2019,26161403300,15-17,102,53.5350352572967,102.0,53.5,100.0,Census Tract 4033
2015-2019,26161403400,total,3064,154,3064.0,154.0,100.0,Census Tract 4034
2015-2019,26161403400,0-4,150,57.801384066473695,150.0,57.8,100.0,Census Tract 4034
2015-2019,26161403400,5-9,173,49.73932046178355,173.0,49.7,100.0,Census Tract 4034
2015-2019,26161403400,10-14,192,60.30754513325841,192.0,60.3,100.0,Census Tract 4034
2015-2019,26161403400,15-17,92,44.598206241955516,92.0,44.6,100.0,Census Tract 4034
2015-2019,26161403500,total,3078,187,3078.0,187.0,100.0,Census Tract 4035
2015-2019,26161403500,0-4,109,54.644304369257014,109.0,54.6,100.0,Census Tract 4035
2015-2019,26161403500,5-9,188,83.48652585896721,188.0,83.5,100.0,Census Tract 4035
2015-2019,26161403500,10-14,152,55.569775957799216,152.0,55.6,100.0,Census Tract 4035
2015-2019,26161403500,15-17,76,49.92995093127971,76.0,49.9,100.0,Census Tract 4035
2015-2019,26161403600,total,5443,326,5443.0,326.0,100.0,Census Tract 4036
2015-2019,26161403600,0-4,143,74.24957912338628,143.0,74.2,100.0,Census Tract 4036
2015-2019,26161403600,5-9,205,92.02173656261873,205.0,92.0,100.0,Census Tract 4036
2015-2019,26161403600,10-14,188,83.7376856618333,188.0,83.7,100.0,Census Tract 4036
2015-2019,26161403600,15-17,192,102.2154587134451,192.0,102.2,100.0,Census Tract 4036
2015-2019,26161403800,total,3073,207,3073.0,207.0,100.0,Census Tract 4038
2015-2019,26161403800,0-4,205,70.0357051795725,205.0,70.0,100.0,Census Tract 4038
2015-2019,26161403800,5-9,103,54.40588203494178,103.0,54.4,100.0,Census Tract 4038
2015-2019,26161403800,10-14,202,91.76055797563569,202.0,91.8,100.0,Census Tract 4038
2015-2019,26161403800,15-17,81,36.76955262170047,81.0,36.8,100.0,Census Tract 4038
2015-2019,26161404100,total,3151,395,3151.0,395.0,100.0,Census Tract 4041
2015-2019,26161404100,0-4,156,63.63961030678928,156.0,63.6,100.0,Census Tract 4041
2015-2019,26161404100,5-9,196,88.75246475450696,196.0,88.8,100.0,Census Tract 4041
2015-2019,26161404100,10-14,139,71.34423592694787,139.0,71.3,100.0,Census Tract 4041
2015-2019,26161404100,15-17,154,83.43860018001261,154.0,83.4,100.0,Census Tract 4041
2015-2019,26161404200,total,1802,159,1802.0,159.0,100.0,Census Tract 4042
2015-2019,26161404200,0-4,87,58.18075283115543,87.0,58.2,100.0,Census Tract 4042
2015-2019,26161404200,5-9,91,54.23098745182499,91.0,54.2,100.0,Census Tract 4042
2015-2019,26161404200,10-14,22,24.698178070456937,22.0,24.7,100.0,Census Tract 4042
2015-2019,26161404200,15-17,9,13.892443989449804,9.0,13.9,100.0,Census Tract 4042
2015-2019,26161404300,total,2740,149,2740.0,149.0,100.0,Census Tract 4043
2015-2019,26161404300,0-4,176,48.104053883222775,176.0,48.1,100.0,Census Tract 4043
2015-2019,26161404300,5-9,128,43.13930922024599,128.0,43.1,100.0,Census Tract 4043
2015-2019,26161404300,10-14,140,61.71709649683789,140.0,61.7,100.0,Census Tract 4043
2015-2019,26161404300,15-17,134,54.817880294662984,134.0,54.8,100.0,Census Tract 4043
2015-2019,26161404400,total,2126,117,2126.0,117.0,100.0,Census Tract 4044
2015-2019,26161404400,0-4,181,43.86342439892262,181.0,43.9,100.0,Census Tract 4044
2015-2019,26161404400,5-9,147,41.036569057366385,147.0,41.0,100.0,Census Tract 4044
2015-2019,26161404400,10-14,123,37.48332962798263,123.0,37.5,100.0,Census Tract 4044
2015-2019,26161404400,15-17,58,31.400636936215164,58.0,31.4,100.0,Census Tract 4044
2015-2019,26161404500,total,4190,435,4190.0,435.0,100.0,Census Tract 4045
2015-2019,26161404500,0-4,184,98.47842403288143,184.0,98.5,100.0,Census Tract 4045
2015-2019,26161404500,5-9,103,84.20213774008353,103.0,84.2,100.0,Census Tract 4045
2015-2019,26161404500,10-14,73,62.80127387243033,73.0,62.8,100.0,Census Tract 4045
2015-2019,26161404500,15-17,101,74.41102068914253,101.0,74.4,100.0,Census Tract 4045
2015-2019,26161404600,total,4776,283,4776.0,283.0,100.0,Census Tract 4046
2015-2019,26161404600,0-4,180,94.04786015641186,180.0,94.0,100.0,Census Tract 4046
2015-2019,26161404600,5-9,181,83.4865258589672,181.0,83.5,100.0,Census Tract 4046
2015-2019,26161404600,10-14,201,82.87943049997388,201.0,82.9,100.0,Census Tract 4046
2015-2019,26161404600,15-17,125,69.29646455628166,125.0,69.3,100.0,Census Tract 4046
2015-2019,26161405100,total,1786,182,1786.0,182.0,100.0,Census Tract 4051
2015-2019,26161405100,0-4,62,39.824615503479755,62.0,39.8,100.0,Census Tract 4051
2015-2019,26161405100,5-9,29,31.827660925679098,29.0,31.8,100.0,Census Tract 4051
2015-2019,26161405100,10-14,95,55.2177507691141,95.0,55.2,100.0,Census Tract 4051
2015-2019,26161405100,15-17,41,37.8021163428716,41.0,37.8,100.0,Census Tract 4051
2015-2019,26161405200,total,5001,300,5001.0,300.0,100.0,Census Tract 4052
2015-2019,26161405200,0-4,303,129.20139318134306,303.0,129.2,100.0,Census Tract 4052
2015-2019,26161405200,5-9,294,96.21330469326995,294.0,96.2,100.0,Census Tract 4052
2015-2019,26161405200,10-14,182,111.01801655587259,182.0,111.0,100.0,Census Tract 4052
2015-2019,26161405200,15-17,80,54.37830449729009,80.0,54.4,100.0,Census Tract 4052
2015-2019,26161405300,total,5282,197,5282.0,197.0,100.0,Census Tract 4053
2015-2019,26161405300,0-4,328,106.17438485811914,328.0,106.2,100.0,Census Tract 4053
2015-2019,26161405300,5-9,350,99.15644204992432,350.0,99.2,100.0,Census Tract 4053
2015-2019,26161405300,10-14,347,97.45255255764212,347.0,97.5,100.0,Census Tract 4053
2015-2019,26161405300,15-17,114,44.68780594300866,114.0,44.7,100.0,Census Tract 4053
2015-2019,26161405400,total,2201,160,2201.0,160.0,100.0,Census Tract 4054
2015-2019,26161405400,0-4,108,49.8196748283246,108.0,49.8,100.0,Census Tract 4054
2015-2019,26161405400,5-9,163,66.48308055437865,163.0,66.5,100.0,Census Tract 4054
2015-2019,26161405400,10-14,42,36.61966684720111,42.0,36.6,100.0,Census Tract 4054
2015-2019,26161405400,15-17,49,40.70626487409524,49.0,40.7,100.0,Census Tract 4054
2015-2019,26161405500,total,2493,181,2493.0,181.0,100.0,Census Tract 4055
2015-2019,26161405500,0-4,202,89.30845424706443,202.0,89.3,100.0,Census Tract 4055
2015-2019,26161405500,5-9,112,68.0294054067798,112.0,68.0,100.0,Census Tract 4055
2015-2019,26161405500,10-14,89,50.92150822589606,89.0,50.9,100.0,Census Tract 4055
2015-2019,26161405500,15-17,6,14.142135623730951,6.0,14.1,100.0,Census Tract 4055
2015-2019,26161405600,total,4931,302,4931.0,302.0,100.0,Census Tract 4056
2015-2019,26161405600,0-4,373,114.86513831445988,373.0,114.9,100.0,Census Tract 4056
2015-2019,26161405600,5-9,282,91.35097153287424,282.0,91.4,100.0,Census Tract 4056
2015-2019,26161405600,10-14,285,120.54044964243332,285.0,120.5,100.0,Census Tract 4056
2015-2019,26161405600,15-17,198,74.33034373659252,198.0,74.3,100.0,Census Tract 4056
2015-2019,26161406000,total,3510,170,3510.0,170.0,100.0,Census Tract 4060
2015-2019,26161406000,0-4,174,76.96752561957543,174.0,77.0,100.0,Census Tract 4060
2015-2019,26161406000,5-9,147,58.7962583843564,147.0,58.8,100.0,Census Tract 4060
2015-2019,26161406000,10-14,224,59.99999999999999,224.0,60.0,100.0,Census Tract 4060
2015-2019,26161406000,15-17,115,55.22680508593631,115.0,55.2,100.0,Census Tract 4060
2015-2019,26161407000,total,5003,290,1716.0,99.5,34.3,Census Tract 4070
2015-2019,26161407000,0-4,173,74.24284477308233,59.3,25.5,34.3,Census Tract 4070
2015-2019,26161407000,5-9,339,90.44335243676011,116.3,31.0,34.3,Census Tract 4070
2015-2019,26161407000,10-14,260,83.24061508662703,89.2,28.6,34.3,Census Tract 4070
2015-2019,26161407000,15-17,264,101.11874208078342,90.6,34.7,34.3,Census Tract 4070
2015-2019,26161414000,total,3408,323,3408.0,323.0,100.0,Census Tract 4140
2015-2019,26161414000,0-4,131,74.02702209328699,131.0,74.0,100.0,Census Tract 4140
2015-2019,26161414000,5-9,172,70.80254232723568,172.0,70.8,100.0,Census Tract 4140
2015-2019,26161414000,10-14,184,85.23496934944014,184.0,85.2,100.0,Census Tract 4140
2015-2019,26161414000,15-17,69,43.60045871318328,69.0,43.6,100.0,Census Tract 4140
2015-2019,26161414200,total,3034,296,3034.0,296.0,100.0,Census Tract 4142
2015-2019,26161414200,0-4,269,126.46343345014795,269.0,126.5,100.0,Census Tract 4142
2015-2019,26161414200,5-9,136,62.28964600958975,136.0,62.3,100.0,Census Tract 4142
2015-2019,26161414200,10-14,178,101.01980003939822,178.0,101.0,100.0,Census Tract 4142
2015-2019,26161414200,15-17,90,55.569775957799216,90.0,55.6,100.0,Census Tract 4142
2015-2019,26161414300,total,3284,264,3284.0,264.0,100.0,Census Tract 4143
2015-2019,26161414300,0-4,161,79.12016177940994,161.0,79.1,100.0,Census Tract 4143
2015-2019,26161414300,5-9,131,60.876925020897694,131.0,60.9,100.0,Census Tract 4143
2015-2019,26161414300,10-14,126,45.34313619501854,126.0,45.3,100.0,Census Tract 4143
2015-2019,26161414300,15-17,100,40.6078810084939,100.0,40.6,100.0,Census Tract 4143
2015-2019,26161414500,total,2989,169,2989.0,169.0,100.0,Census Tract 4145
2015-2019,26161414500,0-4,269,71.28113354878695,269.0,71.3,100.0,Census Tract 4145
2015-2019,26161414500,5-9,187,58.7962583843564,187.0,58.8,100.0,Census Tract 4145
2015-2019,26161414500,10-14,150,53.82378656319156,150.0,53.8,100.0,Census Tract 4145
2015-2019,26161414500,15-17,74,36.06937759374287,74.0,36.1,100.0,Census Tract 4145
2015-2019,26161414700,total,1606,146,1606.0,146.0,100.0,Census Tract 4147
2015-2019,26161414700,0-4,85,34.20526275297414,85.0,34.2,100.0,Census Tract 4147
2015-2019,26161414700,5-9,27,22.47220505424423,27.0,22.5,100.0,Census Tract 4147
2015-2019,26161414700,10-14,45,26.90724809414742,45.0,26.9,100.0,Census Tract 4147
2015-2019,26161414700,15-17,16,12.806248474865697,16.0,12.8,100.0,Census Tract 4147
2015-2019,26161414900,total,3452,216,3452.0,216.0,100.0,Census Tract 4149
2015-2019,26161414900,0-4,235,85.42833253669417,235.0,85.4,100.0,Census Tract 4149
2015-2019,26161414900,5-9,156,69.81403870282824,156.0,69.8,100.0,Census Tract 4149
2015-2019,26161414900,10-14,277,94.49338601193207,277.0,94.5,100.0,Census Tract 4149
2015-2019,26161414900,15-17,172,68.59300255857006,172.0,68.6,100.0,Census Tract 4149
2015-2019,26161415200,total,2297,165,2297.0,165.0,100.0,Census Tract 4152
2015-2019,26161415200,0-4,101,43.13930922024599,101.0,43.1,100.0,Census Tract 4152
2015-2019,26161415200,5-9,53,30.4138126514911,53.0,30.4,100.0,Census Tract 4152
2015-2019,26161415200,10-14,91,50.774009099144415,91.0,50.8,100.0,Census Tract 4152
2015-2019,26161415200,15-17,53,45.22167621838005,53.0,45.2,100.0,Census Tract 4152
2015-2019,26161415400,total,2008,187,1407.6,131.1,70.1,Census Tract 4154
2015-2019,26161415400,0-4,154,45.80392996239515,108.0,32.1,70.1,Census Tract 4154
2015-2019,26161415400,5-9,100,39.44616584663204,70.1,27.7,70.1,Census Tract 4154
2015-2019,26161415400,10-14,106,38.41874542459709,74.3,26.9,70.1,Census Tract 4154
2015-2019,26161415400,15-17,72,31.400636936215164,50.5,22.0,70.1,Census Tract 4154
2015-2019,26161415600,total,2373,251,500.7,53.0,21.1,Census Tract 4156
2015-2019,26161415600,0-4,142,50.60632371551998,30.0,10.7,21.1,Census Tract 4156
2015-2019,26161415600,5-9,189,57.801384066473695,39.9,12.2,21.1,Census Tract 4156
2015-2019,26161415600,10-14,206,69.81403870282824,43.5,14.7,21.1,Census Tract 4156
2015-2019,26161415600,15-17,183,63.655321851358195,38.6,13.4,21.1,Census Tract 4156
2015-2019,26161415800,total,3761,212,1387.8,78.2,36.9,Census Tract 4158
2015-2019,26161415800,0-4,83,53.5350352572967,30.6,19.8,36.9,Census Tract 4158
2015-2019,26161415800,5-9,258,67.80117993073573,95.2,25.0,36.9,Census Tract 4158
2015-2019,26161415800,10-14,340,88.3911760301898,125.5,32.6,36.9,Census Tract 4158
2015-2019,26161415800,15-17,212,78.56844150166147,78.2,29.0,36.9,Census Tract 4158
2015-2019,26161416000,total,3321,218,3321.0,218.0,100.0,Census Tract 4160
2015-2019,26161416000,0-4,262,88.72992730753249,262.0,88.7,100.0,Census Tract 4160
2015-2019,26161416000,5-9,265,84.86459803710851,265.0,84.9,100.0,Census Tract 4160
2015-2019,26161416000,10-14,302,97.082439194738,302.0,97.1,100.0,Census Tract 4160
2015-2019,26161416000,15-17,116,55.317266743757315,116.0,55.3,100.0,Census Tract 4160
2015-2019,26161416200,total,5194,283,934.9,50.9,18.0,Census Tract 4162
2015-2019,26161416200,0-4,250,82.75868534480234,45.0,14.9,18.0,Census Tract 4162
2015-2019,26161416200,5-9,271,86.6083136886985,48.8,15.6,18.0,Census Tract 4162
2015-2019,26161416200,10-14,434,93.15041599477696,78.1,16.8,18.0,Census Tract 4162
2015-2019,26161416200,15-17,213,67.62396025078685,38.3,12.2,18.0,Census Tract 4162
2015-2019,26161425000,total,4509,155,1835.2,63.1,40.7,Census Tract 4250
2015-2019,26161425000,0-4,151,77.07788269017253,61.5,31.4,40.7,Census Tract 4250
2015-2019,26161425000,5-9,287,113.85077953180645,116.8,46.3,40.7,Census Tract 4250
2015-2019,26161425000,10-14,301,108.07404868885037,122.5,44.0,40.7,Census Tract 4250
2015-2019,26161425000,15-17,250,99.48869282486328,101.8,40.5,40.7,Census Tract 4250
2015-2019,26161453000,total,5379,345,3846.0,246.7,71.5,Census Tract 4530
2015-2019,26161453000,0-4,292,107.8007421124734,208.8,77.1,71.5,Census Tract 4530
2015-2019,26161453000,5-9,298,101.40019723846694,213.1,72.5,71.5,Census Tract 4530
2015-2019,26161453000,10-14,342,91.02197536858888,244.5,65.1,71.5,Census Tract 4530
2015-2019,26161453000,15-17,192,73.24616030891995,137.3,52.4,71.5,Census Tract 4530
2015-2019,26161455000,total,5060,426,1877.3,158.0,37.1,Census Tract 4550
2015-2019,26161455000,0-4,381,120.20815280171308,141.4,44.6,37.1,Census Tract 4550
2015-2019,26161455000,5-9,312,103.22790320451152,115.8,38.3,37.1,Census Tract 4550
2015-2019,26161455000,10-14,483,169.49926253526888,179.2,62.9,37.1,Census Tract 4550
2015-2019,26161455000,15-17,171,94.2443632266673,63.4,35.0,37.1,Census Tract 4550
2015-2019,26161456000,total,6014,467,6014.0,467.0,100.0,Census Tract 4560
2015-2019,26161456000,0-4,223,115.60276813294739,223.0,115.6,100.0,Census Tract 4560
2015-2019,26161456000,5-9,552,158.83639381451596,552.0,158.8,100.0,Census Tract 4560
2015-2019,26161456000,10-14,509,182.98087331740442,509.0,183.0,100.0,Census Tract 4560
2015-2019,26161456000,15-17,354,139.08630414242805,354.0,139.1,100.0,Census Tract 4560
2015-2019,26161461000,total,7567,191,703.7,17.8,9.3,Census Tract 4610
2015-2019,26161461000,0-4,333,127.20062892926276,31.0,11.8,9.3,Census Tract 4610
2015-2019,26161461000,5-9,418,132.0075755401939,38.9,12.3,9.3,Census Tract 4610
2015-2019,26161461000,10-14,523,131.52946437965906,48.6,12.2,9.3,Census Tract 4610
2015-2019,26161461000,15-17,356,104.66135867644753,33.1,9.7,9.3,Census Tract 4610
2015-2019,26161464000,total,6193,20,328.2,1.1,5.3,Census Tract 4640
2015-2019,26161464000,0-4,184,112.16059914247963,9.8,5.9,5.3,Census Tract 4640
2015-2019,26161464000,5-9,194,95.90099061010787,10.3,5.1,5.3,Census Tract 4640
2015-2019,26161464000,10-14,472,160.4244370412438,25.0,8.5,5.3,Census Tract 4640
2015-2019,26161464000,15-17,312,122.9186723000212,16.5,6.5,5.3,Census Tract 4640
2015-2019,26161466000,total,2559,156,383.8,23.4,15.0,Census Tract 4660
2015-2019,26161466000,0-4,99,52.32590180780451,14.8,7.8,15.0,Census Tract 4660
2015-2019,26161466000,5-9,81,54.589376255824725,12.2,8.2,15.0,Census Tract 4660
2015-2019,26161466000,10-14,227,113.17243480636085,34.0,17.0,15.0,Census Tract 4660
2015-2019,26161466000,15-17,66,38.28837943815329,9.9,5.7,15.0,Census Tract 4660
2016-2020,26161400100,total,2098,401,2098.0,401.0,100.0,Census Tract 4001
2016-2020,26161400100,0-4,0,15.556349186104045,0.0,15.6,100.0,Census Tract 4001
2016-2020,26161400100,5-9,0,15.556349186104045,0.0,15.6,100.0,Census Tract 4001
2016-2020,26161400100,10-14,11,20.24845673131659,11.0,20.2,100.0,Census Tract 4001
2016-2020,26161400100,15-17,0,15.556349186104045,0.0,15.6,100.0,Census Tract 4001
2016-2020,26161400300,total,5342,726,5342.0,726.0,100.0,Census Tract 4003
2016-2020,26161400300,0-4,0,21.213203435596427,0.0,21.2,100.0,Census Tract 4003
2016-2020,26161400300,5-9,1,15.297058540778355,1.0,15.3,100.0,Census Tract 4003
2016-2020,26161400300,10-14,0,21.213203435596427,0.0,21.2,100.0,Census Tract 4003
2016-2020,26161400300,15-17,17,26.627053911388696,17.0,26.6,100.0,Census Tract 4003
2016-2020,26161400400,total,3230,393,3230.0,393.0,100.0,Census Tract 4004
2016-2020,26161400400,0-4,93,46.09772228646443,93.0,46.1,100.0,Census Tract 4004
2016-2020,26161400400,5-9,154,61.07372593840987,154.0,61.1,100.0,Census Tract 4004
2016-2020,26161400400,10-14,124,49.4064773081425,124.0,49.4,100.0,Census Tract 4004
2016-2020,26161400400,15-17,63,34.40930106817051,63.0,34.4,100.0,Census Tract 4004
2016-2020,26161400500,total,7700,1130,7700.0,1130.0,100.0,Census Tract 4005
2016-2020,26161400500,0-4,18,28.30194339616981,18.0,28.3,100.0,Census Tract 4005
2016-2020,26161400500,5-9,0,21.213203435596427,0.0,21.2,100.0,Census Tract 4005
2016-2020,26161400500,10-14,0,21.213203435596427,0.0,21.2,100.0,Census Tract 4005
2016-2020,26161400500,15-17,12,15.132745950421558,12.0,15.1,100.0,Census Tract 4005
2016-2020,26161400600,total,4246,459,4246.0,459.0,100.0,Census Tract 4006
2016-2020,26161400600,0-4,152,87.86353054595517,152.0,87.9,100.0,Census Tract 4006
2016-2020,26161400600,5-9,130,72.62231062146124,130.0,72.6,100.0,Census Tract 4006
2016-2020,26161400600,10-14,51,46.32493928760188,51.0,46.3,100.0,Census Tract 4006
2016-2020,26161400600,15-17,111,53.037722424704484,111.0,53.0,100.0,Census Tract 4006
2016-2020,26161400700,total,3400,880,3400.0,880.0,100.0,Census Tract 4007
2016-2020,26161400700,0-4,45,34.058772731852805,45.0,34.1,100.0,Census Tract 4007
2016-2020,26161400700,5-9,93,39.69886648255842,93.0,39.7,100.0,Census Tract 4007
2016-2020,26161400700,10-14,48,31.384709652950434,48.0,31.4,100.0,Census Tract 4007
2016-2020,26161400700,15-17,46,45.541190146942796,46.0,45.5,100.0,Census Tract 4007
2016-2020,26161400800,total,3203,834,3203.0,834.0,100.0,Census Tract 4008
2016-2020,26161400800,0-4,0,15.556349186104045,0.0,15.6,100.0,Census Tract 4008
2016-2020,26161400800,5-9,0,15.556349186104045,0.0,15.6,100.0,Census Tract 4008
2016-2020,26161400800,10-14,0,15.556349186104045,0.0,15.6,100.0,Census Tract 4008
2016-2020,26161400800,15-17,0,15.556349186104045,0.0,15.6,100.0,Census Tract 4008
2016-2020,26161402100,total,3024,414,3024.0,414.0,100.0,Census Tract 4021
2016-2020,26161402100,0-4,113,102.48902380255167,113.0,102.5,100.0,Census Tract 4021
2016-2020,26161402100,5-9,18,23.706539182259394,18.0,23.7,100.0,Census Tract 4021
2016-2020,26161402100,10-14,76,58.69412236331676,76.0,58.7,100.0,Census Tract 4021
2016-2020,26161402100,15-17,91,61.40032573203501,91.0,61.4,100.0,Census Tract 4021
2016-2020,26161402201,total,5549,1024,5549.0,1024.0,100.0,Census Tract 4022.01
2016-2020,26161402201,0-4,0,21.213203435596427,0.0,21.2,100.0,Census Tract 4022.01
2016-2020,26161402201,5-9,3,5.65685424949238,3.0,5.7,100.0,Census Tract 4022.01
2016-2020,26161402201,10-14,0,21.213203435596427,0.0,21.2,100.0,Census Tract 4022.01
2016-2020,26161402201,15-17,17,16.970562748477143,17.0,17.0,100.0,Census Tract 4022.01
2016-2020,26161402300,total,2644,258,2644.0,258.0,100.0,Census Tract 4023
2016-2020,26161402300,0-4,67,32.202484376209235,67.0,32.2,100.0,Census Tract 4023
2016-2020,26161402300,5-9,59,30.232432915661946,59.0,30.2,100.0,Census Tract 4023
2016-2020,26161402300,10-14,122,53.907327887774215,122.0,53.9,100.0,Census Tract 4023
2016-2020,26161402300,15-17,76,38.58756276314947,76.0,38.6,100.0,Census Tract 4023
2016-2020,26161402500,total,2382,322,2382.0,322.0,100.0,Census Tract 4025
2016-2020,26161402500,0-4,179,70.43436661176133,179.0,70.4,100.0,Census Tract 4025
2016-2020,26161402500,5-9,115,47.4236228055175,115.0,47.4,100.0,Census Tract 4025
2016-2020,26161402500,10-14,174,110.86027241532467,174.0,110.9,100.0,Census Tract 4025
2016-2020,26161402500,15-17,27,26.400757564888174,27.0,26.4,100.0,Census Tract 4025
2016-2020,26161402601,total,2593,376,2593.0,376.0,100.0,Census Tract 4026.01
2016-2020,26161402601,0-4,196,79.0253124005214,196.0,79.0,100.0,Census Tract 4026.01
2016-2020,26161402601,5-9,89,54.67174773134658,89.0,54.7,100.0,Census Tract 4026.01
2016-2020,26161402601,10-14,36,46.09772228646443,36.0,46.1,100.0,Census Tract 4026.01
2016-2020,26161402601,15-17,16,21.095023109728988,16.0,21.1,100.0,Census Tract 4026.01
2016-2020,26161402700,total,5301,614,5301.0,614.0,100.0,Census Tract 4027
2016-2020,26161402700,0-4,188,85.56284240252893,188.0,85.6,100.0,Census Tract 4027
2016-2020,26161402700,5-9,296,128.28094168659658,296.0,128.3,100.0,Census Tract 4027
2016-2020,26161402700,10-14,374,120.88010589009261,374.0,120.9,100.0,Census Tract 4027
2016-2020,26161402700,15-17,211,89.18520056601321,211.0,89.2,100.0,Census Tract 4027
2016-2020,26161403100,total,1457,315,1457.0,315.0,100.0,Census Tract 4031
2016-2020,26161403100,0-4,45,25.612496949731394,45.0,25.6,100.0,Census Tract 4031
2016-2020,26161403100,5-9,102,32.64965543462902,102.0,32.6,100.0,Census Tract 4031
2016-2020,26161403100,10-14,80,25.553864678361276,80.0,25.6,100.0,Census Tract 4031
2016-2020,26161403100,15-17,101,36.124783736376884,101.0,36.1,100.0,Census Tract 4031
2016-2020,26161403200,total,3268,442,3268.0,442.0,100.0,Census Tract 4032
2016-2020,26161403200,0-4,203,90.42676594902639,203.0,90.4,100.0,Census Tract 4032
2016-2020,26161403200,5-9,153,81.83520025025905,153.0,81.8,100.0,Census Tract 4032
2016-2020,26161403200,10-14,133,60.74537019394977,133.0,60.7,100.0,Census Tract 4032
2016-2020,26161403200,15-17,116,56.58621740318043,116.0,56.6,100.0,Census Tract 4032
2016-2020,26161403300,total,3651,420,3651.0,420.0,100.0,Census Tract 4033
2016-2020,26161403300,0-4,199,103.24727599312246,199.0,103.2,100.0,Census Tract 4033
2016-2020,26161403300,5-9,161,88.81441324469807,161.0,88.8,100.0,Census Tract 4033
2016-2020,26161403300,10-14,192,72.86288492778748,192.0,72.9,100.0,Census Tract 4033
2016-2020,26161403300,15-17,106,65.80273550544841,106.0,65.8,100.0,Census Tract 4033
2016-2020,26161403400,total,2865,259,2865.0,259.0,100.0,Census Tract 4034
2016-2020,26161403400,0-4,156,67.80117993073573,156.0,67.8,100.0,Census Tract 4034
2016-2020,26161403400,5-9,121,45.617978911828175,121.0,45.6,100.0,Census Tract 4034
2016-2020,26161403400,10-14,178,53.75872022286245,178.0,53.8,100.0,Census Tract 4034
2016-2020,26161403400,15-17,92,43.01162633521313,92.0,43.0,100.0,Census Tract 4034
2016-2020,26161403500,total,2829,270,2829.0,270.0,100.0,Census Tract 4035
2016-2020,26161403500,0-4,90,45.60701700396552,90.0,45.6,100.0,Census Tract 4035
2016-2020,26161403500,5-9,158,66.24198064671678,158.0,66.2,100.0,Census Tract 4035
2016-2020,26161403500,10-14,153,67.67569726275453,153.0,67.7,100.0,Census Tract 4035
2016-2020,26161403500,15-17,74,41.10960958218894,74.0,41.1,100.0,Census Tract 4035
2016-2020,26161403600,total,5634,627,5634.0,627.0,100.0,Census Tract 4036
2016-2020,26161403600,0-4,207,126.21014222319855,207.0,126.2,100.0,Census Tract 4036
2016-2020,26161403600,5-9,262,133.05637902783917,262.0,133.1,100.0,Census Tract 4036
2016-2020,26161403600,10-14,148,75.29276193632427,148.0,75.3,100.0,Census Tract 4036
2016-2020,26161403600,15-17,105,73.54590403278758,105.0,73.5,100.0,Census Tract 4036
2016-2020,26161403800,total,2983,300,2983.0,300.0,100.0,Census Tract 4038
2016-2020,26161403800,0-4,158,77.69813382572325,158.0,77.7,100.0,Census Tract 4038
2016-2020,26161403800,5-9,83,60.95900261651269,83.0,61.0,100.0,Census Tract 4038
2016-2020,26161403800,10-14,196,111.82575731914362,196.0,111.8,100.0,Census Tract 4038
2016-2020,26161403800,15-17,52,41.23105625617661,52.0,41.2,100.0,Census Tract 4038
2016-2020,26161404100,total,3385,527,3385.0,527.0,100.0,Census Tract 4041
2016-2020,26161404100,0-4,227,88.60022573334676,227.0,88.6,100.0,Census Tract 4041
2016-2020,26161404100,5-9,185,95.42536350467836,185.0,95.4,100.0,Census Tract 4041
2016-2020,26161404100,10-14,163,86.2670273047588,163.0,86.3,100.0,Census Tract 4041
2016-2020,26161404100,15-17,101,74.4043009509531,101.0,74.4,100.0,Census Tract 4041
2016-2020,26161404200,total,1848,232,1848.0,232.0,100.0,Census Tract 4042
2016-2020,26161404200,0-4,141,88.50988645343523,141.0,88.5,100.0,Census Tract 4042
2016-2020,26161404200,5-9,120,72.42237223399962,120.0,72.4,100.0,Census Tract 4042
2016-2020,26161404200,10-14,39,37.16180835212409,39.0,37.2,100.0,Census Tract 4042
2016-2020,26161404200,15-17,9,15.652475842498529,9.0,15.7,100.0,Census Tract 4042
2016-2020,26161404300,total,2747,283,2747.0,283.0,100.0,Census Tract 4043
2016-2020,26161404300,0-4,163,50.32891812864647,163.0,50.3,100.0,Census Tract 4043
2016-2020,26161404300,5-9,123,44.721359549995796,123.0,44.7,100.0,Census Tract 4043
2016-2020,26161404300,10-14,103,48.46648326421054,103.0,48.5,100.0,Census Tract 4043
2016-2020,26161404300,15-17,171,93.62157870918435,171.0,93.6,100.0,Census Tract 4043
2016-2020,26161404400,total,2085,259,2085.0,259.0,100.0,Census Tract 4044
2016-2020,26161404400,0-4,243,99.24716620639603,243.0,99.2,100.0,Census Tract 4044
2016-2020,26161404400,5-9,115,44.41846462902562,115.0,44.4,100.0,Census Tract 4044
2016-2020,26161404400,10-14,96,35.35533905932738,96.0,35.4,100.0,Census Tract 4044
2016-2020,26161404400,15-17,38,19.84943324127921,38.0,19.8,100.0,Census Tract 4044
2016-2020,26161404500,total,4248,424,4248.0,424.0,100.0,Census Tract 4045
2016-2020,26161404500,0-4,175,106.40488710580918,175.0,106.4,100.0,Census Tract 4045
2016-2020,26161404500,5-9,129,107.44766167767449,129.0,107.4,100.0,Census Tract 4045
2016-2020,26161404500,10-14,69,59.03388857258176,69.0,59.0,100.0,Census Tract 4045
2016-2020,26161404500,15-17,99,78.64477096412705,99.0,78.6,100.0,Census Tract 4045
2016-2020,26161404600,total,5072,483,5072.0,483.0,100.0,Census Tract 4046
2016-2020,26161404600,0-4,237,111.5212984142491,237.0,111.5,100.0,Census Tract 4046
2016-2020,26161404600,5-9,227,103.83159442096611,227.0,103.8,100.0,Census Tract 4046
2016-2020,26161404600,10-14,271,141.03900169811186,271.0,141.0,100.0,Census Tract 4046
2016-2020,26161404600,15-17,79,62.28964600958975,79.0,62.3,100.0,Census Tract 4046
2016-2020,26161405100,total,1785,278,1785.0,278.0,100.0,Census Tract 4051
2016-2020,26161405100,0-4,95,62.48199740725323,95.0,62.5,100.0,Census Tract 4051
2016-2020,26161405100,5-9,53,57.48912940721924,53.0,57.5,100.0,Census Tract 4051
2016-2020,26161405100,10-14,100,62.76941930590086,100.0,62.8,100.0,Census Tract 4051
2016-2020,26161405100,15-17,48,38.58756276314947,48.0,38.6,100.0,Census Tract 4051
2016-2020,26161405200,total,4973,637,4973.0,637.0,100.0,Census Tract 4052
2016-2020,26161405200,0-4,222,111.19802156513397,222.0,111.2,100.0,Census Tract 4052
2016-2020,26161405200,5-9,327,129.32130528261766,327.0,129.3,100.0,Census Tract 4052
2016-2020,26161405200,10-14,185,113.718951806636,185.0,113.7,100.0,Census Tract 4052
2016-2020,26161405200,15-17,28,29.832867780352597,28.0,29.8,100.0,Census Tract 4052
2016-2020,26161405300,total,5169,466,5169.0,466.0,100.0,Census Tract 4053
2016-2020,26161405300,0-4,242,84.20213774008353,242.0,84.2,100.0,Census Tract 4053
2016-2020,26161405300,5-9,376,114.58621208504974,376.0,114.6,100.0,Census Tract 4053
2016-2020,26161405300,10-14,339,119.40268003692378,339.0,119.4,100.0,Census Tract 4053
2016-2020,26161405300,15-17,196,75.7429864739964,196.0,75.7,100.0,Census Tract 4053
2016-2020,26161405400,total,2237,382,2237.0,382.0,100.0,Census Tract 4054
2016-2020,26161405400,0-4,114,47.707441767506246,114.0,47.7,100.0,Census Tract 4054
2016-2020,26161405400,5-9,142,53.075418038862395,142.0,53.1,100.0,Census Tract 4054
2016-2020,26161405400,10-14,125,105.3612832116238,125.0,105.4,100.0,Census Tract 4054
2016-2020,26161405400,15-17,22,27.313000567495322,22.0,27.3,100.0,Census Tract 4054
2016-2020,26161405500,total,2467,301,2467.0,301.0,100.0,Census Tract 4055
2016-2020,26161405500,0-4,185,92.65527507918802,185.0,92.7,100.0,Census Tract 4055
2016-2020,26161405500,5-9,136,74.33034373659252,136.0,74.3,100.0,Census Tract 4055
2016-2020,26161405500,10-14,70,55.02726596879042,70.0,55.0,100.0,Census Tract 4055
2016-2020,26161405500,15-17,12,15.652475842498529,12.0,15.7,100.0,Census Tract 4055
2016-2020,26161405600,total,4737,615,4737.0,615.0,100.0,Census Tract 4056
2016-2020,26161405600,0-4,610,209.61870145576228,610.0,209.6,100.0,Census Tract 4056
2016-2020,26161405600,5-9,199,77.89736837660179,199.0,77.9,100.0,Census Tract 4056
2016-2020,26161405600,10-14,197,83.81527307120105,197.0,83.8,100.0,Census Tract 4056
2016-2020,26161405600,15-17,151,66.70832032063166,151.0,66.7,100.0,Census Tract 4056
2016-2020,26161406000,total,3316,313,3316.0,313.0,100.0,Census Tract 4060
2016-2020,26161406000,0-4,163,97.29337079164232,163.0,97.3,100.0,Census Tract 4060
2016-2020,26161406000,5-9,162,56.639209034025185,162.0,56.6,100.0,Census Tract 4060
2016-2020,26161406000,10-14,259,84.09518416651454,259.0,84.1,100.0,Census Tract 4060
2016-2020,26161406000,15-17,136,74.8465096046569,136.0,74.8,100.0,Census Tract 4060
2016-2020,26161407000,total,5445,475,1867.6,162.9,34.3,Census Tract 4070
2016-2020,26161407000,0-4,149,65.29931086925804,51.1,22.4,34.3,Census Tract 4070
2016-2020,26161407000,5-9,363,107.16809226630843,124.5,36.8,34.3,Census Tract 4070
2016-2020,26161407000,10-14,388,127.31849826321388,133.1,43.7,34.3,Census Tract 4070
2016-2020,26161407000,15-17,379,157.38487856207786,130.0,54.0,34.3,Census Tract 4070
2016-2020,26161414000,total,3674,486,3674.0,486.0,100.0,Census Tract 4140
2016-2020,26161414000,0-4,114,72.20110802473879,114.0,72.2,100.0,Census Tract 4140
2016-2020,26161414000,5-9,219,135.36617007214173,219.0,135.4,100.0,Census Tract 4140
2016-2020,26161414000,10-14,229,142.8635712839351,229.0,142.9,100.0,Census Tract 4140
2016-2020,26161414000,15-17,164,83.00602387778854,164.0,83.0,100.0,Census Tract 4140
2016-2020,26161414200,total,3128,451,3128.0,451.0,100.0,Census Tract 4142
2016-2020,26161414200,0-4,125,72.62231062146124,125.0,72.6,100.0,Census Tract 4142
2016-2020,26161414200,5-9,106,69.42621983083912,106.0,69.4,100.0,Census Tract 4142
2016-2020,26161414200,10-14,241,113.37107214805722,241.0,113.4,100.0,Census Tract 4142
2016-2020,26161414200,15-17,84,57.48912940721924,84.0,57.5,100.0,Census Tract 4142
2016-2020,26161414300,total,3193,393,3193.0,393.0,100.0,Census Tract 4143
2016-2020,26161414300,0-4,174,85.80209787645055,174.0,85.8,100.0,Census Tract 4143
2016-2020,26161414300,5-9,163,79.24645102463579,163.0,79.2,100.0,Census Tract 4143
2016-2020,26161414300,10-14,133,71.69379331573967,133.0,71.7,100.0,Census Tract 4143
2016-2020,26161414300,15-17,72,34.71310991541956,72.0,34.7,100.0,Census Tract 4143
2016-2020,26161414500,total,2997,454,2997.0,454.0,100.0,Census Tract 4145
2016-2020,26161414500,0-4,230,64.35060217278468,230.0,64.4,100.0,Census Tract 4145
2016-2020,26161414500,5-9,201,57.384666941614284,201.0,57.4,100.0,Census Tract 4145
2016-2020,26161414500,10-14,141,70.2353187506115,141.0,70.2,100.0,Census Tract 4145
2016-2020,26161414500,15-17,95,43.60045871318328,95.0,43.6,100.0,Census Tract 4145
2016-2020,26161414700,total,1777,250,1777.0,250.0,100.0,Census Tract 4147
2016-2020,26161414700,0-4,76,31.622776601683793,76.0,31.6,100.0,Census Tract 4147
2016-2020,26161414700,5-9,33,22.80350850198276,33.0,22.8,100.0,Census Tract 4147
2016-2020,26161414700,10-14,50,36.124783736376884,50.0,36.1,100.0,Census Tract 4147
2016-2020,26161414700,15-17,22,19.313207915827963,22.0,19.3,100.0,Census Tract 4147
2016-2020,26161414900,total,3402,406,3402.0,406.0,100.0,Census Tract 4149
2016-2020,26161414900,0-4,212,75.80237463298891,212.0,75.8,100.0,Census Tract 4149
2016-2020,26161414900,5-9,113,53.907327887774215,113.0,53.9,100.0,Census Tract 4149
2016-2020,26161414900,10-14,240,88.61715409558128,240.0,88.6,100.0,Census Tract 4149
2016-2020,26161414900,15-17,191,79.98124780221924,191.0,80.0,100.0,Census Tract 4149
2016-2020,26161415200,total,2258,220,2258.0,220.0,100.0,Census Tract 4152
2016-2020,26161415200,0-4,108,42.52058325093859,108.0,42.5,100.0,Census Tract 4152
2016-2020,26161415200,5-9,69,31.89043743820395,69.0,31.9,100.0,Census Tract 4152
2016-2020,26161415200,10-14,52,41.23105625617661,52.0,41.2,100.0,Census Tract 4152
2016-2020,26161415200,15-17,76,62.24146527838174,76.0,62.2,100.0,Census Tract 4152
2016-2020,26161415400,total,1740,244,1219.7,171.0,70.1,Census Tract 4154
2016-2020,26161415400,0-4,113,38.18376618407357,79.2,26.8,70.1,Census Tract 4154
2016-2020,26161415400,5-9,67,26.870057685088806,47.0,18.8,70.1,Census Tract 4154
2016-2020,26161415400,10-14,70,38.2099463490856,49.1,26.8,70.1,Census Tract 4154
2016-2020,26161415400,15-17,49,25.455844122715707,34.3,17.8,70.1,Census Tract 4154
2016-2020,26161415800,total,3871,476,1501.9,184.7,38.8,Census Tract 4158
2016-2020,26161415800,0-4,63,44.654227123532216,24.4,17.3,38.8,Census Tract 4158
2016-2020,26161415800,5-9,259,86.53323061113574,100.5,33.6,38.8,Census Tract 4158
2016-2020,26161415800,10-14,377,167.34395716607156,146.3,64.9,38.8,Census Tract 4158
2016-2020,26161415800,15-17,200,88.48163651289458,77.6,34.3,38.8,Census Tract 4158
2016-2020,26161416000,total,3332,386,3332.0,386.0,100.0,Census Tract 4160
2016-2020,26161416000,0-4,266,115.25623627379127,266.0,115.3,100.0,Census Tract 4160
2016-2020,26161416000,5-9,273,84.1486779456457,273.0,84.1,100.0,Census Tract 4160
2016-2020,26161416000,10-14,271,95.42536350467836,271.0,95.4,100.0,Census Tract 4160
2016-2020,26161416000,15-17,92,53.00943312279429,92.0,53.0,100.0,Census Tract 4160
2016-2020,26161416200,total,5418,703,969.8,125.8,17.9,Census Tract 4162
2016-2020,26161416200,0-4,281,159.62455951387932,50.3,28.6,17.9,Census Tract 4162
2016-2020,26161416200,5-9,254,87.98295289429652,45.5,15.7,17.9,Census Tract 4162
2016-2020,26161416200,10-14,532,194.36306233438492,95.2,34.8,17.9,Census Tract 4162
2016-2020,26161416200,15-17,218,65.94694837519017,39.0,11.8,17.9,Census Tract 4162
2016-2020,26161425000,total,4592,309,1868.9,125.8,40.7,Census Tract 4250
2016-2020,26161425000,0-4,73,57.62811813689564,29.7,23.5,40.7,Census Tract 4250
2016-2020,26161425000,5-9,261,101.41498903022176,106.2,41.3,40.7,Census Tract 4250
2016-2020,26161425000,10-14,263,105.75916035975324,107.0,43.0,40.7,Census Tract 4250
2016-2020,26161425000,15-17,284,133.84319183283102,115.6,54.5,40.7,Census Tract 4250
2016-2020,26161453000,total,5415,561,3866.3,400.6,71.4,Census Tract 4530
2016-2020,26161453000,0-4,220,84.07734534343956,157.1,60.0,71.4,Census Tract 4530
2016-2020,26161453000,5-9,316,187.52333188166213,225.6,133.9,71.4,Census Tract 4530
2016-2020,26161453000,10-14,486,144.84474446799925,347.0,103.4,71.4,Census Tract 4530
2016-2020,26161453000,15-17,247,101.13851887386922,176.4,72.2,71.4,Census Tract 4530
2016-2020,26161455000,total,5031,563,1866.5,208.9,37.1,Census Tract 4550
2016-2020,26161455000,0-4,347,127.86320815621669,128.7,47.4,37.1,Census Tract 4550
2016-2020,26161455000,5-9,307,118.46096403457132,113.9,43.9,37.1,Census Tract 4550
2016-2020,26161455000,10-14,559,236.23081932719958,207.4,87.6,37.1,Census Tract 4550
2016-2020,26161455000,15-17,223,135.91541487263322,82.7,50.4,37.1,Census Tract 4550
2016-2020,26161456000,total,6195,551,6195.0,551.0,100.0,Census Tract 4560
2016-2020,26161456000,0-4,248,131.65485179058157,248.0,131.7,100.0,Census Tract 4560
2016-2020,26161456000,5-9,519,173.11268006705922,519.0,173.1,100.0,Census Tract 4560
2016-2020,26161456000,10-14,447,149.26486525636233,447.0,149.3,100.0,Census Tract 4560
2016-2020,26161456000,15-17,377,128.4562182223967,377.0,128.5,100.0,Census Tract 4560
2016-2020,26161461000,total,7780,298,723.5,27.7,9.3,Census Tract 4610
2016-2020,26161461000,0-4,442,164.92422502470643,41.1,15.3,9.3,Census Tract 4610
2016-2020,26161461000,5-9,513,160.5241414865689,47.7,14.9,9.3,Census Tract 4610
2016-2020,26161461000,10-14,444,135.47324459095233,41.3,12.6,9.3,Census Tract 4610
2016-2020,26161461000,15-17,309,95.13148795220224,28.7,8.8,9.3,Census Tract 4610
2016-2020,26161464000,total,6444,17,341.5,0.9,5.3,Census Tract 4640
2016-2020,26161464000,0-4,261,130.4837154590564,13.8,6.9,5.3,Census Tract 4640
2016-2020,26161464000,5-9,290,156.20819440733575,15.4,8.3,5.3,Census Tract 4640
2016-2020,26161464000,10-14,671,212.86850401127924,35.6,11.3,5.3,Census Tract 4640
2016-2020,26161464000,15-17,358,172.53985046939155,19.0,9.1,5.3,Census Tract 4640
2016-2020,26161466000,total,2448,303,367.2,45.4,15.0,Census Tract 4660
2016-2020,26161466000,0-4,68,39.44616584663204,10.2,5.9,15.0,Census Tract 4660
2016-2020,26161466000,5-9,86,51.73973328110612,12.9,7.8,15.0,Census Tract 4660
2016-2020,26161466000,10-14,204,91.35097153287424,30.6,13.7,15.0,Census Tract 4660
2016-2020,26161466000,15-17,92,59.80802621722272,13.8,9.0,15.0,Census Tract 4660
2016-2020,26161980101,total,4219,522,4219.0,522.0,100.0,Census Tract 9801.01
2016-2020,26161980101,0-4,0,15.556349186104045,0.0,15.6,100.0,Census Tract 9801.01
2016-2020,26161980101,5-9,0,15.556349186104045,0.0,15.6,100.0,Census Tract 9801.01
2016-2020,26161980101,10-14,0,15.556349186104045,0.0,15.6,100.0,Census Tract 9801.01
2016-2020,26161980101,15-17,63,46.518813398452025,63.0,46.5,100.0,Census Tract 9801.01
2016-2020,26161980102,total,3608,524,3608.0,524.0,100.0,Census Tract 9801.02
2016-2020,26161980102,0-4,0,15.556349186104045,0.0,15.6,100.0,Census Tract 9801.02
2016-2020,26161980102,5-9,0,15.556349186104045,0.0,15.6,100.0,Census Tract 9801.02
2016-2020,26161980102,10-14,0,15.556349186104045,0.0,15.6,100.0,Census Tract 9801.02
2016-2020,26161980102,15-17,77,51.73973328110612,77.0,51.7,100.0,Census Tract 9801.02
2016-2020,26161980200,total,0,11,0.0,8.1,73.3,Census Tract 9802
2016-2020,26161980200,0-4,0,15.556349186104045,0.0,11.4,73.3,Census Tract 9802
2016-2020,26161980200,5-9,0,15.556349186104045,0.0,11.4,73.3,Census Tract 9802
2016-2020,26161980200,10-14,0,15.556349186104045,0.0,11.4,73.3,Census Tract 9802
2016-2020,26161980200,15-17,0,15.556349186104045,0.0,11.4,73.3,Census Tract 9802
2016-2020,26161980400,total,0,11,0.0,11.0,100.0,Census Tract 9804
2016-2020,26161980400,0-4,0,15.556349186104045,0.0,15.6,100.0,Census Tract 9804
2016-2020,26161980400,5-9,0,15.556349186104045,0.0,15.6,100.0,Census Tract 9804
2016-2020,26161980400,10-14,0,15.556349186104045,0.0,15.6,100.0,Census Tract 9804
2016-2020,26161980400,15-17,0,15.556349186104045,0.0,15.6,100.0,Census Tract 9804
2017-2021,26161400100,total,1976,439,1976.0,439.0,100.0,Census Tract 4001
2017-2021,26161400100,0-4,0,15.556349186104045,0.0,15.6,100.0,Census Tract 4001
2017-2021,26161400100,5-9,0,15.556349186104045,0.0,15.6,100.0,Census Tract 4001
2017-2021,26161400100,10-14,9,17.029386365926403,9.0,17.0,100.0,Census Tract 4001
2017-2021,26161400100,15-17,0,15.556349186104045,0.0,15.6,100.0,Census Tract 4001
2017-2021,26161400300,total,5192,864,5192.0,864.0,100.0,Census Tract 4003
2017-2021,26161400300,0-4,0,21.213203435596427,0.0,21.2,100.0,Census Tract 4003
2017-2021,26161400300,5-9,1,15.132745950421558,1.0,15.1,100.0,Census Tract 4003
2017-2021,26161400300,10-14,0,21.213203435596427,0.0,21.2,100.0,Census Tract 4003
2017-2021,26161400300,15-17,18,29.1547594742265,18.0,29.2,100.0,Census Tract 4003
2017-2021,26161400400,total,3435,492,3435.0,492.0,100.0,Census Tract 4004
2017-2021,26161400400,0-4,92,42.52058325093859,92.0,42.5,100.0,Census Tract 4004
2017-2021,26161400400,5-9,123,55.569775957799216,123.0,55.6,100.0,Census Tract 4004
2017-2021,26161400400,10-14,129,55.44366510251645,129.0,55.4,100.0,Census Tract 4004
2017-2021,26161400400,15-17,56,37.48332962798263,56.0,37.5,100.0,Census Tract 4004
2017-2021,26161400500,total,7389,1080,7389.0,1080.0,100.0,Census Tract 4005
2017-2021,26161400500,0-4,13,25.0,13.0,25.0,100.0,Census Tract 4005
2017-2021,26161400500,5-9,0,21.213203435596427,0.0,21.2,100.0,Census Tract 4005
2017-2021,26161400500,10-14,0,21.213203435596427,0.0,21.2,100.0,Census Tract 4005
2017-2021,26161400500,15-17,11,15.297058540778355,11.0,15.3,100.0,Census Tract 4005
2017-2021,26161400600,total,4489,480,4489.0,480.0,100.0,Census Tract 4006
2017-2021,26161400600,0-4,167,87.66413177577246,167.0,87.7,100.0,Census Tract 4006
2017-2021,26161400600,5-9,133,62.968245965724655,133.0,63.0,100.0,Census Tract 4006
2017-2021,26161400600,10-14,79,38.600518131237564,79.0,38.6,100.0,Census Tract 4006
2017-2021,26161400600,15-17,105,47.20169488482379,105.0,47.2,100.0,Census Tract 4006
2017-2021,26161400700,total,3532,882,3532.0,882.0,100.0,Census Tract 4007
2017-2021,26161400700,0-4,79,47.01063709417264,79.0,47.0,100.0,Census Tract 4007
2017-2021,26161400700,5-9,65,32.01562118716424,65.0,32.0,100.0,Census Tract 4007
2017-2021,26161400700,10-14,54,33.83784863137726,54.0,33.8,100.0,Census Tract 4007
2017-2021,26161400700,15-17,47,44.14748010928823,47.0,44.1,100.0,Census Tract 4007
2017-2021,26161400800,total,3446,843,3446.0,843.0,100.0,Census Tract 4008
2017-2021,26161400800,0-4,0,15.556349186104045,0.0,15.6,100.0,Census Tract 4008
2017-2021,26161400800,5-9,0,15.556349186104045,0.0,15.6,100.0,Census Tract 4008
2017-2021,26161400800,10-14,0,15.556349186104045,0.0,15.6,100.0,Census Tract 4008
2017-2021,26161400800,15-17,0,15.556349186104045,0.0,15.6,100.0,Census Tract 4008
2017-2021,26161402100,total,2969,411,2969.0,411.0,100.0,Census Tract 4021
2017-2021,26161402100,0-4,111,98.99494936611666,111.0,99.0,100.0,Census Tract 4021
2017-2021,26161402100,5-9,25,23.706539182259394,25.0,23.7,100.0,Census Tract 4021
2017-2021,26161402100,10-14,106,64.62197768561404,106.0,64.6,100.0,Census Tract 4021
2017-2021,26161402100,15-17,85,72.00694410957875,85.0,72.0,100.0,Census Tract 4021
2017-2021,26161402201,total,5261,833,5261.0,833.0,100.0,Census Tract 4022.01
2017-2021,26161402201,0-4,0,21.213203435596427,0.0,21.2,100.0,Census Tract 4022.01
2017-2021,26161402201,5-9,4,7.0710678118654755,4.0,7.1,100.0,Census Tract 4022.01
2017-2021,26161402201,10-14,2,15.811388300841896,2.0,15.8,100.0,Census Tract 4022.01
2017-2021,26161402201,15-17,31,24.041630560342618,31.0,24.0,100.0,Census Tract 4022.01
2017-2021,26161402300,total,2809,328,2809.0,328.0,100.0,Census Tract 4023
2017-2021,26161402300,0-4,83,37.64306044943743,83.0,37.6,100.0,Census Tract 4023
2017-2021,26161402300,5-9,48,30.870698080866262,48.0,30.9,100.0,Census Tract 4023
2017-2021,26161402300,10-14,136,55.470712993434645,136.0,55.5,100.0,Census Tract 4023
2017-2021,26161402300,15-17,68,36.24913792078371,68.0,36.2,100.0,Census Tract 4023
2017-2021,26161402500,total,2397,284,2397.0,284.0,100.0,Census Tract 4025
2017-2021,26161402500,0-4,151,55.75840743780259,151.0,55.8,100.0,Census Tract 4025
2017-2021,26161402500,5-9,139,49.57822102496216,139.0,49.6,100.0,Census Tract 4025
2017-2021,26161402500,10-14,185,112.6410227226298,185.0,112.6,100.0,Census Tract 4025
2017-2021,26161402500,15-17,23,22.825424421026657,23.0,22.8,100.0,Census Tract 4025
2017-2021,26161402601,total,3020,961,3020.0,961.0,100.0,Census Tract 4026.01
2017-2021,26161402601,0-4,166,70.43436661176133,166.0,70.4,100.0,Census Tract 4026.01
2017-2021,26161402601,5-9,94,48.54894437575342,94.0,48.5,100.0,Census Tract 4026.01
2017-2021,26161402601,10-14,72,54.626001134990645,72.0,54.6,100.0,Census Tract 4026.01
2017-2021,26161402601,15-17,18,21.095023109728988,18.0,21.1,100.0,Census Tract 4026.01
2017-2021,26161402700,total,5482,672,5482.0,672.0,100.0,Census Tract 4027
2017-2021,26161402700,0-4,310,116.76472069936192,310.0,116.8,100.0,Census Tract 4027
2017-2021,26161402700,5-9,298,149.6963593411677,298.0,149.7,100.0,Census Tract 4027
2017-2021,26161402700,10-14,299,123.84264209067894,299.0,123.8,100.0,Census Tract 4027
2017-2021,26161402700,15-17,246,101.01980003939822,246.0,101.0,100.0,Census Tract 4027
2017-2021,26161403100,total,1535,289,1535.0,289.0,100.0,Census Tract 4031
2017-2021,26161403100,0-4,70,34.66987164671943,70.0,34.7,100.0,Census Tract 4031
2017-2021,26161403100,5-9,79,32.80243893371345,79.0,32.8,100.0,Census Tract 4031
2017-2021,26161403100,10-14,95,38.8329756778952,95.0,38.8,100.0,Census Tract 4031
2017-2021,26161403100,15-17,106,41.725292090050125,106.0,41.7,100.0,Census Tract 4031
2017-2021,26161403200,total,3370,449,3370.0,449.0,100.0,Census Tract 4032
2017-2021,26161403200,0-4,135,78.40918313565064,135.0,78.4,100.0,Census Tract 4032
2017-2021,26161403200,5-9,184,86.83893136145792,184.0,86.8,100.0,Census Tract 4032
2017-2021,26161403200,10-14,147,64.63745044476924,147.0,64.6,100.0,Census Tract 4032
2017-2021,26161403200,15-17,148,84.20213774008353,148.0,84.2,100.0,Census Tract 4032
2017-2021,26161403300,total,3914,360,3914.0,360.0,100.0,Census Tract 4033
2017-2021,26161403300,0-4,216,102.85912696499032,216.0,102.9,100.0,Census Tract 4033
2017-2021,26161403300,5-9,216,99.24716620639603,216.0,99.2,100.0,Census Tract 4033
2017-2021,26161403300,10-14,272,118.53269591129695,272.0,118.5,100.0,Census Tract 4033
2017-2021,26161403300,15-17,143,70.9365914038728,143.0,70.9,100.0,Census Tract 4033
2017-2021,26161403400,total,2898,228,2898.0,228.0,100.0,Census Tract 4034
2017-2021,26161403400,0-4,184,77.89736837660179,184.0,77.9,100.0,Census Tract 4034
2017-2021,26161403400,5-9,129,54.23098745182499,129.0,54.2,100.0,Census Tract 4034
2017-2021,26161403400,10-14,168,61.61168720299745,168.0,61.6,100.0,Census Tract 4034
2017-2021,26161403400,15-17,105,46.14108798023731,105.0,46.1,100.0,Census Tract 4034
2017-2021,26161403500,total,2892,242,2892.0,242.0,100.0,Census Tract 4035
2017-2021,26161403500,0-4,88,47.16990566028302,88.0,47.2,100.0,Census Tract 4035
2017-2021,26161403500,5-9,130,66.12866246946176,130.0,66.1,100.0,Census Tract 4035
2017-2021,26161403500,10-14,113,50.60632371551998,113.0,50.6,100.0,Census Tract 4035
2017-2021,26161403500,15-17,79,50.32891812864647,79.0,50.3,100.0,Census Tract 4035
2017-2021,26161403600,total,5511,654,5511.0,654.0,100.0,Census Tract 4036
2017-2021,26161403600,0-4,259,131.18307817702708,259.0,131.2,100.0,Census Tract 4036
2017-2021,26161403600,5-9,273,144.36065946094868,273.0,144.4,100.0,Census Tract 4036
2017-2021,26161403600,10-14,158,87.6584280032445,158.0,87.7,100.0,Census Tract 4036
2017-2021,26161403600,15-17,122,90.25519375637062,122.0,90.3,100.0,Census Tract 4036
2017-2021,26161403800,total,3009,348,3009.0,348.0,100.0,Census Tract 4038
2017-2021,26161403800,0-4,78,52.43090691567332,78.0,52.4,100.0,Census Tract 4038
2017-2021,26161403800,5-9,109,52.4022900262956,109.0,52.4,100.0,Census Tract 4038
2017-2021,26161403800,10-14,222,101.95096860746345,222.0,102.0,100.0,Census Tract 4038
2017-2021,26161403800,15-17,61,43.416586692184815,61.0,43.4,100.0,Census Tract 4038
2017-2021,26161404100,total,3236,383,3236.0,383.0,100.0,Census Tract 4041
2017-2021,26161404100,0-4,277,94.17536832951598,277.0,94.2,100.0,Census Tract 4041
2017-2021,26161404100,5-9,163,71.58910531638176,163.0,71.6,100.0,Census Tract 4041
2017-2021,26161404100,10-14,130,69.35416353759881,130.0,69.4,100.0,Census Tract 4041
2017-2021,26161404100,15-17,65,52.15361924162119,65.0,52.2,100.0,Census Tract 4041
2017-2021,26161404200,total,2068,283,2068.0,283.0,100.0,Census Tract 4042
2017-2021,26161404200,0-4,129,85.0,129.0,85.0,100.0,Census Tract 4042
2017-2021,26161404200,5-9,107,54.708317466359716,107.0,54.7,100.0,Census Tract 4042
2017-2021,26161404200,10-14,92,73.57309290766564,92.0,73.6,100.0,Census Tract 4042
2017-2021,26161404200,15-17,44,36.89173349139344,44.0,36.9,100.0,Census Tract 4042
2017-2021,26161404300,total,2871,306,2871.0,306.0,100.0,Census Tract 4043
2017-2021,26161404300,0-4,151,45.967379738244816,151.0,46.0,100.0,Census Tract 4043
2017-2021,26161404300,5-9,138,51.97114584074513,138.0,52.0,100.0,Census Tract 4043
2017-2021,26161404300,10-14,142,55.072679252057455,142.0,55.1,100.0,Census Tract 4043
2017-2021,26161404300,15-17,199,105.19030373565808,199.0,105.2,100.0,Census Tract 4043
2017-2021,26161404400,total,2160,261,2160.0,261.0,100.0,Census Tract 4044
2017-2021,26161404400,0-4,261,107.61505470890214,261.0,107.6,100.0,Census Tract 4044
2017-2021,26161404400,5-9,91,40.6078810084939,91.0,40.6,100.0,Census Tract 4044
2017-2021,26161404400,10-14,107,37.013511046643494,107.0,37.0,100.0,Census Tract 4044
2017-2021,26161404400,15-17,47,24.413111231467404,47.0,24.4,100.0,Census Tract 4044
2017-2021,26161404500,total,4216,491,4216.0,491.0,100.0,Census Tract 4045
2017-2021,26161404500,0-4,136,87.92041856133308,136.0,87.9,100.0,Census Tract 4045
2017-2021,26161404500,5-9,118,100.66280345788111,118.0,100.7,100.0,Census Tract 4045
2017-2021,26161404500,10-14,61,56.08921464952063,61.0,56.1,100.0,Census Tract 4045
2017-2021,26161404500,15-17,101,79.81227975693966,101.0,79.8,100.0,Census Tract 4045
2017-2021,26161404600,total,4933,570,4933.0,570.0,100.0,Census Tract 4046
2017-2021,26161404600,0-4,157,94.04786015641184,157.0,94.0,100.0,Census Tract 4046
2017-2021,26161404600,5-9,162,76.83749084919418,162.0,76.8,100.0,Census Tract 4046
2017-2021,26161404600,10-14,204,82.73451516749222,204.0,82.7,100.0,Census Tract 4046
2017-2021,26161404600,15-17,72,66.21933252457322,72.0,66.2,100.0,Census Tract 4046
2017-2021,26161405100,total,1916,353,1916.0,353.0,100.0,Census Tract 4051
2017-2021,26161405100,0-4,99,67.47592163134937,99.0,67.5,100.0,Census Tract 4051
2017-2021,26161405100,5-9,38,64.93843238021687,38.0,64.9,100.0,Census Tract 4051
2017-2021,26161405100,10-14,120,72.61542535852833,120.0,72.6,100.0,Census Tract 4051
2017-2021,26161405100,15-17,33,37.21558813185679,33.0,37.2,100.0,Census Tract 4051
2017-2021,26161405200,total,5093,547,5093.0,547.0,100.0,Census Tract 4052
2017-2021,26161405200,0-4,272,123.7618681177688,272.0,123.8,100.0,Census Tract 4052
2017-2021,26161405200,5-9,323,138.42326394071193,323.0,138.4,100.0,Census Tract 4052
2017-2021,26161405200,10-14,189,96.60227740586657,189.0,96.6,100.0,Census Tract 4052
2017-2021,26161405200,15-17,53,44.598206241955516,53.0,44.6,100.0,Census Tract 4052
2017-2021,26161405300,total,5246,446,5246.0,446.0,100.0,Census Tract 4053
2017-2021,26161405300,0-4,259,101.04454463255303,259.0,101.0,100.0,Census Tract 4053
2017-2021,26161405300,5-9,358,109.98636279102968,358.0,110.0,100.0,Census Tract 4053
2017-2021,26161405300,10-14,394,113.74093370462545,394.0,113.7,100.0,Census Tract 4053
2017-2021,26161405300,15-17,232,84.21995013059555,232.0,84.2,100.0,Census Tract 4053
2017-2021,26161405400,total,2348,362,2348.0,362.0,100.0,Census Tract 4054
2017-2021,26161405400,0-4,131,48.27007354458868,131.0,48.3,100.0,Census Tract 4054
2017-2021,26161405400,5-9,120,56.302753041036986,120.0,56.3,100.0,Census Tract 4054
2017-2021,26161405400,10-14,158,118.25819210524064,158.0,118.3,100.0,Census Tract 4054
2017-2021,26161405400,15-17,28,27.313000567495322,28.0,27.3,100.0,Census Tract 4054
2017-2021,26161405500,total,2638,281,2638.0,281.0,100.0,Census Tract 4055
2017-2021,26161405500,0-4,209,85.44003745317531,209.0,85.4,100.0,Census Tract 4055
2017-2021,26161405500,5-9,129,65.7875368135941,129.0,65.8,100.0,Census Tract 4055
2017-2021,26161405500,10-14,78,48.25971404805461,78.0,48.3,100.0,Census Tract 4055
2017-2021,26161405500,15-17,32,26.683328128252672,32.0,26.7,100.0,Census Tract 4055
2017-2021,26161405600,total,4583,664,4583.0,664.0,100.0,Census Tract 4056
2017-2021,26161405600,0-4,514,195.78048932414077,514.0,195.8,100.0,Census Tract 4056
2017-2021,26161405600,5-9,362,120.96693763173474,362.0,121.0,100.0,Census Tract 4056
2017-2021,26161405600,10-14,214,82.41965784932621,214.0,82.4,100.0,Census Tract 4056
2017-2021,26161405600,15-17,133,62.24146527838174,133.0,62.2,100.0,Census Tract 4056
2017-2021,26161406000,total,3820,203,3820.0,203.0,100.0,Census Tract 4060
2017-2021,26161406000,0-4,236,107.48953437428224,236.0,107.5,100.0,Census Tract 4060
2017-2021,26161406000,5-9,245,107.0420478129973,245.0,107.0,100.0,Census Tract 4060
2017-2021,26161406000,10-14,281,96.15092303249095,281.0,96.2,100.0,Census Tract 4060
2017-2021,26161406000,15-17,151,87.36131867136622,151.0,87.4,100.0,Census Tract 4060
2017-2021,26161407000,total,5475,485,1877.9,166.4,34.3,Census Tract 4070
2017-2021,26161407000,0-4,179,64.81512169239521,61.4,22.2,34.3,Census Tract 4070
2017-2021,26161407000,5-9,390,119.75391434103521,133.8,41.1,34.3,Census Tract 4070
2017-2021,26161407000,10-14,398,118.00423721205946,136.5,40.5,34.3,Census Tract 4070
2017-2021,26161407000,15-17,390,139.61733416735902,133.8,47.9,34.3,Census Tract 4070
2017-2021,26161414000,total,3924,535,3924.0,535.0,100.0,Census Tract 4140
2017-2021,26161414000,0-4,339,178.3395637540924,339.0,178.3,100.0,Census Tract 4140
2017-2021,26161414000,5-9,222,134.11189358144193,222.0,134.1,100.0,Census Tract 4140
2017-2021,26161414000,10-14,235,129.634100452003,235.0,129.6,100.0,Census Tract 4140
2017-2021,26161414000,15-17,169,96.84007434941384,169.0,96.8,100.0,Census Tract 4140
2017-2021,26161414200,total,3021,397,3021.0,397.0,100.0,Census Tract 4142
2017-2021,26161414200,0-4,170,98.79271228182775,170.0,98.8,100.0,Census Tract 4142
2017-2021,26161414200,5-9,47,46.61544808322666,47.0,46.6,100.0,Census Tract 4142
2017-2021,26161414200,10-14,203,107.70329614269006,203.0,107.7,100.0,Census Tract 4142
2017-2021,26161414200,15-17,76,55.470712993434645,76.0,55.5,100.0,Census Tract 4142
2017-2021,26161414300,total,3077,373,3077.0,373.0,100.0,Census Tract 4143
2017-2021,26161414300,0-4,159,81.60882305241266,159.0,81.6,100.0,Census Tract 4143
2017-2021,26161414300,5-9,167,70.71067811865476,167.0,70.7,100.0,Census Tract 4143
2017-2021,26161414300,10-14,105,64.8459713474939,105.0,64.8,100.0,Census Tract 4143
2017-2021,26161414300,15-17,95,51.884487084291386,95.0,51.9,100.0,Census Tract 4143
2017-2021,26161414500,total,3102,443,3102.0,443.0,100.0,Census Tract 4145
2017-2021,26161414500,0-4,189,58.41232746604093,189.0,58.4,100.0,Census Tract 4145
2017-2021,26161414500,5-9,203,61.294371682887814,203.0,61.3,100.0,Census Tract 4145
2017-2021,26161414500,10-14,168,69.20260110718381,168.0,69.2,100.0,Census Tract 4145
2017-2021,26161414500,15-17,117,47.20169488482379,117.0,47.2,100.0,Census Tract 4145
2017-2021,26161414700,total,1915,250,1915.0,250.0,100.0,Census Tract 4147
2017-2021,26161414700,0-4,61,36.06937759374287,61.0,36.1,100.0,Census Tract 4147
2017-2021,26161414700,5-9,35,22.47220505424423,35.0,22.5,100.0,Census Tract 4147
2017-2021,26161414700,10-14,78,54.708317466359716,78.0,54.7,100.0,Census Tract 4147
2017-2021,26161414700,15-17,46,32.55764119219941,46.0,32.6,100.0,Census Tract 4147
2017-2021,26161414900,total,3354,394,3354.0,394.0,100.0,Census Tract 4149
2017-2021,26161414900,0-4,216,76.36753236814714,216.0,76.4,100.0,Census Tract 4149
2017-2021,26161414900,5-9,166,66.4003012041361,166.0,66.4,100.0,Census Tract 4149
2017-2021,26161414900,10-14,181,85.04116650187719,181.0,85.0,100.0,Census Tract 4149
2017-2021,26161414900,15-17,135,71.50524456289902,135.0,71.5,100.0,Census Tract 4149
2017-2021,26161415200,total,2430,277,2430.0,277.0,100.0,Census Tract 4152
2017-2021,26161415200,0-4,118,49.678969393496885,118.0,49.7,100.0,Census Tract 4152
2017-2021,26161415200,5-9,76,34.20526275297414,76.0,34.2,100.0,Census Tract 4152
2017-2021,26161415200,10-14,70,50.695167422546305,70.0,50.7,100.0,Census Tract 4152
2017-2021,26161415200,15-17,99,65.79513659838393,99.0,65.8,100.0,Census Tract 4152
2017-2021,26161415400,total,1829,223,1282.1,156.3,70.1,Census Tract 4154
2017-2021,26161415400,0-4,132,46.09772228646443,92.5,32.3,70.1,Census Tract 4154
2017-2021,26161415400,5-9,47,20.80865204668481,32.9,14.6,70.1,Census Tract 4154
2017-2021,26161415400,10-14,112,43.13930922024599,78.5,30.2,70.1,Census Tract 4154
2017-2021,26161415400,15-17,57,28.425340807103794,40.0,19.9,70.1,Census Tract 4154
2017-2021,26161415800,total,3820,492,1482.2,190.9,38.8,Census Tract 4158
2017-2021,26161415800,0-4,25,32.756678708318404,9.7,12.7,38.8,Census Tract 4158
2017-2021,26161415800,5-9,250,98.61541461658011,97.0,38.3,38.8,Census Tract 4158
2017-2021,26161415800,10-14,361,165.71059109181888,140.1,64.3,38.8,Census Tract 4158
2017-2021,26161415800,15-17,198,99.98499887483122,76.8,38.8,38.8,Census Tract 4158
2017-2021,26161416000,total,3377,453,3377.0,453.0,100.0,Census Tract 4160
2017-2021,26161416000,0-4,232,103.7304198391195,232.0,103.7,100.0,Census Tract 4160
2017-2021,26161416000,5-9,254,82.02438661763951,254.0,82.0,100.0,Census Tract 4160
2017-2021,26161416000,10-14,305,112.43220179290272,305.0,112.4,100.0,Census Tract 4160
2017-2021,26161416000,15-17,80,48.16637831516918,80.0,48.2,100.0,Census Tract 4160
2017-2021,26161416200,total,5492,679,983.1,121.5,17.9,Census Tract 4162
2017-2021,26161416200,0-4,269,138.23530663329103,48.2,24.7,17.9,Census Tract 4162
2017-2021,26161416200,5-9,315,94.87360012142472,56.4,17.0,17.9,Census Tract 4162
2017-2021,26161416200,10-14,508,194.46593532030232,90.9,34.8,17.9,Census Tract 4162
2017-2021,26161416200,15-17,193,74.24957912338628,34.5,13.3,17.9,Census Tract 4162
2017-2021,26161425000,total,4565,298,1858.0,121.3,40.7,Census Tract 4250
2017-2021,26161425000,0-4,74,47.50789408087881,30.1,19.3,40.7,Census Tract 4250
2017-2021,26161425000,5-9,168,96.26006440887103,68.4,39.2,40.7,Census Tract 4250
2017-2021,26161425000,10-14,234,100.0,95.2,40.7,40.7,Census Tract 4250
2017-2021,26161425000,15-17,375,151.34397906755328,152.6,61.6,40.7,Census Tract 4250
2017-2021,26161453000,total,5487,647,3917.7,462.0,71.4,Census Tract 4530
2017-2021,26161453000,0-4,167,73.824115301167,119.2,52.7,71.4,Census Tract 4530
2017-2021,26161453000,5-9,372,210.7225664232476,265.6,150.5,71.4,Census Tract 4530
2017-2021,26161453000,10-14,483,165.3027525481654,344.9,118.0,71.4,Census Tract 4530
2017-2021,26161453000,15-17,245,100.44899203078147,174.9,71.7,71.4,Census Tract 4530
2017-2021,26161455000,total,5074,603,1882.5,223.7,37.1,Census Tract 4550
2017-2021,26161455000,0-4,273,113.87712676389405,101.3,42.2,37.1,Census Tract 4550
2017-2021,26161455000,5-9,342,115.76268828944843,126.9,42.9,37.1,Census Tract 4550
2017-2021,26161455000,10-14,527,229.0261993746567,195.5,85.0,37.1,Census Tract 4550
2017-2021,26161455000,15-17,221,126.81088281373961,82.0,47.0,37.1,Census Tract 4550
2017-2021,26161456000,total,6166,556,6166.0,556.0,100.0,Census Tract 4560
2017-2021,26161456000,0-4,217,123.2233744059949,217.0,123.2,100.0,Census Tract 4560
2017-2021,26161456000,5-9,490,153.4438007871286,490.0,153.4,100.0,Census Tract 4560
2017-2021,26161456000,10-14,543,158.49290204927158,543.0,158.5,100.0,Census Tract 4560
2017-2021,26161456000,15-17,389,137.0109484676316,389.0,137.0,100.0,Census Tract 4560
2017-2021,26161461000,total,7494,283,696.9,26.3,9.3,Census Tract 4610
2017-2021,26161461000,0-4,375,144.49913494550754,34.9,13.4,9.3,Census Tract 4610
2017-2021,26161461000,5-9,477,163.6704005005181,44.4,15.2,9.3,Census Tract 4610
2017-2021,26161461000,10-14,489,160.90991268408544,45.5,15.0,9.3,Census Tract 4610
2017-2021,26161461000,15-17,274,100.20977996183805,25.5,9.3,9.3,Census Tract 4610
2017-2021,26161464000,total,7006,16,371.3,0.8,5.3,Census Tract 4640
2017-2021,26161464000,0-4,245,149.04026301640775,13.0,7.9,5.3,Census Tract 4640
2017-2021,26161464000,5-9,336,181.91481522954638,17.8,9.6,5.3,Census Tract 4640
2017-2021,26161464000,10-14,827,238.17010727629105,43.8,12.6,5.3,Census Tract 4640
2017-2021,26161464000,15-17,339,176.17321022221282,18.0,9.3,5.3,Census Tract 4640
2017-2021,26161466000,total,2447,299,367.1,44.9,15.0,Census Tract 4660
2017-2021,26161466000,0-4,88,46.75467891024383,13.2,7.0,15.0,Census Tract 4660
2017-2021,26161466000,5-9,106,63.63961030678928,15.9,9.5,15.0,Census Tract 4660
2017-2021,26161466000,10-14,191,85.04116650187719,28.6,12.8,15.0,Census Tract 4660
2017-2021,26161466000,15-17,107,56.36488268416781,16.1,8.5,15.0,Census Tract 4660
2017-2021,26161980101,total,4237,508,4237.0,508.0,100.0,Census Tract 9801.01
2017-2021,26161980101,0-4,0,15.556349186104045,0.0,15.6,100.0,Census Tract 9801.01
2017-2021,26161980101,5-9,0,15.556349186104045,0.0,15.6,100.0,Census Tract 9801.01
2017-2021,26161980101,10-14,0,15.556349186104045,0.0,15.6,100.0,Census Tract 9801.01
2017-2021,26161980101,15-17,43,44.01136216933077,43.0,44.0,100.0,Census Tract 9801.01
2017-2021,26161980102,total,3558,590,3558.0,590.0,100.0,Census Tract 9801.02
2017-2021,26161980102,0-4,0,15.556349186104045,0.0,15.6,100.0,Census Tract 9801.02
2017-2021,26161980102,5-9,0,15.556349186104045,0.0,15.6,100.0,Census Tract 9801.02
2017-2021,26161980102,10-14,0,15.556349186104045,0.0,15.6,100.0,Census Tract 9801.02
2017-2021,26161980102,15-17,54,43.01162633521313,54.0,43.0,100.0,Census Tract 9801.02
2017-2021,26161980200,total,0,11,0.0,8.1,73.3,Census Tract 9802
2017-2021,26161980200,0-4,0,15.556349186104045,0.0,11.4,73.3,Census Tract 9802
2017-2021,26161980200,5-9,0,15.556349186104045,0.0,11.4,73.3,Census Tract 9802
2017-2021,26161980200,10-14,0,15.556349186104045,0.0,11.4,73.3,Census Tract 9802
2017-2021,26161980200,15-17,0,15.556349186104045,0.0,11.4,73.3,Census Tract 9802
2017-2021,26161980400,total,0,11,0.0,11.0,100.0,Census Tract 9804
2017-2021,26161980400,0-4,0,15.556349186104045,0.0,15.6,100.0,Census Tract 9804
2017-2021,26161980400,5-9,0,15.556349186104045,0.0,15.6,100.0,Census Tract 9804
2017-2021,26161980400,10-14,0,15.556349186104045,0.0,15.6,100.0,Census Tract 9804
2017-2021,26161980400,15-17,0,15.556349186104045,0.0,15.6,100.0,Census Tract 9804
2018-2022,26161400100,total,1747,440,1747.0,440.0,100.0,Census Tract 4001
2018-2022,26161400100,0-4,0,15.556349186104045,0.0,15.6,100.0,Census Tract 4001
2018-2022,26161400100,5-9,0,15.556349186104045,0.0,15.6,100.0,Census Tract 4001
2018-2022,26161400100,10-14,8,17.029386365926403,8.0,17.0,100.0,Census Tract 4001
2018-2022,26161400100,15-17,0,15.556349186104045,0.0,15.6,100.0,Census Tract 4001
2018-2022,26161400300,total,5652,1057,5652.0,1057.0,100.0,Census Tract 4003
2018-2022,26161400300,0-4,0,21.213203435596427,0.0,21.2,100.0,Census Tract 4003
2018-2022,26161400300,5-9,0,21.213203435596427,0.0,21.2,100.0,Census Tract 4003
2018-2022,26161400300,10-14,0,21.213203435596427,0.0,21.2,100.0,Census Tract 4003
2018-2022,26161400300,15-17,16,26.627053911388696,16.0,26.6,100.0,Census Tract 4003
2018-2022,26161400400,total,3422,463,3422.0,463.0,100.0,Census Tract 4004
2018-2022,26161400400,0-4,79,39.44616584663204,79.0,39.4,100.0,Census Tract 4004
2018-2022,26161400400,5-9,206,87.6584280032445,206.0,87.7,100.0,Census Tract 4004
2018-2022,26161400400,10-14,76,48.83646178829911,76.0,48.8,100.0,Census Tract 4004
2018-2022,26161400400,15-17,55,38.948684188300895,55.0,38.9,100.0,Census Tract 4004
2018-2022,26161400500,total,7871,1000,7871.0,1000.0,100.0,Census Tract 4005
2018-2022,26161400500,0-4,15,27.459060435491963,15.0,27.5,100.0,Census Tract 4005
2018-2022,26161400500,5-9,0,21.213203435596427,0.0,21.2,100.0,Census Tract 4005
2018-2022,26161400500,10-14,0,21.213203435596427,0.0,21.2,100.0,Census Tract 4005
2018-2022,26161400500,15-17,9,15.132745950421558,9.0,15.1,100.0,Census Tract 4005
2018-2022,26161400600,total,4592,497,4592.0,497.0,100.0,Census Tract 4006
2018-2022,26161400600,0-4,219,112.2007130102122,219.0,112.2,100.0,Census Tract 4006
2018-2022,26161400600,5-9,85,51.73973328110612,85.0,51.7,100.0,Census Tract 4006
2018-2022,26161400600,10-14,92,56.08029957123981,92.0,56.1,100.0,Census Tract 4006
2018-2022,26161400600,15-17,118,65.19202405202648,118.0,65.2,100.0,Census Tract 4006
2018-2022,26161400700,total,3338,828,3338.0,828.0,100.0,Census Tract 4007
2018-2022,26161400700,0-4,97,53.0,97.0,53.0,100.0,Census Tract 4007
2018-2022,26161400700,5-9,54,34.98571136907181,54.0,35.0,100.0,Census Tract 4007
2018-2022,26161400700,10-14,36,32.756678708318404,36.0,32.8,100.0,Census Tract 4007
2018-2022,26161400700,15-17,35,40.71854614300467,35.0,40.7,100.0,Census Tract 4007
2018-2022,26161400800,total,3665,880,3665.0,880.0,100.0,Census Tract 4008
2018-2022,26161400800,0-4,0,15.556349186104045,0.0,15.6,100.0,Census Tract 4008
2018-2022,26161400800,5-9,0,15.556349186104045,0.0,15.6,100.0,Census Tract 4008
2018-2022,26161400800,10-14,0,15.556349186104045,0.0,15.6,100.0,Census Tract 4008
2018-2022,26161400800,15-17,0,15.556349186104045,0.0,15.6,100.0,Census Tract 4008
2018-2022,26161402100,total,2895,326,2895.0,326.0,100.0,Census Tract 4021
2018-2022,26161402100,0-4,100,95.75489543621255,100.0,95.8,100.0,Census Tract 4021
2018-2022,26161402100,5-9,25,25.495097567963924,25.0,25.5,100.0,Census Tract 4021
2018-2022,26161402100,10-14,107,60.37383539249432,107.0,60.4,100.0,Census Tract 4021
2018-2022,26161402100,15-17,58,60.41522986797286,58.0,60.4,100.0,Census Tract 4021
2018-2022,26161402201,total,4741,561,4741.0,561.0,100.0,Census Tract 4022.01
2018-2022,26161402201,0-4,0,15.556349186104045,0.0,15.6,100.0,Census Tract 4022.01
2018-2022,26161402201,5-9,5,11.180339887498949,5.0,11.2,100.0,Census Tract 4022.01
2018-2022,26161402201,10-14,3,12.083045973594574,3.0,12.1,100.0,Census Tract 4022.01
2018-2022,26161402201,15-17,41,39.0,41.0,39.0,100.0,Census Tract 4022.01
2018-2022,26161402300,total,2783,310,2783.0,310.0,100.0,Census Tract 4023
2018-2022,26161402300,0-4,84,49.20365840057018,84.0,49.2,100.0,Census Tract 4023
2018-2022,26161402300,5-9,44,35.80502757993631,44.0,35.8,100.0,Census Tract 4023
2018-2022,26161402300,10-14,132,63.07138812488592,132.0,63.1,100.0,Census Tract 4023
2018-2022,26161402300,15-17,64,40.71854614300467,64.0,40.7,100.0,Census Tract 4023
2018-2022,26161402500,total,2418,290,2418.0,290.0,100.0,Census Tract 4025
2018-2022,26161402500,0-4,142,59.90826320300064,142.0,59.9,100.0,Census Tract 4025
2018-2022,26161402500,5-9,137,55.44366510251645,137.0,55.4,100.0,Census Tract 4025
2018-2022,26161402500,10-14,171,107.91200118615167,171.0,107.9,100.0,Census Tract 4025
2018-2022,26161402500,15-17,24,26.400757564888174,24.0,26.4,100.0,Census Tract 4025
2018-2022,26161402601,total,2886,250,2886.0,250.0,100.0,Census Tract 4026.01
2018-2022,26161402601,0-4,187,70.76722405181653,187.0,70.8,100.0,Census Tract 4026.01
2018-2022,26161402601,5-9,103,50.80354318352216,103.0,50.8,100.0,Census Tract 4026.01
2018-2022,26161402601,10-14,83,52.839379254491625,83.0,52.8,100.0,Census Tract 4026.01
2018-2022,26161402601,15-17,12,17.804493814764857,12.0,17.8,100.0,Census Tract 4026.01
2018-2022,26161402700,total,5427,666,5427.0,666.0,100.0,Census Tract 4027
2018-2022,26161402700,0-4,330,141.99295757184578,330.0,142.0,100.0,Census Tract 4027
2018-2022,26161402700,5-9,182,96.93812459502195,182.0,96.9,100.0,Census Tract 4027
2018-2022,26161402700,10-14,265,128.4562182223967,265.0,128.5,100.0,Census Tract 4027
2018-2022,26161402700,15-17,229,95.96353474106714,229.0,96.0,100.0,Census Tract 4027
2018-2022,26161403100,total,1547,267,1547.0,267.0,100.0,Census Tract 4031
2018-2022,26161403100,0-4,64,32.01562118716424,64.0,32.0,100.0,Census Tract 4031
2018-2022,26161403100,5-9,76,31.11269837220809,76.0,31.1,100.0,Census Tract 4031
2018-2022,26161403100,10-14,106,40.71854614300467,106.0,40.7,100.0,Census Tract 4031
2018-2022,26161403100,15-17,113,35.608987629529715,113.0,35.6,100.0,Census Tract 4031
2018-2022,26161403200,total,3347,433,3347.0,433.0,100.0,Census Tract 4032
2018-2022,26161403200,0-4,145,83.7376856618333,145.0,83.7,100.0,Census Tract 4032
2018-2022,26161403200,5-9,150,63.50590523722971,150.0,63.5,100.0,Census Tract 4032
2018-2022,26161403200,10-14,200,68.59300255857006,200.0,68.6,100.0,Census Tract 4032
2018-2022,26161403200,15-17,122,70.178344238091,122.0,70.2,100.0,Census Tract 4032
2018-2022,26161403300,total,3943,367,3943.0,367.0,100.0,Census Tract 4033
2018-2022,26161403300,0-4,266,123.43824366864591,266.0,123.4,100.0,Census Tract 4033
2018-2022,26161403300,5-9,228,118.47362575695908,228.0,118.5,100.0,Census Tract 4033
2018-2022,26161403300,10-14,263,126.08727136392477,263.0,126.1,100.0,Census Tract 4033
2018-2022,26161403300,15-17,109,63.69458375717672,109.0,63.7,100.0,Census Tract 4033
2018-2022,26161403400,total,2847,217,2847.0,217.0,100.0,Census Tract 4034
2018-2022,26161403400,0-4,164,79.90619500389191,164.0,79.9,100.0,Census Tract 4034
2018-2022,26161403400,5-9,131,51.10772935672255,131.0,51.1,100.0,Census Tract 4034
2018-2022,26161403400,10-14,161,65.79513659838393,161.0,65.8,100.0,Census Tract 4034
2018-2022,26161403400,15-17,124,47.50789408087881,124.0,47.5,100.0,Census Tract 4034
2018-2022,26161403500,total,2742,235,2742.0,235.0,100.0,Census Tract 4035
2018-2022,26161403500,0-4,108,52.630789467763066,108.0,52.6,100.0,Census Tract 4035
2018-2022,26161403500,5-9,89,60.90155991434045,89.0,60.9,100.0,Census Tract 4035
2018-2022,26161403500,10-14,77,41.773197148410844,77.0,41.8,100.0,Census Tract 4035
2018-2022,26161403500,15-17,67,47.43416490252569,67.0,47.4,100.0,Census Tract 4035
2018-2022,26161403600,total,5777,700,5777.0,700.0,100.0,Census Tract 4036
2018-2022,26161403600,0-4,271,143.96180048887967,271.0,144.0,100.0,Census Tract 4036
2018-2022,26161403600,5-9,238,151.4859729479928,238.0,151.5,100.0,Census Tract 4036
2018-2022,26161403600,10-14,168,81.40024569987489,168.0,81.4,100.0,Census Tract 4036
2018-2022,26161403600,15-17,120,86.31338250816034,120.0,86.3,100.0,Census Tract 4036
2018-2022,26161403800,total,3094,326,3094.0,326.0,100.0,Census Tract 4038
2018-2022,26161403800,0-4,111,61.294371682887814,111.0,61.3,100.0,Census Tract 4038
2018-2022,26161403800,5-9,81,47.53945729601885,81.0,47.5,100.0,Census Tract 4038
2018-2022,26161403800,10-14,228,111.35977729862788,228.0,111.4,100.0,Census Tract 4038
2018-2022,26161403800,15-17,47,38.91015291668744,47.0,38.9,100.0,Census Tract 4038
2018-2022,26161404100,total,3208,334,3208.0,334.0,100.0,Census Tract 4041
2018-2022,26161404100,0-4,238,74.51845409024533,238.0,74.5,100.0,Census Tract 4041
2018-2022,26161404100,5-9,124,53.81449618829484,124.0,53.8,100.0,Census Tract 4041
2018-2022,26161404100,10-14,146,81.88406438373708,146.0,81.9,100.0,Census Tract 4041
2018-2022,26161404100,15-17,70,49.64876634922564,70.0,49.6,100.0,Census Tract 4041
2018-2022,26161404200,total,1950,262,1950.0,262.0,100.0,Census Tract 4042
2018-2022,26161404200,0-4,97,70.45565981523414,97.0,70.5,100.0,Census Tract 4042
2018-2022,26161404200,5-9,109,59.90826320300064,109.0,59.9,100.0,Census Tract 4042
2018-2022,26161404200,10-14,83,57.801384066473695,83.0,57.8,100.0,Census Tract 4042
2018-2022,26161404200,15-17,42,32.526911934581186,42.0,32.5,100.0,Census Tract 4042
2018-2022,26161404300,total,2783,332,2783.0,332.0,100.0,Census Tract 4043
2018-2022,26161404300,0-4,169,53.75872022286245,169.0,53.8,100.0,Census Tract 4043
2018-2022,26161404300,5-9,117,55.17245689653489,117.0,55.2,100.0,Census Tract 4043
2018-2022,26161404300,10-14,154,81.8413098624405,154.0,81.8,100.0,Census Tract 4043
2018-2022,26161404300,15-17,183,102.48902380255166,183.0,102.5,100.0,Census Tract 4043
2018-2022,26161404400,total,2184,267,2184.0,267.0,100.0,Census Tract 4044
2018-2022,26161404400,0-4,235,99.02019995940222,235.0,99.0,100.0,Census Tract 4044
2018-2022,26161404400,5-9,74,33.83784863137726,74.0,33.8,100.0,Census Tract 4044
2018-2022,26161404400,10-14,142,49.4064773081425,142.0,49.4,100.0,Census Tract 4044
2018-2022,26161404400,15-17,50,24.698178070456937,50.0,24.7,100.0,Census Tract 4044
2018-2022,26161404500,total,3990,471,3990.0,471.0,100.0,Census Tract 4045
2018-2022,26161404500,0-4,91,63.28506932918696,91.0,63.3,100.0,Census Tract 4045
2018-2022,26161404500,5-9,89,80.77747210701756,89.0,80.8,100.0,Census Tract 4045
2018-2022,26161404500,10-14,48,45.0,48.0,45.0,100.0,Census Tract 4045
2018-2022,26161404500,15-17,43,44.553338819890925,43.0,44.6,100.0,Census Tract 4045
2018-2022,26161404600,total,5355,578,5355.0,578.0,100.0,Census Tract 4046
2018-2022,26161404600,0-4,180,99.03534722511958,180.0,99.0,100.0,Census Tract 4046
2018-2022,26161404600,5-9,170,100.00499987500625,170.0,100.0,100.0,Census Tract 4046
2018-2022,26161404600,10-14,193,90.02777349240623,193.0,90.0,100.0,Census Tract 4046
2018-2022,26161404600,15-17,56,52.0,56.0,52.0,100.0,Census Tract 4046
2018-2022,26161405100,total,1953,355,1953.0,355.0,100.0,Census Tract 4051
2018-2022,26161405100,0-4,110,84.59905436823747,110.0,84.6,100.0,Census Tract 4051
2018-2022,26161405100,5-9,37,64.93843238021687,37.0,64.9,100.0,Census Tract 4051
2018-2022,26161405100,10-14,96,67.72001181334805,96.0,67.7,100.0,Census Tract 4051
2018-2022,26161405100,15-17,38,39.84971769034255,38.0,39.8,100.0,Census Tract 4051
2018-2022,26161405200,total,4944,584,4944.0,584.0,100.0,Census Tract 4052
2018-2022,26161405200,0-4,212,117.29023829799307,212.0,117.3,100.0,Census Tract 4052
2018-2022,26161405200,5-9,326,127.76932339180638,326.0,127.8,100.0,Census Tract 4052
2018-2022,26161405200,10-14,140,85.07055894961546,140.0,85.1,100.0,Census Tract 4052
2018-2022,26161405200,15-17,81,56.356011214421486,81.0,56.4,100.0,Census Tract 4052
2018-2022,26161405300,total,5044,453,5044.0,453.0,100.0,Census Tract 4053
2018-2022,26161405300,0-4,236,95.96353474106714,236.0,96.0,100.0,Census Tract 4053
2018-2022,26161405300,5-9,324,102.53292154230269,324.0,102.5,100.0,Census Tract 4053
2018-2022,26161405300,10-14,413,112.2007130102122,413.0,112.2,100.0,Census Tract 4053
2018-2022,26161405300,15-17,207,88.60022573334676,207.0,88.6,100.0,Census Tract 4053
2018-2022,26161405400,total,2229,338,2229.0,338.0,100.0,Census Tract 4054
2018-2022,26161405400,0-4,120,53.25410782277739,120.0,53.3,100.0,Census Tract 4054
2018-2022,26161405400,5-9,104,55.03635162326805,104.0,55.0,100.0,Census Tract 4054
2018-2022,26161405400,10-14,159,114.10959644131601,159.0,114.1,100.0,Census Tract 4054
2018-2022,26161405400,15-17,33,25.455844122715707,33.0,25.5,100.0,Census Tract 4054
2018-2022,26161405500,total,2682,323,2682.0,323.0,100.0,Census Tract 4055
2018-2022,26161405500,0-4,180,65.29931086925804,180.0,65.3,100.0,Census Tract 4055
2018-2022,26161405500,5-9,147,69.85699678629193,147.0,69.9,100.0,Census Tract 4055
2018-2022,26161405500,10-14,85,50.11985634456667,85.0,50.1,100.0,Census Tract 4055
2018-2022,26161405500,15-17,43,32.756678708318404,43.0,32.8,100.0,Census Tract 4055
2018-2022,26161405600,total,4477,639,4477.0,639.0,100.0,Census Tract 4056
2018-2022,26161405600,0-4,548,195.020511741714,548.0,195.0,100.0,Census Tract 4056
2018-2022,26161405600,5-9,343,125.25573839150046,343.0,125.3,100.0,Census Tract 4056
2018-2022,26161405600,10-14,195,92.78469701410894,195.0,92.8,100.0,Census Tract 4056
2018-2022,26161405600,15-17,95,55.00909015790026,95.0,55.0,100.0,Census Tract 4056
2018-2022,26161406000,total,3811,196,3811.0,196.0,100.0,Census Tract 4060
2018-2022,26161406000,0-4,172,90.02777349240623,172.0,90.0,100.0,Census Tract 4060
2018-2022,26161406000,5-9,248,98.79271228182775,248.0,98.8,100.0,Census Tract 4060
2018-2022,26161406000,10-14,275,97.6165969494942,275.0,97.6,100.0,Census Tract 4060
2018-2022,26161406000,15-17,165,81.60882305241266,165.0,81.6,100.0,Census Tract 4060
2018-2022,26161407000,total,5301,478,1818.2,164.0,34.3,Census Tract 4070
2018-2022,26161407000,0-4,196,83.52843827104635,67.2,28.7,34.3,Census Tract 4070
2018-2022,26161407000,5-9,344,98.18350166906862,118.0,33.7,34.3,Census Tract 4070
2018-2022,26161407000,10-14,356,110.1135777277262,122.1,37.8,34.3,Census Tract 4070
2018-2022,26161407000,15-17,332,137.92751719653336,113.9,47.3,34.3,Census Tract 4070
2018-2022,26161414000,total,3925,645,3925.0,645.0,100.0,Census Tract 4140
2018-2022,26161414000,0-4,358,158.22136391777187,358.0,158.2,100.0,Census Tract 4140
2018-2022,26161414000,5-9,277,143.45033983926282,277.0,143.5,100.0,Census Tract 4140
2018-2022,26161414000,10-14,188,131.24404748406687,188.0,131.2,100.0,Census Tract 4140
2018-2022,26161414000,15-17,141,103.24727599312246,141.0,103.2,100.0,Census Tract 4140
2018-2022,26161414200,total,2897,412,2897.0,412.0,100.0,Census Tract 4142
2018-2022,26161414200,0-4,144,76.15773105863909,144.0,76.2,100.0,Census Tract 4142
2018-2022,26161414200,5-9,32,39.0,32.0,39.0,100.0,Census Tract 4142
2018-2022,26161414200,10-14,193,94.15412895885129,193.0,94.2,100.0,Census Tract 4142
2018-2022,26161414200,15-17,135,74.24284477308233,135.0,74.2,100.0,Census Tract 4142
2018-2022,26161414300,total,3206,376,3206.0,376.0,100.0,Census Tract 4143
2018-2022,26161414300,0-4,154,87.04596486914257,154.0,87.0,100.0,Census Tract 4143
2018-2022,26161414300,5-9,178,89.89994438263018,178.0,89.9,100.0,Census Tract 4143
2018-2022,26161414300,10-14,118,73.06161783043132,118.0,73.1,100.0,Census Tract 4143
2018-2022,26161414300,15-17,130,89.5377015563835,130.0,89.5,100.0,Census Tract 4143
2018-2022,26161414500,total,2872,438,2872.0,438.0,100.0,Census Tract 4145
2018-2022,26161414500,0-4,187,53.25410782277739,187.0,53.3,100.0,Census Tract 4145
2018-2022,26161414500,5-9,174,52.15361924162119,174.0,52.2,100.0,Census Tract 4145
2018-2022,26161414500,10-14,188,66.21933252457322,188.0,66.2,100.0,Census Tract 4145
2018-2022,26161414500,15-17,88,37.013511046643494,88.0,37.0,100.0,Census Tract 4145
2018-2022,26161414700,total,1814,252,1814.0,252.0,100.0,Census Tract 4147
2018-2022,26161414700,0-4,64,34.928498393145965,64.0,34.9,100.0,Census Tract 4147
2018-2022,26161414700,5-9,45,31.240998703626616,45.0,31.2,100.0,Census Tract 4147
2018-2022,26161414700,10-14,47,38.28837943815329,47.0,38.3,100.0,Census Tract 4147
2018-2022,26161414700,15-17,37,25.455844122715707,37.0,25.5,100.0,Census Tract 4147
2018-2022,26161414900,total,3442,392,3442.0,392.0,100.0,Census Tract 4149
2018-2022,26161414900,0-4,179,64.20280367709809,179.0,64.2,100.0,Census Tract 4149
2018-2022,26161414900,5-9,199,74.2024258363566,199.0,74.2,100.0,Census Tract 4149
2018-2022,26161414900,10-14,160,72.86288492778748,160.0,72.9,100.0,Census Tract 4149
2018-2022,26161414900,15-17,114,62.80127387243033,114.0,62.8,100.0,Census Tract 4149
2018-2022,26161415200,total,2600,321,2600.0,321.0,100.0,Census Tract 4152
2018-2022,26161415200,0-4,128,58.008620049092706,128.0,58.0,100.0,Census Tract 4152
2018-2022,26161415200,5-9,68,43.56604182158394,68.0,43.6,100.0,Census Tract 4152
2018-2022,26161415200,10-14,100,56.3205113613149,100.0,56.3,100.0,Census Tract 4152
2018-2022,26161415200,15-17,109,68.60029154456998,109.0,68.6,100.0,Census Tract 4152
2018-2022,26161415400,total,1823,228,1277.9,159.8,70.1,Census Tract 4154
2018-2022,26161415400,0-4,124,45.80392996239515,86.9,32.1,70.1,Census Tract 4154
2018-2022,26161415400,5-9,58,30.4138126514911,40.7,21.3,70.1,Census Tract 4154
2018-2022,26161415400,10-14,109,45.48626166217664,76.4,31.9,70.1,Census Tract 4154
2018-2022,26161415400,15-17,24,18.02775637731995,16.8,12.6,70.1,Census Tract 4154
2018-2022,26161415800,total,3641,481,1412.7,186.6,38.8,Census Tract 4158
2018-2022,26161415800,0-4,88,69.33974329343886,34.1,26.9,38.8,Census Tract 4158
2018-2022,26161415800,5-9,191,84.05950273467005,74.1,32.6,38.8,Census Tract 4158
2018-2022,26161415800,10-14,313,156.08010763707208,121.4,60.6,38.8,Census Tract 4158
2018-2022,26161415800,15-17,156,84.15461959987698,60.5,32.7,38.8,Census Tract 4158
2018-2022,26161416000,total,3222,437,3222.0,437.0,100.0,Census Tract 4160
2018-2022,26161416000,0-4,235,102.57680049601859,235.0,102.6,100.0,Census Tract 4160
2018-2022,26161416000,5-9,219,77.8331548891602,219.0,77.8,100.0,Census Tract 4160
2018-2022,26161416000,10-14,268,122.9186723000212,268.0,122.9,100.0,Census Tract 4160
2018-2022,26161416000,15-17,63,44.721359549995796,63.0,44.7,100.0,Census Tract 4160
2018-2022,26161416200,total,5595,613,1001.5,109.7,17.9,Census Tract 4162
2018-2022,26161416200,0-4,287,148.5563866011825,51.4,26.6,17.9,Census Tract 4162
2018-2022,26161416200,5-9,337,115.43396380615194,60.3,20.7,17.9,Census Tract 4162
2018-2022,26161416200,10-14,472,180.96684779262748,84.5,32.4,17.9,Census Tract 4162
2018-2022,26161416200,15-17,193,72.91776189653656,34.5,13.1,17.9,Census Tract 4162
2018-2022,26161425000,total,4419,278,1798.5,113.1,40.7,Census Tract 4250
2018-2022,26161425000,0-4,81,55.97320787662612,33.0,22.8,40.7,Census Tract 4250
2018-2022,26161425000,5-9,193,101.31633629380802,78.6,41.2,40.7,Census Tract 4250
2018-2022,26161425000,10-14,204,117.00000000000001,83.0,47.6,40.7,Census Tract 4250
2018-2022,26161425000,15-17,345,151.21177202850313,140.4,61.5,40.7,Census Tract 4250
2018-2022,26161453000,total,5419,612,3869.2,437.0,71.4,Census Tract 4530
2018-2022,26161453000,0-4,166,71.69379331573968,118.5,51.2,71.4,Census Tract 4530
2018-2022,26161453000,5-9,293,189.97368238785077,209.2,135.6,71.4,Census Tract 4530
2018-2022,26161453000,10-14,551,178.96647730790258,393.4,127.8,71.4,Census Tract 4530
2018-2022,26161453000,15-17,257,118.69709347747315,183.5,84.7,71.4,Census Tract 4530
2018-2022,26161455000,total,5056,561,1875.8,208.1,37.1,Census Tract 4550
2018-2022,26161455000,0-4,275,109.59014554237986,102.0,40.7,37.1,Census Tract 4550
2018-2022,26161455000,5-9,356,118.70130580579138,132.1,44.0,37.1,Census Tract 4550
2018-2022,26161455000,10-14,490,231.29418496797535,181.8,85.8,37.1,Census Tract 4550
2018-2022,26161455000,15-17,234,121.46192819151193,86.8,45.1,37.1,Census Tract 4550
2018-2022,26161456000,total,5979,509,5979.0,509.0,100.0,Census Tract 4560
2018-2022,26161456000,0-4,204,111.50336317797775,204.0,111.5,100.0,Census Tract 4560
2018-2022,26161456000,5-9,394,152.73506473629428,394.0,152.7,100.0,Census Tract 4560
2018-2022,26161456000,10-14,564,157.69908052997644,564.0,157.7,100.0,Census Tract 4560
2018-2022,26161456000,15-17,363,133.6899397860587,363.0,133.7,100.0,Census Tract 4560
2018-2022,26161461000,total,7444,297,692.3,27.6,9.3,Census Tract 4610
2018-2022,26161461000,0-4,311,115.20850663036997,28.9,10.7,9.3,Census Tract 4610
2018-2022,26161461000,5-9,511,169.80577139779436,47.5,15.8,9.3,Census Tract 4610
2018-2022,26161461000,10-14,458,146.81961721786362,42.6,13.7,9.3,Census Tract 4610
2018-2022,26161461000,15-17,335,107.33592129385205,31.2,10.0,9.3,Census Tract 4610
2018-2022,26161464000,total,6973,22,369.6,1.2,5.3,Census Tract 4640
2018-2022,26161464000,0-4,250,125.60652849274994,13.2,6.7,5.3,Census Tract 4640
2018-2022,26161464000,5-9,508,219.53131895016713,26.9,11.6,5.3,Census Tract 4640
2018-2022,26161464000,10-14,750,229.73027662891977,39.8,12.2,5.3,Census Tract 4640
2018-2022,26161464000,15-17,361,176.64653973401232,19.1,9.4,5.3,Census Tract 4640
2018-2022,26161466000,total,2583,265,387.4,39.8,15.0,Census Tract 4660
2018-2022,26161466000,0-4,96,53.2634959423431,14.4,8.0,15.0,Census Tract 4660
2018-2022,26161466000,5-9,126,66.06814663663572,18.9,9.9,15.0,Census Tract 4660
2018-2022,26161466000,10-14,104,60.40695324215583,15.6,9.1,15.0,Census Tract 4660
2018-2022,26161466000,15-17,133,69.1158447825099,19.9,10.4,15.0,Census Tract 4660
2018-2022,26161980101,total,4233,421,4233.0,421.0,100.0,Census Tract 9801.01
2018-2022,26161980101,0-4,0,15.556349186104045,0.0,15.6,100.0,Census Tract 9801.01
2018-2022,26161980101,5-9,0,15.556349186104045,0.0,15.6,100.0,Census Tract 9801.01
2018-2022,26161980101,10-14,0,15.556349186104045,0.0,15.6,100.0,Census Tract 9801.01
2018-2022,26161980101,15-17,28,30.016662039607272,28.0,30.0,100.0,Census Tract 9801.01
2018-2022,26161980102,total,3428,445,3428.0,445.0,100.0,Census Tract 9801.02
2018-2022,26161980102,0-4,0,15.556349186104045,0.0,15.6,100.0,Census Tract 9801.02
2018-2022,26161980102,5-9,0,15.556349186104045,0.0,15.6,100.0,Census Tract 9801.02
2018-2022,26161980102,10-14,0,15.556349186104045,0.0,15.6,100.0,Census Tract 9801.02
2018-2022,26161980102,15-17,60,47.16990566028302,60.0,47.2,100.0,Census Tract 9801.02
2018-2022,26161980200,total,0,11,0.0,8.1,73.3,Census Tract 9802
2018-2022,26161980200,0-4,0,15.556349186104045,0.0,11.4,73.3,Census Tract 9802
2018-2022,26161980200,5-9,0,15.556349186104045,0.0,11.4,73.3,Census Tract 9802
2018-2022,26161980200,10-14,0,15.556349186104045,0.0,11.4,73.3,Census Tract 9802
2018-2022,26161980200,15-17,0,15.556349186104045,0.0,11.4,73.3,Census Tract 9802
2018-2022,26161980400,total,0,11,0.0,11.0,100.0,Census Tract 9804
2018-2022,26161980400,0-4,0,15.556349186104045,0.0,15.6,100.0,Census Tract 9804
2018-2022,26161980400,5-9,0,15.556349186104045,0.0,15.6,100.0,Census Tract 9804
2018-2022,26161980400,10-14,0,15.556349186104045,0.0,15.6,100.0,Census Tract 9804
2018-2022,26161980400,15-17,0,15.556349186104045,0.0,15.6,100.0,Census Tract 9804
2019-2023,26161400100,total,1634,412,1634.0,412.0,100.0,Census Tract 4001
2019-2023,26161400100,0-4,0,15.556349186104045,0.0,15.6,100.0,Census Tract 4001
2019-2023,26161400100,5-9,1,11.401754250991381,1.0,11.4,100.0,Census Tract 4001
2019-2023,26161400100,10-14,9,17.804493814764857,9.0,17.8,100.0,Census Tract 4001
2019-2023,26161400100,15-17,0,15.556349186104045,0.0,15.6,100.0,Census Tract 4001
2019-2023,26161400300,total,4922,1073,4922.0,1073.0,100.0,Census Tract 4003
2019-2023,26161400300,0-4,0,15.556349186104045,0.0,15.6,100.0,Census Tract 4003
2019-2023,26161400300,5-9,0,15.556349186104045,0.0,15.6,100.0,Census Tract 4003
2019-2023,26161400300,10-14,0,15.556349186104045,0.0,15.6,100.0,Census Tract 4003
2019-2023,26161400300,15-17,11,15.231546211727816,11.0,15.2,100.0,Census Tract 4003
2019-2023,26161400400,total,3333,485,3333.0,485.0,100.0,Census Tract 4004
2019-2023,26161400400,0-4,58,39.59797974644666,58.0,39.6,100.0,Census Tract 4004
2019-2023,26161400400,5-9,189,85.95929269136641,189.0,86.0,100.0,Census Tract 4004
2019-2023,26161400400,10-14,119,57.48912940721924,119.0,57.5,100.0,Census Tract 4004
2019-2023,26161400400,15-17,66,41.86884283091665,66.0,41.9,100.0,Census Tract 4004
2019-2023,26161400500,total,7588,1212,7588.0,1212.0,100.0,Census Tract 4005
2019-2023,26161400500,0-4,19,32.64965543462901,19.0,32.6,100.0,Census Tract 4005
2019-2023,26161400500,5-9,0,21.213203435596427,0.0,21.2,100.0,Census Tract 4005
2019-2023,26161400500,10-14,0,21.213203435596427,0.0,21.2,100.0,Census Tract 4005
2019-2023,26161400500,15-17,0,21.213203435596427,0.0,21.2,100.0,Census Tract 4005
2019-2023,26161400600,total,4410,602,4410.0,602.0,100.0,Census Tract 4006
2019-2023,26161400600,0-4,195,108.81176406988357,195.0,108.8,100.0,Census Tract 4006
2019-2023,26161400600,5-9,135,79.39773296511684,135.0,79.4,100.0,Census Tract 4006
2019-2023,26161400600,10-14,133,74.33034373659252,133.0,74.3,100.0,Census Tract 4006
2019-2023,26161400600,15-17,115,71.40028011149538,115.0,71.4,100.0,Census Tract 4006
2019-2023,26161400700,total,3337,838,3337.0,838.0,100.0,Census Tract 4007
2019-2023,26161400700,0-4,92,94.25497334358543,92.0,94.3,100.0,Census Tract 4007
2019-2023,26161400700,5-9,51,34.132096331752024,51.0,34.1,100.0,Census Tract 4007
2019-2023,26161400700,10-14,49,35.38361202590826,49.0,35.4,100.0,Census Tract 4007
2019-2023,26161400700,15-17,46,57.245087125446844,46.0,57.2,100.0,Census Tract 4007
2019-2023,26161400800,total,4005,863,4005.0,863.0,100.0,Census Tract 4008
2019-2023,26161400800,0-4,29,34.785054261852174,29.0,34.8,100.0,Census Tract 4008
2019-2023,26161400800,5-9,0,15.556349186104045,0.0,15.6,100.0,Census Tract 4008
2019-2023,26161400800,10-14,7,3.1622776601683795,7.0,3.2,100.0,Census Tract 4008
2019-2023,26161400800,15-17,47,38.28837943815329,47.0,38.3,100.0,Census Tract 4008
2019-2023,26161402100,total,2945,409,2945.0,409.0,100.0,Census Tract 4021
2019-2023,26161402100,0-4,124,101.39033484509261,124.0,101.4,100.0,Census Tract 4021
2019-2023,26161402100,5-9,29,26.400757564888174,29.0,26.4,100.0,Census Tract 4021
2019-2023,26161402100,10-14,94,50.911688245431414,94.0,50.9,100.0,Census Tract 4021
2019-2023,26161402100,15-17,1,15.556349186104045,1.0,15.6,100.0,Census Tract 4021
2019-2023,26161402201,total,4389,562,4389.0,562.0,100.0,Census Tract 4022.01
2019-2023,26161402201,0-4,0,15.556349186104045,0.0,15.6,100.0,Census Tract 4022.01
2019-2023,26161402201,5-9,7,10.295630140986999,7.0,10.3,100.0,Census Tract 4022.01
2019-2023,26161402201,10-14,4,12.083045973594574,4.0,12.1,100.0,Census Tract 4022.01
2019-2023,26161402201,15-17,40,36.400549446402586,40.0,36.4,100.0,Census Tract 4022.01
2019-2023,26161402300,total,2698,312,2698.0,312.0,100.0,Census Tract 4023
2019-2023,26161402300,0-4,77,50.20956084253277,77.0,50.2,100.0,Census Tract 4023
2019-2023,26161402300,5-9,37,29.68164415931166,37.0,29.7,100.0,Census Tract 4023
2019-2023,26161402300,10-14,112,53.851648071345046,112.0,53.9,100.0,Census Tract 4023
2019-2023,26161402300,15-17,106,57.4543296888929,106.0,57.5,100.0,Census Tract 4023
2019-2023,26161402500,total,2441,300,2441.0,300.0,100.0,Census Tract 4025
2019-2023,26161402500,0-4,129,67.23094525588644,129.0,67.2,100.0,Census Tract 4025
2019-2023,26161402500,5-9,158,61.294371682887814,158.0,61.3,100.0,Census Tract 4025
2019-2023,26161402500,10-14,168,105.84894897919393,168.0,105.8,100.0,Census Tract 4025
2019-2023,26161402500,15-17,20,25.495097567963924,20.0,25.5,100.0,Census Tract 4025
2019-2023,26161402601,total,2806,259,2806.0,259.0,100.0,Census Tract 4026.01
2019-2023,26161402601,0-4,207,73.0,207.0,73.0,100.0,Census Tract 4026.01
2019-2023,26161402601,5-9,108,50.774009099144415,108.0,50.8,100.0,Census Tract 4026.01
2019-2023,26161402601,10-14,84,51.07837115648854,84.0,51.1,100.0,Census Tract 4026.01
2019-2023,26161402601,15-17,17,18.601075237738275,17.0,18.6,100.0,Census Tract 4026.01
2019-2023,26161402700,total,5544,680,5544.0,680.0,100.0,Census Tract 4027
2019-2023,26161402700,0-4,298,115.10864433221339,298.0,115.1,100.0,Census Tract 4027
2019-2023,26161402700,5-9,184,79.51100552753688,184.0,79.5,100.0,Census Tract 4027
2019-2023,26161402700,10-14,376,176.6182323544203,376.0,176.6,100.0,Census Tract 4027
2019-2023,26161402700,15-17,188,88.75246475450696,188.0,88.8,100.0,Census Tract 4027
2019-2023,26161403100,total,1520,287,1520.0,287.0,100.0,Census Tract 4031
2019-2023,26161403100,0-4,76,36.124783736376884,76.0,36.1,100.0,Census Tract 4031
2019-2023,26161403100,5-9,80,34.132096331752024,80.0,34.1,100.0,Census Tract 4031
2019-2023,26161403100,10-14,78,37.20215047547655,78.0,37.2,100.0,Census Tract 4031
2019-2023,26161403100,15-17,88,33.24154027718932,88.0,33.2,100.0,Census Tract 4031
2019-2023,26161403200,total,3342,427,3342.0,427.0,100.0,Census Tract 4032
2019-2023,26161403200,0-4,181,89.81091247727082,181.0,89.8,100.0,Census Tract 4032
2019-2023,26161403200,5-9,185,76.02631123499286,185.0,76.0,100.0,Census Tract 4032
2019-2023,26161403200,10-14,232,80.62257748298549,232.0,80.6,100.0,Census Tract 4032
2019-2023,26161403200,15-17,41,34.539832078341085,41.0,34.5,100.0,Census Tract 4032
2019-2023,26161403300,total,3833,351,3833.0,351.0,100.0,Census Tract 4033
2019-2023,26161403300,0-4,302,98.22932352408827,302.0,98.2,100.0,Census Tract 4033
2019-2023,26161403300,5-9,226,111.61541112229976,226.0,111.6,100.0,Census Tract 4033
2019-2023,26161403300,10-14,204,106.9298835686264,204.0,106.9,100.0,Census Tract 4033
2019-2023,26161403300,15-17,92,58.13776741499453,92.0,58.1,100.0,Census Tract 4033
2019-2023,26161403400,total,2837,227,2837.0,227.0,100.0,Census Tract 4034
2019-2023,26161403400,0-4,131,69.33974329343886,131.0,69.3,100.0,Census Tract 4034
2019-2023,26161403400,5-9,149,55.60575509783138,149.0,55.6,100.0,Census Tract 4034
2019-2023,26161403400,10-14,189,54.817880294662984,189.0,54.8,100.0,Census Tract 4034
2019-2023,26161403400,15-17,88,38.948684188300895,88.0,38.9,100.0,Census Tract 4034
2019-2023,26161403500,total,2759,269,2759.0,269.0,100.0,Census Tract 4035
2019-2023,26161403500,0-4,106,53.0,106.0,53.0,100.0,Census Tract 4035
2019-2023,26161403500,5-9,71,46.872166581031856,71.0,46.9,100.0,Census Tract 4035
2019-2023,26161403500,10-14,122,45.967379738244816,122.0,46.0,100.0,Census Tract 4035
2019-2023,26161403500,15-17,65,38.48376280978771,65.0,38.5,100.0,Census Tract 4035
2019-2023,26161403600,total,5448,665,5448.0,665.0,100.0,Census Tract 4036
2019-2023,26161403600,0-4,238,146.76852523616907,238.0,146.8,100.0,Census Tract 4036
2019-2023,26161403600,5-9,215,137.2953021774598,215.0,137.3,100.0,Census Tract 4036
2019-2023,26161403600,10-14,210,107.20074626605917,210.0,107.2,100.0,Census Tract 4036
2019-2023,26161403600,15-17,120,103.0970416646375,120.0,103.1,100.0,Census Tract 4036
2019-2023,26161403800,total,3241,411,3241.0,411.0,100.0,Census Tract 4038
2019-2023,26161403800,0-4,125,78.39005038906404,125.0,78.4,100.0,Census Tract 4038
2019-2023,26161403800,5-9,98,57.201398584300364,98.0,57.2,100.0,Census Tract 4038
2019-2023,26161403800,10-14,233,110.9819805193618,233.0,111.0,100.0,Census Tract 4038
2019-2023,26161403800,15-17,39,36.235341863986875,39.0,36.2,100.0,Census Tract 4038
2019-2023,26161404100,total,3307,382,3307.0,382.0,100.0,Census Tract 4041
2019-2023,26161404100,0-4,241,82.87943049997388,241.0,82.9,100.0,Census Tract 4041
2019-2023,26161404100,5-9,121,48.104053883222775,121.0,48.1,100.0,Census Tract 4041
2019-2023,26161404100,10-14,182,86.4060183089118,182.0,86.4,100.0,Census Tract 4041
2019-2023,26161404100,15-17,40,36.99999999999999,40.0,37.0,100.0,Census Tract 4041
2019-2023,26161404200,total,1986,266,1986.0,266.0,100.0,Census Tract 4042
2019-2023,26161404200,0-4,61,61.68468205316454,61.0,61.7,100.0,Census Tract 4042
2019-2023,26161404200,5-9,50,52.773099207835045,50.0,52.8,100.0,Census Tract 4042
2019-2023,26161404200,10-14,194,65.06919393998976,194.0,65.1,100.0,Census Tract 4042
2019-2023,26161404200,15-17,45,43.26661530556787,45.0,43.3,100.0,Census Tract 4042
2019-2023,26161404300,total,2739,312,2739.0,312.0,100.0,Census Tract 4043
2019-2023,26161404300,0-4,138,48.16637831516918,138.0,48.2,100.0,Census Tract 4043
2019-2023,26161404300,5-9,131,58.25804665451803,131.0,58.3,100.0,Census Tract 4043
2019-2023,26161404300,10-14,130,80.62257748298549,130.0,80.6,100.0,Census Tract 4043
2019-2023,26161404300,15-17,195,98.79271228182775,195.0,98.8,100.0,Census Tract 4043
2019-2023,26161404400,total,2195,263,2195.0,263.0,100.0,Census Tract 4044
2019-2023,26161404400,0-4,213,97.082439194738,213.0,97.1,100.0,Census Tract 4044
2019-2023,26161404400,5-9,74,41.48493702538308,74.0,41.5,100.0,Census Tract 4044
2019-2023,26161404400,10-14,151,50.774009099144415,151.0,50.8,100.0,Census Tract 4044
2019-2023,26161404400,15-17,54,24.839484696748443,54.0,24.8,100.0,Census Tract 4044
2019-2023,26161404500,total,4059,491,4059.0,491.0,100.0,Census Tract 4045
2019-2023,26161404500,0-4,123,61.85466837676846,123.0,61.9,100.0,Census Tract 4045
2019-2023,26161404500,5-9,63,32.64965543462902,63.0,32.6,100.0,Census Tract 4045
2019-2023,26161404500,10-14,56,52.773099207835045,56.0,52.8,100.0,Census Tract 4045
2019-2023,26161404500,15-17,44,45.221676218380054,44.0,45.2,100.0,Census Tract 4045
2019-2023,26161404600,total,5392,690,5392.0,690.0,100.0,Census Tract 4046
2019-2023,26161404600,0-4,182,103.47946656221224,182.0,103.5,100.0,Census Tract 4046
2019-2023,26161404600,5-9,141,109.59014554237987,141.0,109.6,100.0,Census Tract 4046
2019-2023,26161404600,10-14,186,113.00442469213317,186.0,113.0,100.0,Census Tract 4046
2019-2023,26161404600,15-17,52,61.84658438426491,52.0,61.8,100.0,Census Tract 4046
2019-2023,26161405100,total,1989,334,1989.0,334.0,100.0,Census Tract 4051
2019-2023,26161405100,0-4,107,76.84399781375251,107.0,76.8,100.0,Census Tract 4051
2019-2023,26161405100,5-9,42,64.93843238021687,42.0,64.9,100.0,Census Tract 4051
2019-2023,26161405100,10-14,116,73.34848328356898,116.0,73.3,100.0,Census Tract 4051
2019-2023,26161405100,15-17,26,27.459060435491963,26.0,27.5,100.0,Census Tract 4051
2019-2023,26161405200,total,4919,593,4919.0,593.0,100.0,Census Tract 4052
2019-2023,26161405200,0-4,221,126.57013865837392,221.0,126.6,100.0,Census Tract 4052
2019-2023,26161405200,5-9,339,142.1724305201258,339.0,142.2,100.0,Census Tract 4052
2019-2023,26161405200,10-14,144,92.69843580125827,144.0,92.7,100.0,Census Tract 4052
2019-2023,26161405200,15-17,68,51.97114584074513,68.0,52.0,100.0,Census Tract 4052
2019-2023,26161405300,total,5084,493,5084.0,493.0,100.0,Census Tract 4053
2019-2023,26161405300,0-4,206,103.58571330062847,206.0,103.6,100.0,Census Tract 4053
2019-2023,26161405300,5-9,335,99.08582138732059,335.0,99.1,100.0,Census Tract 4053
2019-2023,26161405300,10-14,407,119.03780911962383,407.0,119.0,100.0,Census Tract 4053
2019-2023,26161405300,15-17,225,88.41379982785492,225.0,88.4,100.0,Census Tract 4053
2019-2023,26161405400,total,2139,363,2139.0,363.0,100.0,Census Tract 4054
2019-2023,26161405400,0-4,88,51.61395160225576,88.0,51.6,100.0,Census Tract 4054
2019-2023,26161405400,5-9,72,53.141321022345686,72.0,53.1,100.0,Census Tract 4054
2019-2023,26161405400,10-14,194,127.00393694685218,194.0,127.0,100.0,Census Tract 4054
2019-2023,26161405400,15-17,32,26.925824035672523,32.0,26.9,100.0,Census Tract 4054
2019-2023,26161405500,total,2953,426,2953.0,426.0,100.0,Census Tract 4055
2019-2023,26161405500,0-4,152,71.56116265125938,152.0,71.6,100.0,Census Tract 4055
2019-2023,26161405500,5-9,172,122.9308748850345,172.0,122.9,100.0,Census Tract 4055
2019-2023,26161405500,10-14,161,114.96521212958292,161.0,115.0,100.0,Census Tract 4055
2019-2023,26161405500,15-17,49,34.40930106817051,49.0,34.4,100.0,Census Tract 4055
2019-2023,26161405600,total,4779,789,4779.0,789.0,100.0,Census Tract 4056
2019-2023,26161405600,0-4,519,199.1808223700264,519.0,199.2,100.0,Census Tract 4056
2019-2023,26161405600,5-9,328,130.38404810405297,328.0,130.4,100.0,Census Tract 4056
2019-2023,26161405600,10-14,340,147.648230602334,340.0,147.6,100.0,Census Tract 4056
2019-2023,26161405600,15-17,158,77.07788269017253,158.0,77.1,100.0,Census Tract 4056
2019-2023,26161406000,total,3867,208,3867.0,208.0,100.0,Census Tract 4060
2019-2023,26161406000,0-4,167,84.15461959987698,167.0,84.2,100.0,Census Tract 4060
2019-2023,26161406000,5-9,287,107.5174404457249,287.0,107.5,100.0,Census Tract 4060
2019-2023,26161406000,10-14,234,95.7131129992124,234.0,95.7,100.0,Census Tract 4060
2019-2023,26161406000,15-17,166,101.19288512538814,166.0,101.2,100.0,Census Tract 4060
2019-2023,26161407000,total,5180,458,1776.7,157.1,34.3,Census Tract 4070
2019-2023,26161407000,0-4,190,87.23531395025755,65.2,29.9,34.3,Census Tract 4070
2019-2023,26161407000,5-9,289,99.02019995940222,99.1,34.0,34.3,Census Tract 4070
2019-2023,26161407000,10-14,380,112.8937553631732,130.3,38.7,34.3,Census Tract 4070
2019-2023,26161407000,15-17,342,127.20062892926276,117.3,43.6,34.3,Census Tract 4070
2019-2023,26161414000,total,3992,678,3992.0,678.0,100.0,Census Tract 4140
2019-2023,26161414000,0-4,339,133.22537295875736,339.0,133.2,100.0,Census Tract 4140
2019-2023,26161414000,5-9,288,138.2316895650198,288.0,138.2,100.0,Census Tract 4140
2019-2023,26161414000,10-14,223,156.01602481796544,223.0,156.0,100.0,Census Tract 4140
2019-2023,26161414000,15-17,168,105.34229919647665,168.0,105.3,100.0,Census Tract 4140
2019-2023,26161414200,total,2727,400,2727.0,400.0,100.0,Census Tract 4142
2019-2023,26161414200,0-4,140,76.00657866263946,140.0,76.0,100.0,Census Tract 4142
2019-2023,26161414200,5-9,17,19.79898987322333,17.0,19.8,100.0,Census Tract 4142
2019-2023,26161414200,10-14,136,60.033324079214545,136.0,60.0,100.0,Census Tract 4142
2019-2023,26161414200,15-17,192,101.39033484509261,192.0,101.4,100.0,Census Tract 4142
2019-2023,26161414300,total,2951,405,2951.0,405.0,100.0,Census Tract 4143
2019-2023,26161414300,0-4,133,73.24616030891995,133.0,73.2,100.0,Census Tract 4143
2019-2023,26161414300,5-9,183,73.81734213584231,183.0,73.8,100.0,Census Tract 4143
2019-2023,26161414300,10-14,103,71.58910531638176,103.0,71.6,100.0,Census Tract 4143
2019-2023,26161414300,15-17,102,60.53924347066125,102.0,60.5,100.0,Census Tract 4143
2019-2023,26161414500,total,2837,438,2837.0,438.0,100.0,Census Tract 4145
2019-2023,26161414500,0-4,150,50.80354318352216,150.0,50.8,100.0,Census Tract 4145
2019-2023,26161414500,5-9,169,53.2634959423431,169.0,53.3,100.0,Census Tract 4145
2019-2023,26161414500,10-14,190,65.19202405202648,190.0,65.2,100.0,Census Tract 4145
2019-2023,26161414500,15-17,68,38.07886552931954,68.0,38.1,100.0,Census Tract 4145
2019-2023,26161414700,total,1785,233,1785.0,233.0,100.0,Census Tract 4147
2019-2023,26161414700,0-4,62,28.844410203711917,62.0,28.8,100.0,Census Tract 4147
2019-2023,26161414700,5-9,41,32.64965543462901,41.0,32.6,100.0,Census Tract 4147
2019-2023,26161414700,10-14,11,18.601075237738275,11.0,18.6,100.0,Census Tract 4147
2019-2023,26161414700,15-17,32,28.284271247461902,32.0,28.3,100.0,Census Tract 4147
2019-2023,26161414900,total,3808,423,3808.0,423.0,100.0,Census Tract 4149
2019-2023,26161414900,0-4,162,64.03124237432849,162.0,64.0,100.0,Census Tract 4149
2019-2023,26161414900,5-9,183,68.62215385719104,183.0,68.6,100.0,Census Tract 4149
2019-2023,26161414900,10-14,157,75.00000000000001,157.0,75.0,100.0,Census Tract 4149
2019-2023,26161414900,15-17,161,71.61005515987262,161.0,71.6,100.0,Census Tract 4149
2019-2023,26161415200,total,2571,336,2571.0,336.0,100.0,Census Tract 4152
2019-2023,26161415200,0-4,201,79.32212806020776,201.0,79.3,100.0,Census Tract 4152
2019-2023,26161415200,5-9,94,45.48626166217664,94.0,45.5,100.0,Census Tract 4152
2019-2023,26161415200,10-14,58,43.65775990588615,58.0,43.7,100.0,Census Tract 4152
2019-2023,26161415200,15-17,119,85.42247947700886,119.0,85.4,100.0,Census Tract 4152
2019-2023,26161415400,total,1999,276,1401.3,193.5,70.1,Census Tract 4154
2019-2023,26161415400,0-4,161,112.6410227226298,112.9,79.0,70.1,Census Tract 4154
2019-2023,26161415400,5-9,60,38.8329756778952,42.1,27.2,70.1,Census Tract 4154
2019-2023,26161415400,10-14,147,49.09175083453431,103.0,34.4,70.1,Census Tract 4154
2019-2023,26161415400,15-17,41,38.0525951808809,28.7,26.7,70.1,Census Tract 4154
2019-2023,26161415800,total,3559,485,1380.9,188.2,38.8,Census Tract 4158
2019-2023,26161415800,0-4,72,56.85068161420759,27.9,22.1,38.8,Census Tract 4158
2019-2023,26161415800,5-9,150,62.369864518050704,58.2,24.2,38.8,Census Tract 4158
2019-2023,26161415800,10-14,380,151.18200951171403,147.4,58.7,38.8,Census Tract 4158
2019-2023,26161415800,15-17,141,88.25531145489204,54.7,34.2,38.8,Census Tract 4158
2019-2023,26161416000,total,3188,425,3188.0,425.0,100.0,Census Tract 4160
2019-2023,26161416000,0-4,165,97.52948272189286,165.0,97.5,100.0,Census Tract 4160
2019-2023,26161416000,5-9,227,71.42128534267637,227.0,71.4,100.0,Census Tract 4160
2019-2023,26161416000,10-14,247,111.400179533069,247.0,111.4,100.0,Census Tract 4160
2019-2023,26161416000,15-17,94,66.84309986827361,94.0,66.8,100.0,Census Tract 4160
2019-2023,26161416200,total,5476,602,980.2,107.8,17.9,Census Tract 4162
2019-2023,26161416200,0-4,336,150.71164520368026,60.1,27.0,17.9,Census Tract 4162
2019-2023,26161416200,5-9,269,88.61715409558128,48.2,15.9,17.9,Census Tract 4162
2019-2023,26161416200,10-14,437,167.72596698186,78.2,30.0,17.9,Census Tract 4162
2019-2023,26161416200,15-17,178,66.70832032063166,31.9,11.9,17.9,Census Tract 4162
2019-2023,26161425000,total,4420,285,1798.9,116.0,40.7,Census Tract 4250
2019-2023,26161425000,0-4,112,57.48912940721924,45.6,23.4,40.7,Census Tract 4250
2019-2023,26161425000,5-9,217,80.7093550959243,88.3,32.8,40.7,Census Tract 4250
2019-2023,26161425000,10-14,287,87.78382538941898,116.8,35.7,40.7,Census Tract 4250
2019-2023,26161425000,15-17,299,145.66399692442877,121.7,59.3,40.7,Census Tract 4250
2019-2023,26161453000,total,5272,625,3764.2,446.3,71.4,Census Tract 4530
2019-2023,26161453000,0-4,214,90.42676594902639,152.8,64.6,71.4,Census Tract 4530
2019-2023,26161453000,5-9,220,197.7321420508057,157.1,141.2,71.4,Census Tract 4530
2019-2023,26161453000,10-14,604,173.24260445975753,431.3,123.7,71.4,Census Tract 4530
2019-2023,26161453000,15-17,230,106.21205204683696,164.2,75.8,71.4,Census Tract 4530
2019-2023,26161455000,total,5279,533,1958.5,197.7,37.1,Census Tract 4550
2019-2023,26161455000,0-4,237,117.183616602322,87.9,43.5,37.1,Census Tract 4550
2019-2023,26161455000,5-9,472,166.78429182629878,175.1,61.9,37.1,Census Tract 4550
2019-2023,26161455000,10-14,440,201.71762441591463,163.2,74.8,37.1,Census Tract 4550
2019-2023,26161455000,15-17,290,163.52675622050356,107.6,60.7,37.1,Census Tract 4550
2019-2023,26161456000,total,5953,601,5953.0,601.0,100.0,Census Tract 4560
2019-2023,26161456000,0-4,272,124.5351356043747,272.0,124.5,100.0,Census Tract 4560
2019-2023,26161456000,5-9,350,142.1442928857856,350.0,142.1,100.0,Census Tract 4560
2019-2023,26161456000,10-14,535,154.8709139896837,535.0,154.9,100.0,Census Tract 4560
2019-2023,26161456000,15-17,327,142.12670403551897,327.0,142.1,100.0,Census Tract 4560
2019-2023,26161461000,total,7404,347,688.6,32.3,9.3,Census Tract 4610
2019-2023,26161461000,0-4,241,111.94641575325224,22.4,10.4,9.3,Census Tract 4610
2019-2023,26161461000,5-9,446,173.62315513778682,41.5,16.1,9.3,Census Tract 4610
2019-2023,26161461000,10-14,486,166.96406799069075,45.2,15.5,9.3,Census Tract 4610
2019-2023,26161461000,15-17,353,121.20231020900549,32.8,11.3,9.3,Census Tract 4610
2019-2023,26161464000,total,6972,19,369.5,1.0,5.3,Census Tract 4640
2019-2023,26161464000,0-4,218,88.11923740024082,11.6,4.7,5.3,Census Tract 4640
2019-2023,26161464000,5-9,510,219.73848092675982,27.0,11.6,5.3,Census Tract 4640
2019-2023,26161464000,10-14,803,230.2281477143922,42.6,12.2,5.3,Census Tract 4640
2019-2023,26161464000,15-17,406,193.79370474811608,21.5,10.3,5.3,Census Tract 4640
2019-2023,26161466000,total,2569,274,385.3,41.1,15.0,Census Tract 4660
2019-2023,26161466000,0-4,114,60.30754513325841,17.1,9.0,15.0,Census Tract 4660
2019-2023,26161466000,5-9,115,64.38167441127949,17.2,9.7,15.0,Census Tract 4660
2019-2023,26161466000,10-14,103,57.58472019555188,15.4,8.6,15.0,Census Tract 4660
2019-2023,26161466000,15-17,134,63.07138812488592,20.1,9.5,15.0,Census Tract 4660
2019-2023,26161980101,total,4091,382,4091.0,382.0,100.0,Census Tract 9801.01
2019-2023,26161980101,0-4,0,15.556349186104045,0.0,15.6,100.0,Census Tract 9801.01
2019-2023,26161980101,5-9,0,15.556349186104045,0.0,15.6,100.0,Census Tract 9801.01
2019-2023,26161980101,10-14,0,15.556349186104045,0.0,15.6,100.0,Census Tract 9801.01
2019-2023,26161980101,15-17,22,27.459060435491963,22.0,27.5,100.0,Census Tract 9801.01
2019-2023,26161980102,total,3396,450,3396.0,450.0,100.0,Census Tract 9801.02
2019-2023,26161980102,0-4,0,15.556349186104045,0.0,15.6,100.0,Census Tract 9801.02
2019-2023,26161980102,5-9,0,15.556349186104045,0.0,15.6,100.0,Census Tract 9801.02
2019-2023,26161980102,10-14,0,15.556349186104045,0.0,15.6,100.0,Census Tract 9801.02
2019-2023,26161980102,15-17,44,41.593268686170845,44.0,41.6,100.0,Census Tract 9801.02
2019-2023,26161980200,total,0,11,0.0,8.1,73.3,Census Tract 9802
2019-2023,26161980200,0-4,0,15.556349186104045,0.0,11.4,73.3,Census Tract 9802
2019-2023,26161980200,5-9,0,15.556349186104045,0.0,11.4,73.3,Census Tract 9802
2019-2023,26161980200,10-14,0,15.556349186104045,0.0,11.4,73.3,Census Tract 9802
2019-2023,26161980200,15-17,0,15.556349186104045,0.0,11.4,73.3,Census Tract 9802
2019-2023,26161980400,total,0,11,0.0,11.0,100.0,Census Tract 9804
2019-2023,26161980400,0-4,0,15.556349186104045,0.0,15.6,100.0,Census Tract 9804
2019-2023,26161980400,5-9,0,15.556349186104045,0.0,15.6,100.0,Census Tract 9804
2019-2023,26161980400,10-14,0,15.556349186104045,0.0,15.6,100.0,Census Tract 9804
2019-2023,26161980400,15-17,0,15.556349186104045,0.0,15.6,100.0,Census Tract 9804
2020-2024,26161400100,total,1759,461,1759.0,461.0,100.0,Census Tract 4001
2020-2024,26161400100,0-4,0,15.556349186104045,0.0,15.6,100.0,Census Tract 4001
2020-2024,26161400100,5-9,1,11.401754250991381,1.0,11.4,100.0,Census Tract 4001
2020-2024,26161400100,10-14,0,15.556349186104045,0.0,15.6,100.0,Census Tract 4001
2020-2024,26161400100,15-17,0,15.556349186104045,0.0,15.6,100.0,Census Tract 4001
2020-2024,26161400300,total,4862,1133,4862.0,1133.0,100.0,Census Tract 4003
2020-2024,26161400300,0-4,0,15.556349186104045,0.0,15.6,100.0,Census Tract 4003
2020-2024,26161400300,5-9,0,15.556349186104045,0.0,15.6,100.0,Census Tract 4003
2020-2024,26161400300,10-14,0,15.556349186104045,0.0,15.6,100.0,Census Tract 4003
2020-2024,26161400300,15-17,26,28.30194339616981,26.0,28.3,100.0,Census Tract 4003
2020-2024,26161400400,total,3413,479,3413.0,479.0,100.0,Census Tract 4004
2020-2024,26161400400,0-4,97,53.600373133029585,97.0,53.6,100.0,Census Tract 4004
2020-2024,26161400400,5-9,186,58.008620049092706,186.0,58.0,100.0,Census Tract 4004
2020-2024,26161400400,10-14,120,46.09772228646443,120.0,46.1,100.0,Census Tract 4004
2020-2024,26161400400,15-17,61,37.64306044943743,61.0,37.6,100.0,Census Tract 4004
2020-2024,26161400500,total,7039,996,7039.0,996.0,100.0,Census Tract 4005
2020-2024,26161400500,0-4,0,22.62741699796952,0.0,22.6,100.0,Census Tract 4005
2020-2024,26161400500,5-9,0,22.62741699796952,0.0,22.6,100.0,Census Tract 4005
2020-2024,26161400500,10-14,0,22.62741699796952,0.0,22.6,100.0,Census Tract 4005
2020-2024,26161400500,15-17,4,19.4164878389476,4.0,19.4,100.0,Census Tract 4005
2020-2024,26161400600,total,4896,678,4896.0,678.0,100.0,Census Tract 4006
2020-2024,26161400600,0-4,199,98.40731680114035,199.0,98.4,100.0,Census Tract 4006
2020-2024,26161400600,5-9,138,72.34638899074369,138.0,72.3,100.0,Census Tract 4006
2020-2024,26161400600,10-14,147,77.62087348130012,147.0,77.6,100.0,Census Tract 4006
2020-2024,26161400600,15-17,94,63.82005954243541,94.0,63.8,100.0,Census Tract 4006
2020-2024,26161400700,total,3029,854,3029.0,854.0,100.0,Census Tract 4007
2020-2024,26161400700,0-4,84,62.169124169478216,84.0,62.2,100.0,Census Tract 4007
2020-2024,26161400700,5-9,51,34.98571136907181,51.0,35.0,100.0,Census Tract 4007
2020-2024,26161400700,10-14,66,41.10960958218894,66.0,41.1,100.0,Census Tract 4007
2020-2024,26161400700,15-17,27,43.416586692184815,27.0,43.4,100.0,Census Tract 4007
2020-2024,26161400800,total,4149,890,4149.0,890.0,100.0,Census Tract 4008
2020-2024,26161400800,0-4,35,38.600518131237564,35.0,38.6,100.0,Census Tract 4008
2020-2024,26161400800,5-9,0,15.556349186104045,0.0,15.6,100.0,Census Tract 4008
2020-2024,26161400800,10-14,7,3.1622776601683795,7.0,3.2,100.0,Census Tract 4008
2020-2024,26161400800,15-17,58,44.553338819890925,58.0,44.6,100.0,Census Tract 4008
2020-2024,26161402100,total,2999,368,2999.0,368.0,100.0,Census Tract 4021
2020-2024,26161402100,0-4,127,114.17968295629483,127.0,114.2,100.0,Census Tract 4021
2020-2024,26161402100,5-9,33,31.622776601683793,33.0,31.6,100.0,Census Tract 4021
2020-2024,26161402100,10-14,119,56.61271941887265,119.0,56.6,100.0,Census Tract 4021
2020-2024,26161402100,15-17,0,15.556349186104045,0.0,15.6,100.0,Census Tract 4021
2020-2024,26161402201,total,4088,485,4088.0,485.0,100.0,Census Tract 4022.01
2020-2024,26161402201,0-4,0,15.556349186104045,0.0,15.6,100.0,Census Tract 4022.01
2020-2024,26161402201,5-9,8,9.055385138137416,8.0,9.1,100.0,Census Tract 4022.01
2020-2024,26161402201,10-14,8,11.401754250991381,8.0,11.4,100.0,Census Tract 4022.01
2020-2024,26161402201,15-17,35,34.058772731852805,35.0,34.1,100.0,Census Tract 4022.01
2020-2024,26161402300,total,2718,316,2718.0,316.0,100.0,Census Tract 4023
2020-2024,26161402300,0-4,42,35.468295701936405,42.0,35.5,100.0,Census Tract 4023
2020-2024,26161402300,5-9,69,52.3545604508337,69.0,52.4,100.0,Census Tract 4023
2020-2024,26161402300,10-14,97,57.245087125446844,97.0,57.2,100.0,Census Tract 4023
2020-2024,26161402300,15-17,93,48.82622246293481,93.0,48.8,100.0,Census Tract 4023
2020-2024,26161402500,total,2534,290,2534.0,290.0,100.0,Census Tract 4025
2020-2024,26161402500,0-4,163,65.86349520030045,163.0,65.9,100.0,Census Tract 4025
2020-2024,26161402500,5-9,132,61.22091146005587,132.0,61.2,100.0,Census Tract 4025
2020-2024,26161402500,10-14,186,110.9819805193618,186.0,111.0,100.0,Census Tract 4025
2020-2024,26161402500,15-17,25,31.953090617340916,25.0,32.0,100.0,Census Tract 4025
2020-2024,26161402601,total,2580,271,2580.0,271.0,100.0,Census Tract 4026.01
2020-2024,26161402601,0-4,168,75.7429864739964,168.0,75.7,100.0,Census Tract 4026.01
2020-2024,26161402601,5-9,108,48.54894437575342,108.0,48.5,100.0,Census Tract 4026.01
2020-2024,26161402601,10-14,90,56.79788728465171,90.0,56.8,100.0,Census Tract 4026.01
2020-2024,26161402601,15-17,12,15.556349186104045,12.0,15.6,100.0,Census Tract 4026.01
2020-2024,26161402700,total,5451,704,5451.0,704.0,100.0,Census Tract 4027
2020-2024,26161402700,0-4,322,151.60474926597783,322.0,151.6,100.0,Census Tract 4027
2020-2024,26161402700,5-9,176,86.2670273047588,176.0,86.3,100.0,Census Tract 4027
2020-2024,26161402700,10-14,323,153.40469353966975,323.0,153.4,100.0,Census Tract 4027
2020-2024,26161402700,15-17,182,108.45275469069469,182.0,108.5,100.0,Census Tract 4027
2020-2024,26161403100,total,1566,264,1566.0,264.0,100.0,Census Tract 4031
2020-2024,26161403100,0-4,79,33.97057550292606,79.0,34.0,100.0,Census Tract 4031
2020-2024,26161403100,5-9,73,31.240998703626616,73.0,31.2,100.0,Census Tract 4031
2020-2024,26161403100,10-14,76,38.28837943815329,76.0,38.3,100.0,Census Tract 4031
2020-2024,26161403100,15-17,85,35.0,85.0,35.0,100.0,Census Tract 4031
2020-2024,26161403200,total,3423,434,3423.0,434.0,100.0,Census Tract 4032
2020-2024,26161403200,0-4,229,89.37561188601732,229.0,89.4,100.0,Census Tract 4032
2020-2024,26161403200,5-9,179,63.81222453417527,179.0,63.8,100.0,Census Tract 4032
2020-2024,26161403200,10-14,194,76.36753236814714,194.0,76.4,100.0,Census Tract 4032
2020-2024,26161403200,15-17,26,23.853720883753123,26.0,23.9,100.0,Census Tract 4032
2020-2024,26161403300,total,4017,404,4017.0,404.0,100.0,Census Tract 4033
2020-2024,26161403300,0-4,278,88.41379982785492,278.0,88.4,100.0,Census Tract 4033
2020-2024,26161403300,5-9,287,134.40610105199838,287.0,134.4,100.0,Census Tract 4033
2020-2024,26161403300,10-14,162,95.0,162.0,95.0,100.0,Census Tract 4033
2020-2024,26161403300,15-17,84,53.907327887774215,84.0,53.9,100.0,Census Tract 4033
2020-2024,26161403400,total,2955,247,2955.0,247.0,100.0,Census Tract 4034
2020-2024,26161403400,0-4,115,61.22091146005587,115.0,61.2,100.0,Census Tract 4034
2020-2024,26161403400,5-9,163,51.039200620699376,163.0,51.0,100.0,Census Tract 4034
2020-2024,26161403400,10-14,205,53.075418038862395,205.0,53.1,100.0,Census Tract 4034
2020-2024,26161403400,15-17,87,37.589892258425,87.0,37.6,100.0,Census Tract 4034
2020-2024,26161403500,total,2783,279,2783.0,279.0,100.0,Census Tract 4035
2020-2024,26161403500,0-4,94,52.697248505021584,94.0,52.7,100.0,Census Tract 4035
2020-2024,26161403500,5-9,65,46.518813398452025,65.0,46.5,100.0,Census Tract 4035
2020-2024,26161403500,10-14,130,48.82622246293481,130.0,48.8,100.0,Census Tract 4035
2020-2024,26161403500,15-17,59,38.91015291668744,59.0,38.9,100.0,Census Tract 4035
2020-2024,26161403600,total,5654,699,5654.0,699.0,100.0,Census Tract 4036
2020-2024,26161403600,0-4,337,165.09694121939387,337.0,165.1,100.0,Census Tract 4036
2020-2024,26161403600,5-9,223,139.55644019535612,223.0,139.6,100.0,Census Tract 4036
2020-2024,26161403600,10-14,188,101.01980003939822,188.0,101.0,100.0,Census Tract 4036
2020-2024,26161403600,15-17,65,63.06346010171025,65.0,63.1,100.0,Census Tract 4036
2020-2024,26161403800,total,3576,515,3576.0,515.0,100.0,Census Tract 4038
2020-2024,26161403800,0-4,111,60.53924347066125,111.0,60.5,100.0,Census Tract 4038
2020-2024,26161403800,5-9,167,72.94518489934754,167.0,72.9,100.0,Census Tract 4038
2020-2024,26161403800,10-14,192,96.0052081920559,192.0,96.0,100.0,Census Tract 4038
2020-2024,26161403800,15-17,33,29.698484809834998,33.0,29.7,100.0,Census Tract 4038
2020-2024,26161404100,total,3208,396,3208.0,396.0,100.0,Census Tract 4041
2020-2024,26161404100,0-4,241,88.23831367382311,241.0,88.2,100.0,Census Tract 4041
2020-2024,26161404100,5-9,132,54.083269131959845,132.0,54.1,100.0,Census Tract 4041
2020-2024,26161404100,10-14,213,100.22474744293447,213.0,100.2,100.0,Census Tract 4041
2020-2024,26161404100,15-17,18,21.93171219946131,18.0,21.9,100.0,Census Tract 4041
2020-2024,26161404200,total,2058,261,2058.0,261.0,100.0,Census Tract 4042
2020-2024,26161404200,0-4,83,70.9365914038728,83.0,70.9,100.0,Census Tract 4042
2020-2024,26161404200,5-9,17,24.596747752497688,17.0,24.6,100.0,Census Tract 4042
2020-2024,26161404200,10-14,174,69.81403870282824,174.0,69.8,100.0,Census Tract 4042
2020-2024,26161404200,15-17,47,53.16013544000805,47.0,53.2,100.0,Census Tract 4042
2020-2024,26161404300,total,2821,315,2821.0,315.0,100.0,Census Tract 4043
2020-2024,26161404300,0-4,172,61.52235366108809,172.0,61.5,100.0,Census Tract 4043
2020-2024,26161404300,5-9,147,69.77105417004964,147.0,69.8,100.0,Census Tract 4043
2020-2024,26161404300,10-14,122,76.55063683601855,122.0,76.6,100.0,Census Tract 4043
2020-2024,26161404300,15-17,162,110.57124400132251,162.0,110.6,100.0,Census Tract 4043
2020-2024,26161404400,total,2243,257,2243.0,257.0,100.0,Census Tract 4044
2020-2024,26161404400,0-4,186,93.38094023943002,186.0,93.4,100.0,Census Tract 4044
2020-2024,26161404400,5-9,66,44.384682042344295,66.0,44.4,100.0,Census Tract 4044
2020-2024,26161404400,10-14,176,52.630789467763066,176.0,52.6,100.0,Census Tract 4044
2020-2024,26161404400,15-17,67,33.12099032335839,67.0,33.1,100.0,Census Tract 4044
2020-2024,26161404500,total,3831,436,3831.0,436.0,100.0,Census Tract 4045
2020-2024,26161404500,0-4,109,61.05735008989499,109.0,61.1,100.0,Census Tract 4045
2020-2024,26161404500,5-9,50,32.55764119219941,50.0,32.6,100.0,Census Tract 4045
2020-2024,26161404500,10-14,25,39.69886648255842,25.0,39.7,100.0,Census Tract 4045
2020-2024,26161404500,15-17,7,22.825424421026657,7.0,22.8,100.0,Census Tract 4045
2020-2024,26161404600,total,5327,738,5327.0,738.0,100.0,Census Tract 4046
2020-2024,26161404600,0-4,84,80.62257748298549,84.0,80.6,100.0,Census Tract 4046
2020-2024,26161404600,5-9,82,74.94664769020693,82.0,74.9,100.0,Census Tract 4046
2020-2024,26161404600,10-14,160,109.9317970379817,160.0,109.9,100.0,Census Tract 4046
2020-2024,26161404600,15-17,94,82.975900115636,94.0,83.0,100.0,Census Tract 4046
2020-2024,26161405100,total,2122,336,2122.0,336.0,100.0,Census Tract 4051
2020-2024,26161405100,0-4,121,73.06161783043132,121.0,73.1,100.0,Census Tract 4051
2020-2024,26161405100,5-9,47,69.87131027825369,47.0,69.9,100.0,Census Tract 4051
2020-2024,26161405100,10-14,183,72.62231062146124,183.0,72.6,100.0,Census Tract 4051
2020-2024,26161405100,15-17,32,34.40930106817051,32.0,34.4,100.0,Census Tract 4051
2020-2024,26161405200,total,5081,598,5081.0,598.0,100.0,Census Tract 4052
2020-2024,26161405200,0-4,180,107.82393055347222,180.0,107.8,100.0,Census Tract 4052
2020-2024,26161405200,5-9,337,156.2177966814281,337.0,156.2,100.0,Census Tract 4052
2020-2024,26161405200,10-14,213,106.79419459877022,213.0,106.8,100.0,Census Tract 4052
2020-2024,26161405200,15-17,70,50.32891812864647,70.0,50.3,100.0,Census Tract 4052
2020-2024,26161405300,total,5175,448,5175.0,448.0,100.0,Census Tract 4053
2020-2024,26161405300,0-4,171,74.4043009509531,171.0,74.4,100.0,Census Tract 4053
2020-2024,26161405300,5-9,444,141.4814475470194,444.0,141.5,100.0,Census Tract 4053
2020-2024,26161405300,10-14,416,118.25819210524064,416.0,118.3,100.0,Census Tract 4053
2020-2024,26161405300,15-17,249,96.89685237405804,249.0,96.9,100.0,Census Tract 4053
2020-2024,26161405400,total,2147,344,2147.0,344.0,100.0,Census Tract 4054
2020-2024,26161405400,0-4,106,54.48853090330112,106.0,54.5,100.0,Census Tract 4054
2020-2024,26161405400,5-9,45,42.449970553582254,45.0,42.4,100.0,Census Tract 4054
2020-2024,26161405400,10-14,185,121.65936051122414,185.0,121.7,100.0,Census Tract 4054
2020-2024,26161405400,15-17,107,70.66116330771806,107.0,70.7,100.0,Census Tract 4054
2020-2024,26161405500,total,2901,366,2901.0,366.0,100.0,Census Tract 4055
2020-2024,26161405500,0-4,145,64.14047084329829,145.0,64.1,100.0,Census Tract 4055
2020-2024,26161405500,5-9,145,90.24965373894794,145.0,90.2,100.0,Census Tract 4055
2020-2024,26161405500,10-14,121,104.31682510506155,121.0,104.3,100.0,Census Tract 4055
2020-2024,26161405500,15-17,54,36.235341863986875,54.0,36.2,100.0,Census Tract 4055
2020-2024,26161405600,total,4718,851,4718.0,851.0,100.0,Census Tract 4056
2020-2024,26161405600,0-4,477,190.0657780874821,477.0,190.1,100.0,Census Tract 4056
2020-2024,26161405600,5-9,336,118.92854997854805,336.0,118.9,100.0,Census Tract 4056
2020-2024,26161405600,10-14,364,153.68148880070103,364.0,153.7,100.0,Census Tract 4056
2020-2024,26161405600,15-17,109,67.62396025078685,109.0,67.6,100.0,Census Tract 4056
2020-2024,26161406000,total,3716,195,3716.0,195.0,100.0,Census Tract 4060
2020-2024,26161406000,0-4,142,79.2022726946645,142.0,79.2,100.0,Census Tract 4060
2020-2024,26161406000,5-9,228,99.12618221237011,228.0,99.1,100.0,Census Tract 4060
2020-2024,26161406000,10-14,225,95.25754563287887,225.0,95.3,100.0,Census Tract 4060
2020-2024,26161406000,15-17,179,96.83491106000976,179.0,96.8,100.0,Census Tract 4060
2020-2024,26161407000,total,5020,491,1721.9,168.4,34.3,Census Tract 4070
2020-2024,26161407000,0-4,209,96.15092303249095,71.7,33.0,34.3,Census Tract 4070
2020-2024,26161407000,5-9,262,102.62553288533998,89.9,35.2,34.3,Census Tract 4070
2020-2024,26161407000,10-14,369,120.95040305844374,126.6,41.5,34.3,Census Tract 4070
2020-2024,26161407000,15-17,329,135.60235986147146,112.8,46.5,34.3,Census Tract 4070
2020-2024,26161414000,total,3741,637,3741.0,637.0,100.0,Census Tract 4140
2020-2024,26161414000,0-4,241,144.99999999999997,241.0,145.0,100.0,Census Tract 4140
2020-2024,26161414000,5-9,260,121.49074038789954,260.0,121.5,100.0,Census Tract 4140
2020-2024,26161414000,10-14,190,130.18832512940628,190.0,130.2,100.0,Census Tract 4140
2020-2024,26161414000,15-17,110,93.64827814754526,110.0,93.6,100.0,Census Tract 4140
2020-2024,26161414200,total,2811,417,2811.0,417.0,100.0,Census Tract 4142
2020-2024,26161414200,0-4,101,68.8839603971781,101.0,68.9,100.0,Census Tract 4142
2020-2024,26161414200,5-9,52,34.132096331752024,52.0,34.1,100.0,Census Tract 4142
2020-2024,26161414200,10-14,149,63.25345840347388,149.0,63.3,100.0,Census Tract 4142
2020-2024,26161414200,15-17,149,102.88342918079665,149.0,102.9,100.0,Census Tract 4142
2020-2024,26161414300,total,2828,376,2828.0,376.0,100.0,Census Tract 4143
2020-2024,26161414300,0-4,145,81.39410298049853,145.0,81.4,100.0,Census Tract 4143
2020-2024,26161414300,5-9,133,73.05477397131551,133.0,73.1,100.0,Census Tract 4143
2020-2024,26161414300,10-14,95,60.41522986797286,95.0,60.4,100.0,Census Tract 4143
2020-2024,26161414300,15-17,103,69.06518659932803,103.0,69.1,100.0,Census Tract 4143
2020-2024,26161414500,total,2932,432,2932.0,432.0,100.0,Census Tract 4145
2020-2024,26161414500,0-4,164,51.039200620699376,164.0,51.0,100.0,Census Tract 4145
2020-2024,26161414500,5-9,181,55.86591089385368,181.0,55.9,100.0,Census Tract 4145
2020-2024,26161414500,10-14,196,67.35725647619564,196.0,67.4,100.0,Census Tract 4145
2020-2024,26161414500,15-17,55,29.206163733020464,55.0,29.2,100.0,Census Tract 4145
2020-2024,26161414700,total,1760,225,1760.0,225.0,100.0,Census Tract 4147
2020-2024,26161414700,0-4,55,29.27456233660889,55.0,29.3,100.0,Census Tract 4147
2020-2024,26161414700,5-9,50,39.35733730830885,50.0,39.4,100.0,Census Tract 4147
2020-2024,26161414700,10-14,8,17.029386365926403,8.0,17.0,100.0,Census Tract 4147
2020-2024,26161414700,15-17,15,21.095023109728988,15.0,21.1,100.0,Census Tract 4147
2020-2024,26161414900,total,3987,483,3987.0,483.0,100.0,Census Tract 4149
2020-2024,26161414900,0-4,140,63.63961030678928,140.0,63.6,100.0,Census Tract 4149
2020-2024,26161414900,5-9,221,90.52071586106685,221.0,90.5,100.0,Census Tract 4149
2020-2024,26161414900,10-14,184,80.05623023850173,184.0,80.1,100.0,Census Tract 4149
2020-2024,26161414900,15-17,112,61.84658438426491,112.0,61.8,100.0,Census Tract 4149
2020-2024,26161415200,total,2676,391,2676.0,391.0,100.0,Census Tract 4152
2020-2024,26161415200,0-4,240,90.13878188659973,240.0,90.1,100.0,Census Tract 4152
2020-2024,26161415200,5-9,78,45.48626166217664,78.0,45.5,100.0,Census Tract 4152
2020-2024,26161415200,10-14,62,48.66210024238576,62.0,48.7,100.0,Census Tract 4152
2020-2024,26161415200,15-17,141,107.56393447619885,141.0,107.6,100.0,Census Tract 4152
2020-2024,26161415400,total,2286,248,1602.5,173.8,70.1,Census Tract 4154
2020-2024,26161415400,0-4,165,95.21029356114809,115.7,66.7,70.1,Census Tract 4154
2020-2024,26161415400,5-9,51,30.805843601498726,35.8,21.6,70.1,Census Tract 4154
2020-2024,26161415400,10-14,119,53.33854141237835,83.4,37.4,70.1,Census Tract 4154
2020-2024,26161415400,15-17,35,35.05709628591621,24.5,24.6,70.1,Census Tract 4154
2020-2024,26161415800,total,3486,442,1352.6,171.5,38.8,Census Tract 4158
2020-2024,26161415800,0-4,91,57.3149195236284,35.3,22.2,38.8,Census Tract 4158
2020-2024,26161415800,5-9,143,56.639209034025185,55.5,22.0,38.8,Census Tract 4158
2020-2024,26161415800,10-14,319,157.9430277030297,123.8,61.3,38.8,Census Tract 4158
2020-2024,26161415800,15-17,119,80.52949770115296,46.2,31.2,38.8,Census Tract 4158
2020-2024,26161416000,total,3254,420,3254.0,420.0,100.0,Census Tract 4160
2020-2024,26161416000,0-4,199,97.3498844375277,199.0,97.3,100.0,Census Tract 4160
2020-2024,26161416000,5-9,215,80.80222769206306,215.0,80.8,100.0,Census Tract 4160
2020-2024,26161416000,10-14,248,107.62899237658968,248.0,107.6,100.0,Census Tract 4160
2020-2024,26161416000,15-17,103,69.42621983083912,103.0,69.4,100.0,Census Tract 4160
2020-2024,26161416200,total,5250,567,939.8,101.5,17.9,Census Tract 4162
2020-2024,26161416200,0-4,419,172.5688268488837,75.0,30.9,17.9,Census Tract 4162
2020-2024,26161416200,5-9,326,96.25487000666512,58.4,17.2,17.9,Census Tract 4162
2020-2024,26161416200,10-14,321,170.5197935724765,57.5,30.5,17.9,Census Tract 4162
2020-2024,26161416200,15-17,188,75.66372975210777,33.7,13.5,17.9,Census Tract 4162
2020-2024,26161425000,total,4476,287,1821.7,116.8,40.7,Census Tract 4250
2020-2024,26161425000,0-4,103,54.40588203494178,41.9,22.1,40.7,Census Tract 4250
2020-2024,26161425000,5-9,230,92.80086206496145,93.6,37.8,40.7,Census Tract 4250
2020-2024,26161425000,10-14,288,94.75230867899737,117.2,38.6,40.7,Census Tract 4250
2020-2024,26161425000,15-17,281,132.13629327327143,114.4,53.8,40.7,Census Tract 4250
2020-2024,26161453000,total,5237,682,3739.2,486.9,71.4,Census Tract 4530
2020-2024,26161453000,0-4,200,118.6001686339442,142.8,84.7,71.4,Census Tract 4530
2020-2024,26161453000,5-9,284,204.80478510034865,202.8,146.2,71.4,Census Tract 4530
2020-2024,26161453000,10-14,556,199.80490484470093,397.0,142.7,71.4,Census Tract 4530
2020-2024,26161453000,15-17,222,122.42957159118053,158.5,87.4,71.4,Census Tract 4530
2020-2024,26161455000,total,5571,629,2066.8,233.4,37.1,Census Tract 4550
2020-2024,26161455000,0-4,348,168.60901518009052,129.1,62.6,37.1,Census Tract 4550
2020-2024,26161455000,5-9,543,202.18061232472317,201.5,75.0,37.1,Census Tract 4550
2020-2024,26161455000,10-14,482,257.9922479455536,178.8,95.7,37.1,Census Tract 4550
2020-2024,26161455000,15-17,265,154.30165261590687,98.3,57.2,37.1,Census Tract 4550
2020-2024,26161456000,total,5787,595,5787.0,595.0,100.0,Census Tract 4560
2020-2024,26161456000,0-4,328,132.45754036671525,328.0,132.5,100.0,Census Tract 4560
2020-2024,26161456000,5-9,384,160.63934760823702,384.0,160.6,100.0,Census Tract 4560
2020-2024,26161456000,10-14,459,169.92056967889434,459.0,169.9,100.0,Census Tract 4560
2020-2024,26161456000,15-17,254,105.84894897919393,254.0,105.8,100.0,Census Tract 4560
2020-2024,26161461000,total,7223,297,671.7,27.6,9.3,Census Tract 4610
2020-2024,26161461000,0-4,158,71.44928271158501,14.7,6.6,9.3,Census Tract 4610
2020-2024,26161461000,5-9,456,175.86642658563346,42.4,16.4,9.3,Census Tract 4610
2020-2024,26161461000,10-14,553,171.95929750961417,51.4,16.0,9.3,Census Tract 4610
2020-2024,26161461000,15-17,369,120.7393887677091,34.3,11.2,9.3,Census Tract 4610
2020-2024,26161464000,total,6932,24,367.4,1.3,5.3,Census Tract 4640
2020-2024,26161464000,0-4,230,107.70329614269009,12.2,5.7,5.3,Census Tract 4640
2020-2024,26161464000,5-9,539,215.37177159507235,28.6,11.4,5.3,Census Tract 4640
2020-2024,26161464000,10-14,799,277.70487932335647,42.3,14.7,5.3,Census Tract 4640
2020-2024,26161464000,15-17,513,202.58825237411966,27.2,10.7,5.3,Census Tract 4640
2020-2024,26161466000,total,2546,312,381.9,46.8,15.0,Census Tract 4660
2020-2024,26161466000,0-4,110,53.150729063673246,16.5,8.0,15.0,Census Tract 4660
2020-2024,26161466000,5-9,124,56.58621740318043,18.6,8.5,15.0,Census Tract 4660
2020-2024,26161466000,10-14,99,52.773099207835045,14.8,7.9,15.0,Census Tract 4660
2020-2024,26161466000,15-17,114,59.03388857258176,17.1,8.9,15.0,Census Tract 4660
2020-2024,26161980101,total,4431,372,4431.0,372.0,100.0,Census Tract 9801.01
2020-2024,26161980101,0-4,0,15.556349186104045,0.0,15.6,100.0,Census Tract 9801.01
2020-2024,26161980101,5-9,0,15.556349186104045,0.0,15.6,100.0,Census Tract 9801.01
2020-2024,26161980101,10-14,0,15.556349186104045,0.0,15.6,100.0,Census Tract 9801.01
2020-2024,26161980101,15-17,42,33.421549934136806,42.0,33.4,100.0,Census Tract 9801.01
2020-2024,26161980102,total,3428,454,3428.0,454.0,100.0,Census Tract 9801.02
2020-2024,26161980102,0-4,0,15.556349186104045,0.0,15.6,100.0,Census Tract 9801.02
2020-2024,26161980102,5-9,0,15.556349186104045,0.0,15.6,100.0,Census Tract 9801.02
2020-2024,26161980102,10-14,0,15.556349186104045,0.0,15.6,100.0,Census Tract 9801.02
2020-2024,26161980102,15-17,40,46.32493928760188,40.0,46.3,100.0,Census Tract 9801.02
2020-2024,26161980200,total,0,11,0.0,8.1,73.3,Census Tract 9802
2020-2024,26161980200,0-4,0,15.556349186104045,0.0,11.4,73.3,Census Tract 9802
2020-2024,26161980200,5-9,0,15.556349186104045,0.0,11.4,73.3,Census Tract 9802
2020-2024,26161980200,10-14,0,15.556349186104045,0.0,11.4,73.3,Census Tract 9802
2020-2024,26161980200,15-17,0,15.556349186104045,0.0,11.4,73.3,Census Tract 9802
2020-2024,26161980400,total,0,11,0.0,11.0,100.0,Census Tract 9804
2020-2024,26161980400,0-4,0,15.556349186104045,0.0,15.6,100.0,Census Tract 9804
2020-2024,26161980400,5-9,0,15.556349186104045,0.0,15.6,100.0,Census Tract 9804
2020-2024,26161980400,10-14,0,15.556349186104045,0.0,15.6,100.0,Census Tract 9804
2020-2024,26161980400,15-17,0,15.556349186104045,0.0,15.6,100.0,Census Tract 9804
